Date,Open,High,Low,Close,Volume,VIX,RSI_14d,MACD,MACD_Signal,MACD_Diff,Historical_Vol_30d,Bollinger_Band_Width,ATR_14d,Distance_to_MA200,Volume_Ratio,SPY_QQQ_Correlation,Return_20d
2014-10-16,83.05413202941749,85.03817574728687,83.02657703464975,84.31253051757812,93165800,25.200000762939453,28.490452248474284,-1.3903363026544469,-0.7341436217093409,-0.656192680945106,0.16544258768295383,0.10367931671735606,1.460258780898488,0.29048511681491707,1.6054638896076208,0.9272856623510307,-8.248554735726065
2014-10-17,85.42396545410156,86.24146305749403,84.92795449116403,85.42396545410156,69546700,21.989999771118164,35.549116688939094,-1.4323592139899688,-0.8737867401654665,-0.5585724738245023,0.1702899096520651,0.105561837455166,1.4937354779711607,1.5752195368253605,1.1755320866185985,0.9307357967101246,-6.9814370615256305
2014-10-20,85.41479838351157,86.77423693866241,85.24028102750873,86.70075225830078,41479300,18.56999969482422,42.563154602156466,-1.3471080266501758,-0.9684509974624085,-0.37865702918776734,0.17711023630233966,0.10483713260236946,1.4966083660556266,3.044230924130148,0.7053948224200638,0.9320628014037026,-4.704690006665779
2014-10-21,87.77546294851237,88.97875213623047,87.55501585624337,88.97875213623047,53609800,16.079999923706055,52.49629762704773,-1.083243339450533,-0.9914094658600334,-0.09183387359049955,0.19367584447027822,0.10251435255055896,1.5524220454752025,5.685096377833205,0.8967254012008069,0.9391037570676284,-1.933526725806678
2014-10-22,89.25428839057693,89.37370275222543,88.46434556934796,88.51946258544922,39178000,17.8700008392334,50.59638701974164,-0.9008055761575804,-0.9732886879195429,0.07248311176196254,0.19220590271859464,0.09684990623783482,1.5064888410039359,5.080846332105583,0.6535666953568956,0.9395387711203581,-3.475536033584825
2014-10-23,89.41041737213352,90.34732934206536,89.25426771310603,89.851318359375,48123800,16.530000686645508,55.613051933513084,-0.641359510972066,-0.9069028525300475,0.26554334155798154,0.19782897111253778,0.0969675202580352,1.529444406404808,6.5950094285259695,0.816779244990324,0.9425936960717267,0.08184502880468347
2014-10-24,90.04422563900536,90.65046372340385,89.68599659200068,90.58616638183594,43157600,16.110000610351562,58.13881668744554,-0.3721605064170319,-0.7999543833074445,0.4277938768904126,0.19893100444373643,0.0965999250247155,1.489088886761834,7.39310467329449,0.7406290033472596,0.9385814508208933,-0.16194146109221874
2014-10-27,90.41164520989521,90.81580394707463,90.03504147608986,90.65046691894531,29545700,16.040000915527344,58.36208564019399,-0.151879072464439,-0.6703393211388435,0.5184602486744045,0.19688004402450565,0.09669104159489748,1.4384941427777578,7.396901677945689,0.5086920665200916,0.937998760728604,0.0405576495793758
2014-10-28,91.07298112184196,92.03744115015526,91.00868378662108,92.01907348632812,34495100,14.390000343322754,62.89798149761459,0.13161350449719578,-0.5099487560116357,0.6415622605088315,0.20011287558188826,0.10073524751583542,1.434814149094343,8.928532999264696,0.5976826717057029,0.9397715069397335,1.4070386741836582
2014-10-29,91.71594918156252,91.96395818016306,91.0270461977132,91.67920684814453,40552800,15.149999618530273,61.11743298253547,0.32511133577162354,-0.3429367376549839,0.6680480734266074,0.2004353963100348,0.10560525873331415,1.4031865162029555,8.448615511803121,0.7135289381988483,0.939434078145827,2.6746153646346027
2014-10-30,91.265869835276,92.09255483535497,91.06379050104741,91.87210083007812,35935800,14.520000457763672,61.7787606530849,0.4883947823571617,-0.17667043365255478,0.6650652160097165,0.19933501778503046,0.11053395133613264,1.3764420746389994,8.60210187778865,0.6427912923618383,0.9367947010551809,2.8906437977120003
2014-10-31,93.39689121631643,93.46118855958011,92.83658279306802,93.13970184326172,54254100,14.029999732971191,65.88509674120829,0.7118768252367573,0.001039018125307628,0.7108378071114497,0.20324344571441522,0.11831814468673138,1.3916310499863553,10.016739170642134,0.9596181627398256,0.939090359404189,3.2902424535682817
2014-11-03,93.30503268034072,93.66326171302947,93.16725066594864,93.41525268554688,33481000,14.729999542236328,66.72206679770157,0.9008383012336907,0.18099887474698423,0.7198394264867065,0.20117511336781696,0.12635007357726216,1.3296259656850267,10.253557955081636,0.5935369865495559,0.9418683371420717,3.8178799813360254
2014-11-04,93.12130345246231,93.34175743712086,92.46914284891763,93.10293579101562,22773300,14.890000343322754,64.78207866126658,1.0137049099155746,0.34754008178070234,0.6661648281348722,0.2012812481762311,0.13259235439395425,1.3022319564667568,9.802682544473612,0.41188632608042774,0.9423615262744056,4.9601350294817825
2014-11-05,93.71836786821974,93.71836786821974,92.79064315114229,93.11213684082031,25818600,14.170000076293945,64.81453648871988,1.091314958754296,0.4962950571754211,0.595019901578875,0.19913327476583995,0.13758841524166174,1.275481439367521,9.732677071468403,0.4840872075456451,0.9373358072745991,2.9659982726501166
2014-11-06,93.10294788217236,93.43362189422135,92.69878919902717,93.40606689453125,24671900,13.670000076293945,65.89585633281975,1.1631313265592524,0.6296623110521874,0.533469015507065,0.18836553247514998,0.14307407970037828,1.2368636719265673,9.994412857350426,0.4795936189608199,0.9369131715514989,4.986582244657467
2014-11-07,93.57141908741083,93.6081614289223,92.83658627295164,93.32341003417969,20931700,13.119999885559082,65.28821780259042,1.199548944081414,0.7436396376580328,0.45590930642338123,0.18639854298347777,0.14443017171315528,1.2036287779297172,9.80294752297524,0.43059630996795784,0.9363415666597171,7.5815336434870595
2014-11-10,93.36933886767368,93.77349060487047,93.121329816688,93.65408325195312,20360000,12.670000076293945,66.61454095412753,1.2407896823717977,0.8430696466007858,0.3977200357710119,0.1864047607966189,0.14107363431432354,1.1642382072334851,10.090636438298576,0.4466169370260248,0.9388073466029299,9.681603842072928
2014-11-11,93.67244104950865,93.947998046875,93.41524470759613,93.947998046875,15454000,12.920000076293945,67.79251667345443,1.2824069432213179,0.9309371059248923,0.35146983729642556,0.18649151797766927,0.13594078089412276,1.1191321452367269,10.332428148580947,0.36133529923678614,0.9381684972617551,10.01401223399181
2014-11-12,93.57140099101714,94.21437432340625,93.57140099101714,94.11333465576172,22050300,13.020000457763672,68.46655207626426,1.3135879802855897,1.0074672807970317,0.3061206994885579,0.17920420236837536,0.12580596991501042,1.0851208014618967,10.416423446906897,0.5737892723162933,0.9370382324066411,10.923422552564798
2014-11-13,94.28785986541118,94.86653586992045,94.07659319259324,94.51749420166016,28027800,13.789999961853027,70.11310327176031,1.3552885516721602,1.0770315349720576,0.2782570167001026,0.1792581769338717,0.10906208531549375,1.0640366497379912,10.786797971938277,0.796869928991127,0.9373138207090722,12.103733124169992
2014-11-14,94.48993759168006,94.8114242553711,94.17763125560616,94.8114242553711,19251300,13.3100004196167,71.28733320270058,1.3959624674229616,1.1408177214622386,0.255144745960723,0.17772797658095696,0.09343488452111767,1.0333049604542015,11.02412877660136,0.5894892137648226,0.9368762048370628,10.989256646383883
2014-11-17,94.59098496004354,94.80224463857662,94.07659924837344,94.52668762207031,23361600,13.989999771118164,68.48045855321881,1.3892070578199593,1.190495588733783,0.19871146908617643,0.17790919618727258,0.07897310735216179,1.0119849637787337,10.574249872794187,0.7357587985025058,0.9364795633186754,9.026375388825159
2014-11-18,94.60934210821628,95.36254241555858,94.60015477298869,95.23394775390625,26336800,13.859999656677246,71.48391329219942,1.4245025501826518,1.2372969810235568,0.18720556915909503,0.17207620255126024,0.07483402966780815,0.9994042373294146,11.283564598373944,0.8666825062211935,0.9374173293619817,7.029988022420008
2014-11-19,95.132935436953,95.132935436953,94.36136724524411,94.80226135253906,23760200,13.960000038146973,67.2704482379194,1.4014855443727754,1.2701346936934006,0.1313508506793748,0.1653517544789168,0.06394325473560121,0.9903453995674665,10.663392972522118,0.8022441036736461,0.9369441232663075,7.0976467587847925
2014-11-20,94.39807697608863,95.30743396551262,94.3245993167268,95.22476196289062,22874000,13.579999923706055,69.18487462630831,1.4011846848703158,1.2963446919287838,0.10483999294153201,0.15665698763690034,0.0582233542760471,0.9898089173687767,11.044188056557132,0.8067098623578189,0.9365957188513047,5.980372577310056
2014-11-21,96.0698264758219,96.16168582516379,95.1053663786921,95.40848541259766,34049100,12.899999618530273,70.00645185382675,1.3996370537852414,1.3170031643000755,0.08263388948516592,0.13363057301247058,0.054310468597292424,0.9945596694475564,11.153856216975447,1.2204304380170725,0.9348208126136577,5.32346077041701
2014-11-24,95.66564985965971,96.1984031124175,95.58297786835742,96.15247344970703,17928300,12.619999885559082,73.13057968206157,1.441823715538888,1.341967274547838,0.09985644099105007,0.1215807639704725,0.050976291757481154,0.9799423859027193,11.913542514758928,0.6562723235652473,0.9333339878268906,6.06947401129363
2014-11-25,96.29943084716797,96.58418212726842,96.05142890166863,96.29943084716797,17526000,12.25,73.71302052283556,1.470168001148565,1.3676074198679835,0.10256058128058143,0.1212553395354235,0.052204731621654045,0.9480003030239387,11.982502240248406,0.6621097977969719,0.9338986669235858,4.6515979771039495
2014-11-26,96.39133343815115,96.97919691378107,96.29029374628801,96.92407989501953,18973800,12.069999694824219,76.08590595136688,1.5254505649033092,1.3991760488750487,0.12627451602826056,0.11725744729816642,0.052809002157951125,0.9294933647717325,12.60324205935515,0.7472653674651392,0.9355339255008225,5.720897057456553
2014-11-28,97.18127634994022,97.59461544750489,97.11697900125492,97.3741683959961,17360400,13.329999923706055,77.65133769183548,1.5872835586363152,1.436797550827302,0.1504860078090131,0.11274041513891267,0.05391186529132072,0.9109963781798489,13.02118937550538,0.7096824040019278,0.9312230074816291,5.988833950901262
2014-12-01,97.10774561857566,97.29145023974615,95.91364455732115,96.2718734741211,35969500,14.15999984741211,66.21872279213935,1.529707151882846,1.455379471038411,0.07432768084443508,0.11916235921065768,0.05383820930426822,0.9502483396437843,11.646390230145808,1.5274983246970653,0.9315758691640011,3.362874873843036
2014-12-02,96.37291778054586,96.83218636357311,96.17083848275269,96.65766906738281,26031300,12.850000381469727,67.99479797287268,1.4979405881979204,1.4638916944703129,0.034048893727607554,0.11457556932839681,0.0546714458946022,0.9296125925849733,11.998290364000985,1.1232251997206533,0.9324591140774982,3.470971055177152
2014-12-03,96.80466698100628,96.97000401203327,96.22599087635432,96.83222198486328,32974300,12.5,68.79421774682487,1.4699061560705928,1.4650945867903689,0.004811569280223971,0.09240177009280477,0.054146459903332556,0.9163554885202577,12.100244644477963,1.3921697811893288,0.9307943284311646,4.005551664040574
2014-12-04,96.74036335441583,97.1628897378523,96.3821343117657,96.78629302978516,31008800,12.380000114440918,68.3107278949995,1.4275269418213554,1.4575810577965662,-0.030054115975210793,0.0898377038487766,0.05238624048580435,0.9066697697749965,11.949764780852282,1.2949980695387837,0.93157513112308,3.945947664423155
2014-12-05,96.9424558249472,97.08941819181358,96.58422673384636,96.79548645019531,25622200,11.890000343322754,68.35866430140514,1.3787891187035655,1.4418226699779662,-0.06303355127440069,0.08256782218614978,0.05057372532274609,0.877992747503012,11.862485329964825,1.0679222776051085,0.9316846401084272,3.6286931549009527
2014-12-08,96.54746842628077,96.96999479700052,95.6013760083774,96.1065673828125,32685800,14.210000038146973,60.921619197465056,1.2699350112422394,1.4074451382308208,-0.13751012698858145,0.08527929886361436,0.046286100001884135,0.9130374647258772,10.976490499384546,1.32975729522961,0.9322255225408322,2.9822713803679957
2014-12-09,94.98595448346855,96.48316790033711,94.64609312769068,96.40968322753906,46035100,15.350000381469727,62.83736743944136,1.1943584415998174,1.3648277989046202,-0.17046935730480284,0.08525524322499721,0.04265407915923961,0.9790401295773454,11.233999900491916,1.779888903624068,0.9375640957203588,2.9423169603536525
2014-12-10,96.23513692342038,96.47395855157949,94.71955618810793,94.89407348632812,39330100,18.530000686645508,49.7140304367636,1.0006317658961876,1.2919885923029337,-0.2913568264067461,0.09093088088973292,0.039911073781918195,1.0344231462840747,9.403543684969309,1.4535567978738875,0.9397472093874428,1.0070203294604285
2014-12-11,95.16966814248177,96.48317700924679,95.15129346860546,95.34419250488281,47576000,20.079999923706055,52.86262235417154,0.873355326116851,1.2082619390657172,-0.33490661294886626,0.09039915800198116,0.03678571906329442,1.0740431731865452,9.840936290997606,1.679106321283315,0.9397792242041644,1.3078463892743697
2014-12-12,94.4348385864718,95.51871312199792,94.29706356711743,94.30624389648438,46889400,21.079999923706055,45.74909187220933,0.6808852313050409,1.102786597513582,-0.42190136620854113,0.09702170985578133,0.03750839796974731,1.084586486164684,8.5705448680971,1.6015670897490197,0.9369383663162602,-0.22350392058115842
2014-12-15,94.79308258224148,95.14213137394024,93.06623432480389,93.33261108398438,52968400,20.420000076293945,40.27428985150681,0.44466148273392037,0.9711615745576496,-0.5265000918237293,0.09428578557301663,0.04312938091974408,1.1553943835198035,7.378130888667593,1.7106968288497373,0.9372373853337854,-1.5597415427529016
2014-12-16,92.74474610925412,94.12255256148735,91.81702113587568,91.83539581298828,65348600,23.56999969482422,33.61288971548838,0.13508255288809323,0.8039457702237384,-0.6688632173356451,0.10475581839795121,0.055307483311852035,1.2375470293835085,5.600727142047917,1.9765228815024194,0.9340979875091155,-2.847123787773198
2014-12-17,91.89963264637525,93.77344202047085,91.78021834744192,93.50707244873047,79715300,19.440000534057617,44.62570908561148,0.02434867790697126,0.648026351760385,-0.6236776738534138,0.11758571818603716,0.0586376611469802,1.291523932501039,7.45824340902113,2.2309636948862526,0.9373384528255845,-1.8132980369964247
2014-12-18,94.84814986136821,95.76668702870467,94.5909605757752,95.75749969482422,49840900,16.809999465942383,55.36125463201613,0.1168351524345752,0.541788111895223,-0.4249529594606478,0.13646206790138196,0.05816846813124246,1.3606732644634076,9.96355293997607,1.3457650545633884,0.9413650815891282,1.00761134666707
2014-12-19,95.85619415116956,96.56610034379183,95.61648255207741,96.17887878417969,51419900,16.489999771118164,57.04069978582999,0.22157889712774193,0.47774626894172684,-0.2561673718139849,0.13668269641516842,0.05823543993167759,1.3313121592670512,10.361063020010437,1.336878416625371,0.9380892836250507,1.0019629365530802
2014-12-22,96.02210562558115,96.4462062499669,95.97600482628066,96.41854858398438,33869200,15.25,58.00840097516597,0.3202369273176089,0.4462444006169033,-0.1260074732992944,0.13662597783240912,0.058551566738259335,1.2698042495827082,10.54855478180259,0.8807795043723401,0.9370078834587156,1.0586722627643264
2014-12-23,96.76891594954236,96.77813751860339,95.96680825714317,96.07744598388672,30156900,14.800000190734863,56.07246872782401,0.36667321731819413,0.4303301639571615,-0.06365694663896737,0.1370770026769894,0.05850822682922519,1.2370560361453875,10.070300945538758,0.7719653567974172,0.9350224513024213,-0.07802967841441522
2014-12-24,96.19730311832241,96.52920928136868,96.13276619961879,96.16043090820312,14291300,14.369999885559082,56.45323112467949,0.405496193847398,0.42536336993520885,-0.019867176087810856,0.136910932769244,0.058402819899311516,1.1809636976694284,10.079702061911677,0.3673538738042164,0.9365174840720502,-0.14434139199165363
2014-12-26,96.43699443051794,97.04549127961408,96.40933676173995,96.84265899658203,13924300,14.5,59.55690921767694,0.48571477004327335,0.43743364995682177,0.04828112008645158,0.13809976695640416,0.05826057851166644,1.1598277457938235,10.762824161565382,0.36025824505700194,0.9326138181596294,-0.08400481957185901
2014-12-29,96.75048255622319,97.03628789915658,96.69516017430325,96.82423400878906,17073800,15.0600004196167,59.43370775750278,0.5415590712269989,0.4582587342108572,0.08330033701614165,0.1377785693406237,0.05709528093380961,1.101349172869502,10.640683413574816,0.44190792890308156,0.9323822767830902,-0.5647641425502004
2014-12-30,96.54766423647588,96.76893269425462,96.04980493097564,96.17887878417969,18604000,15.920000076293945,55.131790014949395,0.5276587870433929,0.4721387447773644,0.05552004226602847,0.139283996650588,0.05701816175075613,1.0779977375083534,9.81153091144288,0.492582664606384,0.9324431176246223,-0.09659590759538705
2014-12-31,96.34478663705451,96.72279348247403,95.05404167722338,95.19233703613281,24367100,19.200000762939453,49.261757573529714,0.4320565584280729,0.46412230750750616,-0.03206574907943327,0.14242737961096624,0.0563848452768626,1.120194456632803,8.606750813636442,0.6465982416909402,0.9338865481588492,-1.5160018293307598
2015-01-02,95.66257739928218,96.06823504088565,94.44559040647778,94.90657043457031,31314600,17.790000915527344,47.67818204875528,0.329434609862048,0.43718476797841455,-0.10775015811636657,0.14105057832906048,0.05544973430489238,1.1560837550453082,8.20166596844886,0.8327889264651149,0.9312374404989212,-1.9886474882234828
2015-01-05,94.49167965869887,94.60231739237572,93.2470350493201,93.514404296875,36521300,19.920000076293945,40.797564819533534,0.1342225695470205,0.3765923282921358,-0.2423697587451153,0.14677613652819488,0.056880236364860524,1.1920445857742297,6.546534279818501,0.9641897569837248,0.928192009473515,-3.3805290299766533
2015-01-06,93.65268226339404,93.80941374808206,91.84564182053253,92.2605209350586,66205500,21.1200008392334,35.78804152335394,-0.12027582217857002,0.27721869819799466,-0.3974945203765647,0.15070422264605715,0.061665085920955154,1.2471679673296083,5.052538396554657,1.6589998590468433,0.928319480611472,-4.685100185399782
2015-01-07,92.86901981007617,93.6711203866686,92.64774437915813,93.4498519897461,37577400,19.309999465942383,42.94438026008848,-0.22342307261895655,0.17709034403460444,-0.400513416653561,0.15582383039743058,0.06272735726271608,1.2588416447782085,6.329131459426991,0.9358913643353647,0.9381528360845348,-2.764343234197675
2015-01-08,94.24275348445852,95.42286117353231,94.14133732049156,95.23847198486328,40212600,17.010000228881836,51.668221532289394,-0.15900837665697054,0.10987059989628944,-0.26887897655326,0.16439529605314998,0.06128398659575228,1.3098536118502093,8.275870533695757,1.0088376087202489,0.9384470206873474,-1.2148273943723864
2015-01-09,95.53348637969846,95.56114405097236,94.05834492779682,94.61152648925781,41410100,17.549999237060547,48.84880243208896,-0.1567417070865531,0.056548138499720936,-0.21328984558627404,0.16530407016871948,0.0613549772598952,1.3236354340877325,7.472904317714003,1.036176510403152,0.9392705910203524,-0.2977498875217144
2015-01-12,94.79590876904768,94.89732491235031,93.38531136455964,93.6250228881836,34129800,19.600000381469727,44.71418775058488,-0.23187504004914672,-0.0011364972100525936,-0.23073854283909412,0.16632453579409257,0.06232390151536719,1.3370910136379426,6.266438462045815,0.8686191241885757,0.9396927014602282,-1.803119384131524
2015-01-13,94.53778478596217,95.5335033324912,92.84137462883899,93.59738159179688,56162300,20.559999465942383,44.600277423827286,-0.29030274005864953,-0.05896974577977199,-0.23133299427887755,0.16545595258804563,0.0631934725110033,1.4338794200675324,6.150472383578707,1.4126867202447753,0.9415037148754788,-0.7516599913210298
2015-01-14,92.65696923962004,93.56049302965108,92.26052620429965,93.08106994628906,51354200,21.479999542236328,42.42612820407487,-0.37395838853899477,-0.12196747433161656,-0.2519909142073782,0.16323119870411917,0.06375340607407255,1.426949132026796,5.487394467364964,1.2943732387346123,0.940541761430635,-0.2695104473922516
2015-01-15,93.51438602017268,93.6618959355821,91.76266093296601,91.87329864501953,51005400,22.389999389648438,37.785902971883466,-0.5315853578081828,-0.20389105102692984,-0.327694306781253,0.1660360481367576,0.06359784794677027,1.4606838370688877,4.057652479412178,1.3092476101380994,0.9416308310749835,0.04127257436603582
2015-01-16,91.75345270975697,93.07185574233007,91.60594277289371,92.9520034790039,35362200,20.950000762939453,43.70774613800422,-0.5629737901906111,-0.2757075988596661,-0.287266191330945,0.17026978770475357,0.06478890304536251,1.4610573465237073,5.212608234272108,0.9624949714399564,0.9384883817824865,-0.5936117506308514
2015-01-20,93.5143853189178,93.92926442651562,92.46335168127445,93.68955993652344,30964100,19.889999389648438,47.39475732841234,-0.5223137985491775,-0.3250288387975684,-0.1972849597516091,0.1723585361847998,0.06475086805398836,1.4614041607178119,5.971887535975862,0.8650083947223596,0.9352808066063754,-2.1595590579236434
2015-01-21,93.41299176043611,94.61154263615822,93.08108558051298,94.16899871826172,40128800,18.850000381469727,49.701013914329124,-0.44625955699856945,-0.3492749824377686,-0.09698457456080084,0.17325483504571265,0.06315925148835551,1.4663365103554855,6.422481922794597,1.138995528038705,0.9338347068081241,-2.0897312292733505
2015-01-22,94.53776553339597,96.01289991265992,93.70800024693638,95.91148376464844,40887200,16.399999618530273,57.06786170756592,-0.24258566539390358,-0.3279371190289956,0.085351453635092,0.18095506100595862,0.06198267751649716,1.5262338785960607,8.283236111271568,1.149077028984214,0.93623423226077,-0.5258996601616217
2015-01-23,95.9022901768826,96.41859263575788,95.62570635669714,96.12356567382812,34783000,16.65999984741211,57.87652166732038,-0.06332937961073526,-0.27501557114534353,0.21168619153460827,0.18083263370440694,0.06208714128193214,1.4738519072006806,8.417302796267068,0.9712137309623764,0.9300094901185381,0.04800261858453059
2015-01-26,96.01290893554688,96.18808357748262,95.52427128593267,96.01290893554688,19960900,15.520000457763672,57.27038238983724,0.06900796351445138,-0.20621086421338455,0.2752188277278359,0.17467744542248553,0.06175475620530634,1.4159919346541996,8.196366748399617,0.5529728847732374,0.9267537516996924,-0.1534123456633396
2015-01-27,94.50087278496359,94.55618811815458,93.21012774988226,93.52359771728516,45253200,17.219999313354492,45.68033313107758,-0.026672881516773828,-0.17030326767406243,0.1436303861572886,0.19006528024648908,0.058065136216532455,1.515048309726372,5.297729330218058,1.2015014387128249,0.9209323303793492,-3.427271941607901
2015-01-28,95.02638901916262,95.12780515210686,93.02573809470722,93.04417419433594,43591700,20.440000534057617,43.840186552984335,-0.1395771535968322,-0.1641580448586164,0.0245808912617842,0.18807206798034504,0.05397209989321442,1.5569782202744624,4.662641093681725,1.1180291650861238,0.9165804115434648,-3.9040430870953213
2015-01-29,92.9704160299751,94.11365116251743,92.159093997779,93.9384765625,46539700,18.760000228881836,48.04458349888276,-0.1551039339359619,-0.16234722267408552,0.007243288738123632,0.18778877767314187,0.050278917935845734,1.5853767163076031,5.570839485247927,1.1523562730220491,0.9154319585138911,-2.329411872961251
2015-01-30,93.85547409700072,94.5746013369947,93.0810245073202,93.21009826660156,42927600,20.969999313354492,45.084124857699315,-0.22360547565298816,-0.17459887326986606,-0.0490066023831221,0.1830032445242978,0.04955831425628818,1.5788195815480963,4.661211160105468,1.039042391330131,0.9144924378255829,-2.0823511967973163
2015-02-02,93.42220138437479,94.10444976297788,91.96550300698233,94.02147674560547,43624700,19.43000030517578,48.86412185750962,-0.210001215417833,-0.18167934169945948,-0.028321873718373525,0.17701857379459113,0.04868337923830043,1.6188286654372,5.481890931486165,1.040415253152957,0.914198600949026,-0.9325947454555172
2015-02-03,94.36257653866353,94.98950943363263,93.74486521047184,94.92497253417969,30750400,17.329999923706055,52.763195089607635,-0.12487569260751741,-0.17031861188107109,0.04544291927355368,0.16463688346552288,0.04940814177363687,1.592101205274599,6.3991453089566175,0.7384549178536625,0.9173509337033096,1.5083967522550257
2015-02-04,94.53776967009394,95.4689511453108,94.32571579661045,94.8420181274414,34073200,18.329999923706055,52.368371804487865,-0.06337626766564597,-0.14893014303798607,0.0855538753723401,0.16405398260763912,0.047035207396302035,1.560039358376438,6.214023858115349,0.851086894755017,0.9165144589531075,2.7980518278234223
2015-02-05,95.0817354468878,95.72711168886438,94.84203090335066,95.6625747680664,23605500,16.850000381469727,55.884889661851204,0.05098678893598674,-0.1089467566431915,0.15993354557917824,0.16596270063926505,0.04868519103075063,1.5118289443083337,7.039055428543691,0.6000941114740496,0.9178009285226089,2.367818387302645
2015-02-06,95.8100598951792,96.04054984317605,94.74059019415112,95.08171081542969,34169300,17.290000915527344,52.90717864791738,0.09366970271341302,-0.06842346477187061,0.16209316748528363,0.16656577972115882,0.048409353616489494,1.4966954232166618,6.295203858444213,0.8753690517012468,0.9171146434448023,-0.1645985767794622
2015-02-09,94.71294416708994,95.22923946318288,94.54699110277495,94.77748107910156,22604700,18.549999237060547,51.363507658138964,0.10177423223122162,-0.034383925371252164,0.1361581576024738,0.16673662235853323,0.04855801076800356,1.4385206330160378,5.867934174390706,0.5933942958576434,0.9175070579677937,0.17540631253063488
2015-02-10,95.30299929186519,96.38169070817325,95.15548232861147,96.25261688232422,23686500,17.229999542236328,57.79380900478742,0.22463876550389728,0.017420612803777723,0.20721815270011956,0.1717881047632202,0.05165135559293829,1.4503555613057273,7.41080127944727,0.6304341056427266,0.9193034811848789,2.806508252904538
2015-02-11,96.36326235292711,96.82424238281557,96.17887315457052,96.60297393798828,20303600,16.959999084472656,59.17440051332666,0.3462888770325492,0.08319426564953201,0.26309461138301715,0.17213805515904684,0.055057900249563765,1.3928565375156785,7.696147577881542,0.5674757911774279,0.9193014995328805,3.2111927653057704
2015-02-12,97.22985552609096,97.76459376549816,97.08234565238851,97.72771453857422,22520300,15.34000015258789,63.32220643837133,0.5273753783962434,0.1720304881988743,0.3553448901973691,0.17416226009534505,0.06068249973315218,1.3763396296581214,8.840402923274633,0.6558591144854982,0.9213720830920733,4.992040374016349
2015-02-13,98.0043382234932,98.58517041663796,97.81994202678368,98.56673431396484,29030200,14.6899995803833,66.08990843743325,0.7301726435596976,0.283658919271039,0.4465137242886586,0.1725177318516062,0.06367323246566653,1.3392765045442374,9.66063105009483,0.8733950010740609,0.921589054356198,7.285507070783903
2015-02-17,98.56675620383241,98.72348773034595,98.31782304148997,98.65895080566406,17675300,15.800000190734863,66.39010407402523,0.8880946353354489,0.404546062483921,0.48354857285152786,0.17205741484861425,0.06814627219501257,1.2725899462807904,9.650046302724165,0.5463096597499011,0.9211113668732032,6.139671134629432
2015-02-18,98.53908649131542,98.85255656242951,98.41001264850281,98.7972412109375,15149600,15.449999809265137,66.86385011737835,1.0127336682261756,0.5261835836323719,0.48655008459380367,0.1652244489856845,0.07290720677270929,1.213300943969784,9.688904884089187,0.4799756172285064,0.9215305555757152,5.451708042896786
2015-02-19,98.73267661901204,99.35039506221406,98.70501894904689,99.28585815429688,19828100,15.289999961853027,68.55060464609244,1.137822197531321,0.6485113064121617,0.48931089111915926,0.15890319981004347,0.0786418078255943,1.1727348846267402,10.115806674984462,0.6490751429665249,0.919382137290978,5.433698463062098
2015-02-20,99.22132734583526,100.00499185700261,98.9078573209708,99.94967651367188,28336700,14.300000190734863,70.73047625574411,1.2758135674210394,0.7739717586139372,0.5018418088071022,0.15637404286458031,0.08686853887058973,1.1673348597271018,10.725460795564846,0.9470597455742193,0.9211290519496859,4.210332892912505
2015-02-23,99.89437778143206,100.07877402617432,99.67310932173883,100.05110931396484,17868000,14.5600004196167,71.06055882782954,1.3774787835412639,0.8946731635994025,0.48280561994186133,0.14800317172012747,0.09397174083150081,1.1129298486348431,10.70939643121223,0.614549426723201,0.9224669237497775,4.085932115194191
2015-02-24,99.92203032909524,100.24472198232606,99.61778885038758,100.12486267089844,19745000,13.6899995803833,71.31387729470123,1.4473167131510394,1.00520187350973,0.4421148396413095,0.14595546034816084,0.1000454582971501,1.0782157974422453,10.661878601798463,0.6793589287701883,0.9223367226111105,4.282709253306649
2015-02-25,99.97734695118595,100.36456847193608,99.65465531656412,99.87593078613281,19472300,13.84000015258789,69.11484568795638,1.4656815878423544,1.0972978163762548,0.3683837714660996,0.1418705737503632,0.10019886632617857,1.0519084658657967,10.26153725892701,0.701069878365962,0.923061696916591,6.79222487574771
2015-02-26,99.9773380155094,100.43831798491475,99.70074722026776,100.38299560546875,22255500,13.90999984741211,71.07165558977849,1.5038167135692646,1.1786015958148568,0.3252151177544078,0.14190541717686578,0.098314726593742,1.029455772921596,10.700648580404891,0.8332799791525559,0.9237181768474751,7.887459343563674
2015-02-27,100.34610248012233,100.41064641954516,99.78371346653542,99.94044494628906,27757600,13.34000015258789,67.07719665085483,1.4812539621834873,1.239132069088583,0.24212189309490428,0.1414056227067852,0.09620280462257712,1.0007041429278922,10.09573975097317,1.0771616741765995,0.9239559842169848,6.389254545549061
2015-03-02,100.1340576492576,100.880842860308,100.1156145136294,100.84396362304688,22988600,13.039999961853027,70.6980940928621,1.5187717697886,1.2950600092285864,0.22371176056001363,0.1348320990086158,0.09173937982853507,0.9963965551486806,10.965306605995575,0.9279978750420581,0.9247597685207062,8.1899552713814
2015-03-03,100.53972472227966,100.64114086876779,99.7376171184177,100.37377166748047,20788900,13.859999656677246,66.59346630441718,1.4933499329122242,1.3347179939653142,0.15863193894690997,0.13412462764231903,0.08682640886638564,1.0042501229687157,10.322058772128388,0.8797499329784666,0.9255693899996065,6.75621692165338
2015-03-04,100.04188702236353,100.18939697272542,99.44261158290034,99.98656463623047,21007400,14.229999542236328,63.33250628928222,1.4255259963092328,1.3528795944340979,0.07264640187513494,0.1344019562057982,0.08261359470565972,0.9990294059409595,9.776853681686335,0.9077092024197916,0.9258396813965349,5.332202861821478
2015-03-05,100.24470032232205,100.46596872284435,99.74684114565012,100.1617202758789,15381000,14.039999961853027,64.1868294820679,1.3701148036000887,1.356326636267296,0.013788167332792645,0.1341220026828188,0.07678485595500671,0.9790364181733359,9.851892978156974,0.6925662707483394,0.9261498517062272,5.609014077799657
2015-03-06,100.03265822558231,100.22626897806838,98.77879208510414,99.02772521972656,30990400,15.199999809265137,55.21697672775209,1.22062648798277,1.329186606610391,-0.10856011862762105,0.1302099686837926,0.07146461068471557,1.0124964520869713,8.497498596547002,1.372595829116461,0.9268289615281999,3.5177293312655955
2015-03-09,99.23053466651321,99.56244077036031,98.82487712158535,99.31351470947266,26237100,15.0600004196167,56.85343665321125,1.1123937613907344,1.2858280375664597,-0.17343427617572527,0.13027471734363702,0.06236928549543155,0.9928583947075423,8.702700015114024,1.182845581015394,0.9277637728240806,4.4507023041030935
2015-03-10,98.60361126201371,98.63127596834754,97.4696044921875,97.4696044921875,34234500,16.690000534057617,45.341126689523605,0.8678266361988278,1.2022277572929334,-0.3344011210941056,0.14215153199781977,0.05074139408170754,1.0536478106059433,6.59158399619736,1.5039650166521474,0.9283567750356108,2.8404673583159346
2015-03-11,97.61710968787253,97.73696897418411,96.87032443498943,96.9072036743164,25459700,16.8700008392334,42.51349147264795,0.6214605710337082,1.0860743200410885,-0.4646137490073803,0.11978295947282055,0.04791274639693805,1.0402904340765675,5.891054697291617,1.1141374151094743,0.9274138798823531,0.6800716834457265
2015-03-12,96.83343723056909,97.65398089461182,96.76890032555433,97.54335021972656,21473200,15.420000076293945,46.57225571630079,0.4721032863241561,0.963280113297702,-0.4911768269735459,0.11919750207448288,0.044324171655634646,1.0292040151466337,6.502511257050118,0.9372862557218539,0.9251322315850101,0.9734444431720446
2015-03-13,97.45116885691002,97.83839740143817,96.51077275504808,97.1192626953125,42021100,16.0,44.3254572200503,0.31587503240957915,0.8337990971200775,-0.5179240647104983,0.1179062291829411,0.046313103446039255,1.0505197745211665,5.957274240343673,1.7593084532935093,0.9247101148053868,-0.6225990714451402
2015-03-16,97.47882037216937,98.40999477851427,97.37740422351864,98.37311553955078,25674100,15.609999656677246,51.73875031007875,0.2898967124167626,0.7250186201794147,-0.435121907762652,0.11956468253867952,0.046569813584368694,1.0676777965697812,7.237868815066678,1.0825095115550083,0.9293610795868087,-0.1964341983750062
2015-03-17,98.1057759144255,98.68660823510452,97.87528589342627,98.52987670898438,19603800,15.65999984741211,52.58873799926839,0.27874482608186213,0.6357638613599041,-0.357019035278042,0.11777252265576954,0.04671045225335789,1.0493666926489575,7.320535711622406,0.8232176278878944,0.9235159103477673,-0.13082857219304245
2015-03-18,98.26250927478361,99.94969794815148,97.7554284055209,99.49793243408203,40622200,13.970000267028809,57.5596858658253,0.34405483251008206,0.5774220555899398,-0.2333672230798577,0.11790165625832179,0.046605110189769525,1.1311454676476447,8.279829814826124,1.6192362179050244,0.915275085869479,0.7092214464253344
2015-03-19,99.59931545645092,99.92199997766878,99.45180554703491,99.64541625976562,31314000,14.069999694824219,58.27741020005186,0.4030678796806342,0.5425512204080787,-0.1394833407274445,0.11767023743548613,0.0467335206435527,1.0839346792895177,8.344143238987922,1.2202689977283139,0.9114385541345055,0.36214432966874543
2015-03-20,100.46601330750248,100.78944000878877,100.27195728673068,100.29043579101562,31761400,13.020000457763672,61.35549108694195,0.49616435639909184,0.5332738476062814,-0.03710949120718954,0.11671323092379515,0.047229319902173904,1.0882267556990628,8.946853854773753,1.2294994075359262,0.9119777064367095,0.34093084563124876
2015-03-23,100.2349879621804,100.51220781293074,100.05941045491745,100.09637451171875,17268500,13.40999984741211,59.92312531563742,0.5479682249223572,0.5362127230694966,0.011755501852860561,0.11495208776860188,0.04729041537188166,1.04283894157865,8.643087315630899,0.6692486846880854,0.9148901652527541,0.04524207483982412
2015-03-24,100.08711745771933,100.54915752656696,99.71749104277879,99.73596954345703,22445300,13.619999885559082,57.25003979656315,0.5535603953863983,0.539682257532877,0.013878137853521322,0.11510756124301709,0.046853630856659334,1.0277551945936156,8.164401522184374,0.8653499541017888,0.9150315370336071,-0.38840815065052103
2015-03-25,99.89307786961915,99.98548448852038,97.41654241213145,97.45350646972656,41581400,15.4399995803833,43.89533153912446,0.3695565185533951,0.5056571097369806,-0.13610059118358553,0.12814574247699678,0.049090150866013,1.1378399718647099,5.616381550808549,1.5375868723048993,0.9164767568246556,-2.4254335327231757
2015-03-26,96.64955903420109,97.67528877198203,96.32613232638131,97.12084197998047,47846300,15.800000190734863,42.34491895085123,0.1946451284787969,0.44345471348534393,-0.24880958500654704,0.12824819920307895,0.05077664499015526,1.1529340057029958,5.186255961332682,1.6893194799600675,0.9168286920649672,-3.2497073889978245
2015-03-27,97.10235874554789,97.73996935271414,96.95450251479025,97.50894927978516,33878400,15.069999694824219,44.794767547583845,0.08634823847910411,0.372033418484096,-0.2856851800049919,0.12417479620349318,0.05156245170140357,1.1266863508616312,5.534490428035387,1.1833651107020833,0.9163559174598851,-2.432944607971943
2015-03-30,98.10035739283873,98.71024665860456,98.10035739283873,98.62708282470703,30570200,14.510000228881836,51.22498446402019,0.08971206057019288,0.3155691469013154,-0.2258570863311225,0.12617985272206508,0.04819035237470367,1.132015710001472,6.660944771026174,1.053856107352658,0.9164430341508055,-2.198327712134074
2015-03-31,98.34984338451753,98.55314213053381,97.55513395018379,97.58285522460938,30488100,15.289999961853027,45.8533923613029,0.008024966638686237,0.25406031084878955,-0.2460353442101033,0.12984457677253505,0.04676504121995084,1.1277252217530271,5.456321482918053,1.0337435393359862,0.9185171532974795,-2.7805236333221406
2015-04-01,97.58287063242223,97.6013561850724,96.44625590047893,97.07463073730469,32970500,15.109999656677246,43.46447706091669,-0.09660847023381791,0.18392655463226806,-0.28053502486608595,0.13048883385707827,0.046814536439046345,1.1296805833844876,4.8355449768030665,1.0956908796167366,0.9158244773515248,-2.9123251804079153
2015-04-02,97.1670645482809,97.45352724298922,96.82515223027366,97.13934326171875,19164200,14.670000076293945,43.86550675014469,-0.1723230302777381,0.11267663765026684,-0.2849996679280049,0.1295075270838058,0.04541109975410398,1.0938730426224217,4.833827427157239,0.6328950053863546,0.9131488612456049,-3.0174971095100145
2015-04-06,96.56642435888935,98.20204394691002,96.41856807626515,97.93406677246094,24451100,14.739999771118164,48.68003628695737,-0.16628301201613738,0.056884707716986005,-0.22316771973312338,0.1303181621594882,0.045024784045195894,1.1431303874811687,5.617590911636457,0.8163086115348732,0.9112901597681842,-1.1043962131200846
2015-04-07,97.87857768300874,98.59935914478982,97.76769256591797,97.76769256591797,19379400,14.779999732971191,47.756589294874985,-0.17292785735288874,0.010922194703011062,-0.1838500520558998,0.13025493182576803,0.044107340992360085,1.1208829725805027,5.365114909141679,0.6544801702916917,0.9045604035152083,-1.5565073374724125
2015-04-08,97.80464022145595,98.68252059881225,97.79540449602982,98.54390716552734,25866900,13.979999542236328,52.30265564815103,-0.11424299196579568,-0.014110842630750289,-0.1001321493350454,0.1326142492104589,0.04369560762282266,1.1061647626029152,6.124256489624753,0.8860958091586082,0.9024946253861962,1.1021925029212065
2015-04-09,98.49772404951648,99.20002711043571,98.16506159979028,99.1630630493164,23114700,13.09000015258789,55.62002751714198,-0.01757155408716926,-0.014802984922034084,-0.0027685691651351766,0.1339001855121137,0.04258127330412438,1.1010791017488095,6.709825768121967,0.7950096888226688,0.9010780488754074,2.3278551949362125
2015-04-10,99.12607192174367,99.57887625918625,98.90429466575807,99.56963348388672,17164300,12.579999923706055,57.700471184329665,0.09080139121465436,0.006317890305303603,0.08448350090935075,0.13359495302151222,0.04319483041887717,1.0706149940116212,7.063099718853389,0.5947581186581308,0.9014778765849686,2.0773156341213905
2015-04-13,99.64355601019811,100.15179582048275,99.2092372476577,99.32012939453125,17783500,13.9399995803833,55.966570628532445,0.1547707356340169,0.03600845937104626,0.11876227626297062,0.13319183296578058,0.04197941977032041,1.061468106784009,6.715452923554642,0.643224692073382,0.9004355268539225,2.2661484839762602
2015-04-14,99.21850406643291,99.50496670256149,98.46999423144732,99.03368377685547,23755700,13.670000076293945,53.96172985029018,0.18027503614075613,0.06486177472498825,0.11541326141576788,0.13047992429107663,0.04214397646643046,1.0595755613790208,6.330556218805848,0.8622290732317792,0.894954700511538,0.6714926468289972
2015-04-15,99.29242601728849,99.86535834482653,99.17229811562207,99.65281677246094,21128600,12.84000015258789,57.505084418489126,0.24759214831095733,0.10140784944218206,0.14618429886877526,0.13133735799801366,0.043162611714228485,1.0432969189927381,6.9164190134516454,0.7647604843466176,0.8926495994276524,1.1396949848960558
2015-04-16,99.38482764013455,99.68976874588658,99.24621420106233,99.51419830322266,16195300,12.600000381469727,56.45738143877575,0.2864540289801596,0.1384170853497776,0.148036943630382,0.13093552803998507,0.04318913548484731,1.0004581779807034,6.690665426265899,0.6133098844635712,0.8953675940165509,0.01634794687959129
2015-04-17,98.56239209341373,98.83036913251854,97.53666256383315,97.96173858642578,46514000,13.890000343322754,46.286277101751175,0.18979399763486526,0.14869246780679513,0.04110152982807014,0.13822957900713462,0.042556962748760696,1.0702494323670466,4.964565894595585,1.7121892161601155,0.8991504712681515,-1.6896689647526442
2015-04-20,98.45151505041495,99.60661541417967,98.4145509927537,99.43103790283203,28945900,13.300000190734863,54.61914784032804,0.2291093715632826,0.16477584855809263,0.06433352300518996,0.1416665706176408,0.04030579083171134,1.1112942463232496,6.4688224212600165,1.071054257229669,0.8936958249535856,-0.856909117410154
2015-04-21,100.00398112469534,100.17955865518609,99.73599696506301,99.85612487792969,22759800,13.25,56.71149701852635,0.29121115403278,0.1900629096530301,0.10114824437974987,0.14195458102231118,0.039581368807311,1.0853818538968785,6.854427152207446,0.8336868108561921,0.8976399170180652,-0.24001831730772194
2015-04-22,100.11486695237456,100.5676714235973,99.46801349373341,100.40133666992188,21429200,12.710000038146973,59.303248670299844,0.3800404296417952,0.22805841365078316,0.15198201599101202,0.13097868397171633,0.0416636284547673,1.0864015736088082,7.363335164018323,0.7864106974930618,0.899899019009386,0.6671285490185364
2015-04-23,100.0594156241251,101.23300157513343,100.0409371198563,100.78019714355469,29473200,12.479999542236328,61.04844525695816,0.4755275588031509,0.2775522426812567,0.19797531612189417,0.1295919101145543,0.04476242435675837,1.0939489222994028,7.685531480000801,1.1061867105740455,0.9065164817283148,3.4136182414960636
2015-04-24,101.8428942006635,102.28645586931646,101.67655945619032,102.14784240722656,32508100,12.289999961853027,66.61421302770022,0.6540202017289829,0.352845834490802,0.3011743672381809,0.13357613592898593,0.05156055107514938,1.1233996225467144,9.058726905071492,1.2562519189297237,0.8986340700001932,5.176026406651535
2015-04-27,102.52670975443331,102.7207728278121,101.66731476585325,101.88909912109375,31121300,13.119999885559082,64.72976307037732,0.7657711532559688,0.43543089824383535,0.33034025501213343,0.1329794047325604,0.055696700984045444,1.1184037967904383,8.694590522856952,1.2091012929694784,0.8970219416305286,4.492049061815351
2015-04-28,101.96299555865988,102.15705858515987,100.82638097585544,101.68577575683594,36849200,12.40999984741211,63.21637544003469,0.828379053135393,0.5140205292221469,0.31435852391324604,0.12895170359118172,0.05953348926124311,1.1335662119700092,8.394519761016275,1.4143855925291184,0.8925456308765715,3.1012708117558407
2015-04-29,101.12213064760465,101.71354161090477,100.49375561782642,101.04820251464844,34043900,13.390000343322754,58.590431775389966,0.8171300658791409,0.5746424365535457,0.2424876293255952,0.13071158098207433,0.05898727714439747,1.1397247677634619,7.639013019202675,1.297852840958044,0.8944112254163992,3.5511845621474913
2015-04-30,100.47525712306788,100.88184767309819,98.93203761782806,99.4587631225586,44080500,14.550000190734863,48.96990999516524,0.672211847253763,0.5941563186935892,0.07805552856017384,0.13636678680717385,0.05455094207338557,1.2094704912675274,5.878585227690368,1.6456274144679173,0.9008909003484042,2.455978835197059
2015-05-01,99.84689278020652,100.83565855333464,99.8284072236018,100.7709732055664,32874300,12.699999809265137,55.47064437269855,0.6556891259239137,0.6064628801396541,0.049226245784259604,0.14158058536595095,0.05027008814299545,1.2214294155181358,7.201878687002009,1.1966498913709969,0.9057520958268498,3.7385778222353228
2015-05-04,101.0943936061625,101.5656765675971,100.88185201957866,100.93730163574219,23507300,12.850000381469727,56.231746791859834,0.648540097933946,0.6148783236985125,0.033661774235433484,0.14047244401287387,0.04806045806326325,1.190948983126175,7.297598582774989,0.8571562444222383,0.9047950923536513,3.0665885347730404
2015-05-05,100.539925678332,100.72473889292903,99.24621202563607,99.29241180419922,47843300,14.3100004196167,47.57203510471402,0.5043319544234635,0.5927690498435028,-0.0884370954200393,0.14836060157157285,0.04417645210656392,1.2266733136247423,5.486197736588097,1.658464466279233,0.9100449970071617,1.5595328050247659
2015-05-06,99.46799936134379,99.75446198801663,97.95250828769889,98.60860443115234,42687200,15.149999618530273,44.50372091514348,0.3310522571915726,0.5404256913131168,-0.2093734341215442,0.14931272147985777,0.04400509787079533,1.267764769817099,4.700569211473556,1.4378136792575962,0.9103465500786623,0.06565323771496878
2015-05-07,98.58088013918976,99.47723909868972,98.50695202805781,99.20001220703125,29335800,15.130000114440918,47.64867090878897,0.238696963621976,0.48007994577488866,-0.24138298215291265,0.13410019875363424,0.043947482643479086,1.246516362732443,5.268879057814017,0.977859348093768,0.907229643944116,0.03726100886625172
2015-05-08,100.22576710527224,100.6508432761939,100.07791789590468,100.43830871582031,33023300,12.859999656677246,53.580306336346844,0.2624001221973913,0.4365439810593892,-0.1741438588619979,0.13780158420455357,0.043856092131387504,1.2611102703346002,6.5188361788361755,1.0724298435649435,0.9108271852590689,0.8724298780050876
2015-05-11,100.50295999335106,100.70625875620983,99.97623458511333,100.05015563964844,19679300,13.850000381469727,51.606457658146674,0.24701687999407795,0.398638560846327,-0.15162168085224903,0.13827658156659753,0.04329901623530285,1.2231755489604503,6.045027688814502,0.6371229250680528,0.9083720145367425,0.7350234535209887
2015-05-12,99.45875288809523,100.10561328096303,98.69177165323464,99.59736633300781,33665000,13.859999656677246,49.323788844288615,0.19602953038774729,0.3581167547546111,-0.1620872243668638,0.1353896223191997,0.04244066382688675,1.2367945545867316,5.503889184568251,1.0727068362158445,0.9092404694491286,0.5691826605404682
2015-05-13,100.03167922408493,100.54916186748004,99.65280296719047,99.8006591796875,20738400,13.760000228881836,50.38490589786002,0.17006531512772938,0.3205064668292347,-0.15044115170150535,0.13140359974712978,0.04232258156094479,1.2164374817214099,5.656982469602392,0.6612226899778932,0.9089954488347366,0.14835747951222888
2015-05-14,100.61385128920222,101.34387550520398,100.24422484327388,101.26071166992188,23904200,12.739999771118164,57.300273979379185,0.2642563386877015,0.3092564412009281,-0.045000102513226614,0.13604134180941388,0.04293940103020316,1.2397788277067723,7.130461300841495,0.7529081084349948,0.9124956561222056,1.755039377775569
2015-05-15,101.51945300214072,101.65806644445011,101.01120606373046,101.26071166992188,23937400,12.380000114440918,57.300273979379185,0.33504125642058113,0.31441340424485875,0.020627852175722383,0.13608814589062518,0.038341511355308874,1.1974275100648357,7.060279362710831,0.7817485964390325,0.9160107597654753,3.367613857307772
2015-05-18,101.09438011416599,101.9075681909085,101.02045200259683,101.70426940917969,17631100,12.729999542236328,59.299019098786836,0.4220649146829203,0.33594370633247106,0.08612120835044923,0.13488813977137848,0.03883514550248845,1.175262415653896,7.446131377556403,0.5866358516286531,0.915381795527037,2.2862393416521964
2015-05-19,101.81514578040048,101.97223770548332,101.42703383013523,101.59336853027344,14212900,12.850000381469727,58.56092830149639,0.47658919318443793,0.36407280370286443,0.1125163894815735,0.13478228618107502,0.03940525870653326,1.1302582342034815,7.244890762447895,0.47972398378587006,0.9155027630357943,1.7397467150537471
2015-05-20,101.66730152186695,102.26795506792729,101.12209758248014,101.65806579589844,21131900,12.880000114440918,58.88246090444044,0.5190374645596023,0.39506573587421207,0.12397172868539025,0.13331733530428008,0.040380811777601056,1.1313724664351723,7.2321893328561995,0.7136170750206502,0.9160400352504754,1.2517055725146164
2015-05-21,101.4825037834847,102.3234202863041,101.33465459353344,102.18480682373047,16771800,12.109999656677246,61.501571879260574,0.5883989276628085,0.4337323742319314,0.15466655343087715,0.1329809703827137,0.042460916891218295,1.1211862683162783,7.699731421524807,0.5787907849279316,0.9162698199773233,1.393735793327533
2015-05-22,102.0646595887228,102.45277864727682,101.99997425399259,102.08314514160156,13543800,12.130000114440918,60.69796116626006,0.6279267896090346,0.47257125730735206,0.15535553230168253,0.1327802425023899,0.04229522853144335,1.0734447058139889,7.504945437337905,0.4832050410475258,0.9207395276670289,-0.06333688906230428
2015-05-26,101.86136204190295,101.99996842971551,100.50296303996133,100.90955352783203,25488400,14.0600004196167,52.21581163409029,0.5581202075327383,0.4896810473524293,0.06843916018030899,0.13724538467036768,0.04102130996704438,1.109640234087292,6.187554129353063,0.9185853114430335,0.9230851535436327,-0.9613840947769514
2015-05-27,101.21450705896048,102.64683424395086,100.99272977650489,102.53594207763672,30572700,13.270000457763672,60.461768439469104,0.6268084938387801,0.5171065366496995,0.1097019571890806,0.14397908095852713,0.043251846766784625,1.1544716970895448,7.810668742787906,1.1144243606158502,0.9229458495578577,0.8360720213550943
2015-05-28,102.34188043523729,102.58214325725992,101.99073250318294,102.30491638183594,17302400,13.3100004196167,58.90672549946741,0.6550515857942969,0.5446955464786191,0.11035603931567783,0.143494647521457,0.04529460168093843,1.1142530583029326,7.4839621578551005,0.6505505413296085,0.922457744124557,1.2436776072343392
2015-05-29,102.24024182402749,102.37885527634523,101.45477499445765,101.69503784179688,30383000,13.84000015258789,54.893012164939485,0.6210631095079719,0.5599690590844897,0.06109405042348226,0.1447389793360651,0.044216950778367285,1.100669288558979,6.763254869275364,1.1725602455263893,0.9228437241607497,2.2484441280278267
2015-06-01,102.24023267076801,102.31416077874199,101.20526030964957,102.03693389892578,24570200,13.970000267028809,56.67519994011369,0.6146300786898564,0.570901263005563,0.04372881568429343,0.13629804749138844,0.045251278342870814,1.1012572300256533,7.04536381738865,0.9636706571537158,0.9228783212352625,1.2562751485756696
2015-06-02,101.65807367455365,102.21252043305192,101.15906947685328,101.71351623535156,19449600,14.239999771118164,54.4822971963091,0.5767859237900694,0.5720781951624643,0.004707728627605157,0.13059297139569806,0.04570036306928854,1.097842496180867,6.633966869860661,0.7689538671564351,0.9223198503951413,0.7690066873498713
2015-06-03,102.17556272963847,102.39734003679452,101.76896512470782,102.01847076416016,20507200,13.65999984741211,56.20307945872672,0.5648897429183819,0.5706405047136478,-0.005750761795265902,0.13034900181867218,0.043685468897324574,1.0682697322710162,6.88215466086649,0.8570814794134438,0.9227584814827345,2.74548569263946
2015-06-04,101.44552442139188,102.09238479910509,100.91879898320231,101.24222564697266,31374600,14.710000038146973,50.92555964353165,0.48720919593080225,0.5539542429570787,-0.06674504702627648,0.1317386737188133,0.03715229644905497,1.0757923096732853,6.006143871516885,1.343024637057679,0.916232114391462,2.6707823632765137
2015-06-05,101.12211154831188,101.36237440995288,100.38284445872733,101.00198364257812,22641700,14.210000038146973,49.38010413527746,0.4016315226306659,0.5234896988917962,-0.12185817626113027,0.13153930296765445,0.03222844711418526,1.0689164269270182,5.696177507678738,0.9832911680461313,0.9169365697281111,1.8165032397235548
2015-06-08,100.95575714634278,101.02968525093975,99.77293567347952,99.97623443603516,24549200,15.289999961853027,43.33337955330732,0.2481803430544005,0.46842782772431707,-0.22024748466991656,0.12837199097982552,0.0334801112039507,1.082333080536533,4.570601936651825,1.0861161080470776,0.9261377187797185,-0.4600578063222338
2015-06-09,99.73599314409785,100.17031203961551,99.0614113818776,99.80992126464844,27554600,14.470000267028809,42.42624252395808,0.11185964631788181,0.39711419144303,-0.2852545451251482,0.12828789574122548,0.03425536457775371,1.0842307646223452,4.346537900812937,1.1982081625012149,0.9263684003234094,-0.2401139443153455
2015-06-10,100.15181400833822,101.473249035329,100.04092889149908,101.17754364013672,30297900,13.220000267028809,51.430330305026175,0.11287900906960147,0.3402671549683443,-0.22738814589874284,0.13476693140181534,0.030540494751623255,1.1255948364836468,5.718781484261312,1.327216616326772,0.9279267576085517,1.5865653533904789
2015-06-11,101.51944966955165,101.78743376917333,101.14981618558477,101.32539367675781,17593500,12.850000381469727,52.29885834070049,0.12418558954207981,0.29705084188309144,-0.17286525234101163,0.13356463488571085,0.02691419977576651,1.0907393184197123,5.816660626465988,0.7760387157019095,0.930478754073413,1.5277799862274177
2015-06-12,100.78942638811141,101.0019679346186,100.35510756928934,100.49372100830078,27201800,13.779999732971191,47.187234430954355,0.0652845426901223,0.2506975820444976,-0.1854130393543753,0.12744476402488164,0.028176021482263544,1.0821355176374805,4.897096055506949,1.1911918070694745,0.9330332510884438,-0.7574415081352037
2015-06-15,99.74520667920011,100.15179712268012,99.16303171325873,99.99470520019531,31238800,15.390000343322754,44.384119827555075,-0.021414513383945177,0.19627516295880904,-0.2176896763427542,0.12233992666567235,0.030789957645207155,1.099889358880664,4.328305259901231,1.3464503786606141,0.9398716344027429,-1.2502444915194255
2015-06-16,99.89307943756302,100.70627461707338,99.84687965247379,100.5399398803711,16456900,14.8100004196167,48.01762903333268,-0.04560257982812743,0.14789961440142174,-0.19350219422954917,0.1233397248230056,0.03145410931765562,1.082711187860587,4.845511161811604,0.711122499664573,0.9420674899014584,-1.1448187333456206
2015-06-17,100.7062688127024,101.14058060834027,100.19802185480208,100.81715393066406,23296700,14.5,49.81292392114584,-0.041919715282929815,0.10993574846455144,-0.15185546374748127,0.1135773704736094,0.031639053578350854,1.0727002996947017,5.083185562365874,0.9873016296810501,0.9420692996284575,-0.7640406168617941
2015-06-18,101.1867727641167,102.46200078691768,101.13133021317763,102.28643035888672,43032400,13.1899995803833,58.07717028542966,0.07865067389454339,0.10367873355054984,-0.02502805965600645,0.11832662208314386,0.032666167335364565,1.1135679108774819,6.5558440729718805,1.7428120605750352,0.9458426671807543,0.6181157963893069
2015-06-19,102.33646848116459,102.41983067085901,101.70664830609675,101.78074645996094,27877600,13.960000038146973,54.7363907522644,0.1318788937187776,0.1093187655841954,0.02256012813458219,0.11875884777509735,0.03200478311596294,1.0849689432978233,5.970425676870591,1.1042098654672996,0.9412712776890336,-0.39542117495660056
2015-06-22,102.53095245361328,102.83660198371483,102.29940106409167,102.53095245361328,19120900,12.739999771118164,58.54611621881599,0.23192451394400848,0.13383991525615802,0.09808459868785047,0.11529374529944558,0.03307972239928001,1.0828894133303997,6.6878967182266,0.7490899788270594,0.9416005736461983,0.43866919596819987
2015-06-23,102.64210388491928,102.70693799399568,102.18826512138453,102.61431884765625,18127900,12.109999656677246,58.95949894499592,0.31431513086528184,0.16993495837798278,0.14438017248729906,0.1144740576432051,0.03465746543819485,1.0425882318504531,6.713130483095847,0.7205769417286628,0.9415947122103543,1.6893993286314801
2015-06-24,102.4939280404175,102.92923879166352,102.05861022278265,102.08639526367188,15815900,13.260000228881836,55.20517599245225,0.33317068294027763,0.20258210329044177,0.13058857964983586,0.11474133393404445,0.033715674327457874,1.0303053987811974,6.106865067029976,0.6476713006416147,0.9404078840694086,-0.43842852062982995
2015-06-25,102.48468755039079,102.58657076798474,101.7159349326875,101.88265228271484,18326700,14.010000228881836,53.781832513343225,0.32789373314558645,0.22764442926147072,0.10024930388411574,0.11497294457486974,0.033001117556148325,1.0189004299609146,5.834958363257694,0.7489194799282657,0.9379856280501001,-0.41275054421144874
2015-06-26,101.86410180133561,102.09565321680233,100.82674891614482,101.20648956298828,32311700,14.020000457763672,49.244114545731136,0.2660837836342722,0.23533230013603101,0.030751483498241194,0.1089701062422584,0.032879931691240136,1.0367578492963856,5.080679706182861,1.3152325714395035,0.9318207159822097,-0.48040522839335464
2015-06-29,100.0857764418403,100.64150546365194,98.77056616518061,98.81687927246094,50874900,18.850000381469727,37.27462295600935,0.02400070846360336,0.1930659818015455,-0.16906527333794213,0.1286833154520332,0.0386912315162187,1.13669824561862,2.561311072195535,1.965608069537265,0.9434298934195096,-3.155773604148593
2015-06-30,99.55782785876445,99.7708582343493,98.86317372928251,99.1688232421875,34809900,18.229999542236328,39.60307517049544,-0.13786372844080574,0.12688003975307527,-0.264743768193881,0.1284194892996946,0.04200482472977376,1.1236468682093164,2.8838269764207105,1.3061611509560407,0.9426352189663705,-2.5018238355618116
2015-07-01,100.15065628953415,100.35442274840383,99.49305085088557,99.9561538696289,21293000,16.09000015258789,44.56108173772508,-0.2003024967216902,0.061443532458122174,-0.2617460291798124,0.13089070872016625,0.042046499875256015,1.128072056638389,3.648624984766033,0.7977945157387664,0.9430457094165206,-2.021513240772632
2015-07-02,100.24323785879629,100.32659297314328,99.67825186248416,99.98389434814453,20499400,16.790000915527344,44.73322810210391,-0.24472619441947074,0.00020958708260358783,-0.24493578150207435,0.13086752944406613,0.04275132898496622,1.0938055604970125,3.6294840821166194,0.7840336999021268,0.943748595299087,-1.2428917783928184
2015-07-06,99.35408872362441,100.3266075977654,99.14106535609318,99.75235748291016,24311000,17.010000228881836,43.51858481109183,-0.29521236056127975,-0.05887480244617308,-0.23633755811510668,0.12982878962156072,0.04383207123106069,1.1003581805809561,3.3437291161626623,0.9268559278690988,0.9432725369807248,-1.2372293242181254
2015-07-07,99.86348626651787,100.09503766363615,98.02033912404494,100.0024185180664,44230800,16.09000015258789,45.24772901203588,-0.31145491686434923,-0.10939082532980832,-0.2020640915345409,0.13017239221697927,0.04379286093917647,1.16995392051026,3.5592873619013643,1.6253187972270497,0.940418804429096,0.02619030630524044
2015-07-08,99.28922759483164,99.40963883331555,98.07590064103809,98.26113891601562,39691500,19.65999984741211,36.79935676084452,-0.45953671792790374,-0.1794200038494274,-0.2801167140784763,0.13547560423637284,0.04842495295644206,1.2239942031186928,1.7222297508711255,1.4267017871020105,0.9448289421078119,-1.5517318609301167
2015-07-09,99.56712827514232,99.65974744630635,98.19634051618931,98.20560455322266,28381000,19.969999313354492,36.56487004033496,-0.574748428979106,-0.25848568887536316,-0.3162627401037429,0.12558594808857548,0.05297997527482534,1.2410951121900038,1.6267362536155947,1.0236751709626988,0.9472065915223228,-2.937350502878888
2015-07-10,99.51153709058147,100.0765231012192,99.1503174531427,99.70603942871094,26415800,16.829999923706055,46.486469103262316,-0.5387713643337548,-0.31454282396704153,-0.2242285403667133,0.13452067996982559,0.05309301667593485,1.2860825004618992,3.1315593824216474,0.9378702416021172,0.9496133446267099,-1.59817217509447
2015-07-13,100.56742442254416,101.53993624333818,100.5581603862349,101.45658111572266,25780700,13.899999618530273,55.27543796981157,-0.3648000097151538,-0.324594261116664,-0.0402057485984898,0.1436717357416404,0.053705112410568,1.3252120943308519,4.889353696726766,0.9176365272066682,0.9511558946038269,0.9581296202001877
2015-07-14,101.59551422121635,102.40130872694468,101.539937069298,102.12345123291016,21977200,13.369999885559082,58.09872504109624,-0.1711427850991214,-0.29390396591315554,0.12276118081403414,0.14463036761264858,0.055050405550644235,1.2980346312516495,5.511453449658226,0.7953648712642176,0.9490845876251951,2.1288587515238655
2015-07-15,102.31794317984664,102.63284972096406,101.94745949247016,102.23458099365234,28631500,13.229999542236328,58.56809752312849,-0.008601642049029579,-0.23684350114033034,0.22824185909130076,0.14432815971709306,0.056645496872787394,1.2542743167689532,5.563549165356597,1.013851646537354,0.9481907759121556,1.6855402094905214
2015-07-16,103.07740838603162,103.69796435970521,102.8736420504643,103.679443359375,29838900,12.109999656677246,64.18543874076695,0.2341031076581146,-0.14265417938064137,0.376757287038756,0.14970480112161205,0.06200350468214087,1.26921067743209,6.98329270882504,1.0445074960352583,0.9514402460912407,2.839089695667707
2015-07-17,104.51304077896438,105.20769500732422,104.3370665129239,105.20769500732422,35926800,11.949999809265137,68.97657716576498,0.5435003722775349,-0.005423269049006113,0.548923641326541,0.15305527764922916,0.07148147079960702,1.2877136038975991,8.479283610983934,1.2734511064468488,0.9333751647663443,2.8559649976911183
2015-07-20,105.42999168829378,105.94866459524525,105.10582112144911,105.56892395019531,26539000,12.25,69.99821855082638,0.8085278841909656,0.15736696159898822,0.6511609225919773,0.1527606133383941,0.08122423060816758,1.255937166033209,8.760473201313944,0.9429308168614747,0.9327629291351343,3.7218998897051714
2015-07-21,105.60595783948924,105.7726751276768,105.19843218666568,105.50408172607422,35468900,12.220000267028809,69.55542648627176,1.0017839296725697,0.3262503552137045,0.6755335744588652,0.14887717008523577,0.08853036587335422,1.2072447213887743,8.602969720054634,1.2246438297633588,0.9411820326025189,2.8997382754305745
2015-07-22,103.89246842515172,104.81867391789564,103.89246842515172,104.30926513671875,35575000,12.119999885559082,61.7980378114699,1.0464660159597372,0.47029348736291104,0.5761725285968262,0.15341584079193038,0.09145628467034157,1.236128191355469,7.294992574088299,1.1923922858336087,0.9330197382883985,1.65176391374664
2015-07-23,104.41118309642499,104.7538747204386,103.65169462196609,103.9202880859375,25698300,12.640000343322754,59.47257862507623,1.0385183015530686,0.5839384502009426,0.454579851352126,0.14965634330233193,0.09368299403234283,1.226560470435258,6.818296077477391,0.8473149549442615,0.9366443377215191,1.7964125557857091
2015-07-24,104.47598953698737,104.66122782162104,102.7439826034734,102.90143585205078,30844700,13.739999771118164,53.76555018886921,0.9391805317044088,0.6549868665016358,0.284193665202773,0.1528398803970964,0.09432431463569757,1.2758950952718568,5.6939051619345165,0.9964367630431271,0.937295515887994,0.9999578402306586
2015-07-27,102.31793978220249,102.76251453918051,101.82705191594458,102.0493392944336,35994800,15.600000381469727,49.48835946071596,0.782675368033523,0.6805245668080133,0.10215080122550968,0.15287629362531763,0.09429113514637014,1.2615014410457388,4.756173455815104,1.1559337432245673,0.9364638963639697,0.8328020614930542
2015-07-28,102.50317599193527,103.13299610677431,101.6881175765387,102.92922973632812,33553500,13.4399995803833,53.5937586253042,0.7213286754164869,0.6886853885297081,0.032643286886778866,0.15368109643248232,0.09112062944848298,1.2745998045593012,5.583752130971995,1.10836077657761,0.9305229781743672,4.16158706300418
2015-07-29,103.15154286560828,103.54054760709168,102.75327408750209,103.3182601928711,26714100,12.5,55.32273930029839,0.6960785261625091,0.6901640160562683,0.005914510106240778,0.1533369346116515,0.0884253886633862,1.2397907842043219,5.892812233323722,0.8943965499202415,0.9287319628826212,4.18421517471268
2015-07-30,103.07740936704845,103.98508678599444,102.45685338746885,103.80911254882812,25438100,12.130000114440918,57.47554323843533,0.7075194401719216,0.693635100879399,0.01388433929252264,0.15364918796777158,0.08736159681769157,1.2603938280844122,6.295548023360935,0.8458066436025277,0.9236393760321595,3.8546487935345874
2015-07-31,104.13333317710283,104.18890327175636,103.47572781360425,103.68875122070312,22081700,12.119999885559082,56.7533880928044,0.6988187461673618,0.6946718299369915,0.004146916230370334,0.14826167750856006,0.08556048623765372,1.221306801660676,6.072963835151078,0.7322813899607241,0.9235681424688037,3.705453660024749
2015-08-03,103.70723870457024,103.99436016975223,102.67914995754018,103.36454010009766,25001800,12.5600004196167,54.75758659890294,0.6581752213443508,0.6873725082184634,-0.029197286874112605,0.14777506248943897,0.08225641701159996,1.2280141881286315,5.641228915841126,0.8281702018983276,0.9234686996817106,3.621150124503414
2015-08-04,103.31823259674171,103.50347088138378,102.74398260813113,103.17003631591797,22132300,13.0,53.5411264520355,0.6033154601798714,0.670561098610745,-0.06724563843087361,0.14649531592030024,0.07883555609691434,1.1945480513517752,5.340929987798671,0.7609712188164878,0.9219405915093992,3.1675411902956085
2015-08-05,103.74428826351318,104.66122980266478,103.62387701647329,103.9665756225586,28989900,12.510000228881836,57.686784323218,0.6170003730715621,0.6598489535029085,-0.04284858043134643,0.1480860237589166,0.06807518142303906,1.2157370110228491,6.053835288698059,1.0154365096044722,0.9211705823348656,5.806401970792785
2015-08-06,104.0592078118728,104.19814007858864,101.83631274358518,102.2994155883789,42125400,13.770000457763672,48.02704491721508,0.48769800439889366,0.6254187636821056,-0.13772075928321192,0.15488754659066692,0.0532074136470153,1.2976006055928924,4.270248418607756,1.4408535655186236,0.9198281890800537,4.168612426735385
2015-08-07,102.04931934309805,102.41053891241744,101.32688020445924,102.16972351074219,30006800,13.390000343322754,47.36262041036109,0.3704891110188413,0.5744328331494527,-0.2039437221306114,0.15481566387858411,0.044102392912881615,1.282319041476128,4.0680974809027814,1.0200853481969148,0.9200288957255943,2.4709476939887454
2015-08-10,102.81810376717152,103.55906413801152,102.80883973094913,103.33677673339844,21500800,12.229999542236328,53.58529726488278,0.36753494609229165,0.5330532557380205,-0.1655183096457289,0.15678197549806913,0.04063279114139998,1.289963440461357,5.177465022653657,0.7362789674328535,0.9174234021016181,1.8532022240441925
2015-08-11,102.79030738448422,103.18857610143753,101.44730493597262,102.01229095458984,36123300,13.710000038146973,46.82042419322241,0.25537501177375077,0.4775176069451666,-0.22214259517141582,0.1448820554147372,0.04092154155656826,1.332785465958818,3.7651686793839434,1.2077622731138964,0.9200847023021487,-0.10884892449118944
2015-08-12,101.30837625734489,102.56801656639061,100.23398132691688,102.36425018310547,41889000,13.609999656677246,48.67470376430398,0.19266668246815755,0.4205474220497648,-0.22788073958160726,0.14486597656748462,0.04063964239810917,1.4043033069241695,4.060840753401494,1.3701683770738438,0.9196212725031454,0.12683495955363444
2015-08-13,102.46612550298352,102.95702041881685,101.97523765353829,102.19752502441406,22510500,13.489999771118164,47.82401664024938,0.1280405806668199,0.3620460537731759,-0.234005473106356,0.14358805019347093,0.04201756638337641,1.374123268235198,3.8304119316963128,0.7452392732704568,0.9197628151671375,-1.4293270555324034
2015-08-14,101.95672698671639,102.50318496768371,101.75296059842728,102.35499572753906,17924900,12.829999923706055,48.73533058134309,0.08851020850006819,0.30733888471855436,-0.21882867621848617,0.14359639291998502,0.0397299149512671,1.3295590611652859,3.9358268085867656,0.6116535929602629,0.9188060479383439,-2.7114929944872967
2015-08-17,102.10494307819903,103.23491548031357,101.84560653995452,103.2071304321289,21224900,13.020000457763672,53.47132543770248,0.12450701348198834,0.2707725104712412,-0.14626549698925284,0.144882564655358,0.03407417120569076,1.3338269096791266,4.739818339187342,0.7308866221635827,0.9195700698628283,-2.237205258604924
2015-08-18,103.06815044038224,103.15151261275948,102.54021356995118,102.67914581298828,13984400,13.789999961853027,50.36653133319629,0.10917232396678855,0.23845247317035068,-0.12928014920356212,0.14595446517279034,0.02702394772981472,1.2861904777147413,4.146881097289599,0.5000552462283274,0.9197808251666533,-2.677560779516064
2015-08-19,102.36423320625116,102.91069814955769,101.41024263035013,102.00301361083984,42511400,15.25,46.63235965873729,0.04197736507019556,0.19915745155031966,-0.1571800864801241,0.13724966546708217,0.0256562755569133,1.301495123535657,3.4145991004896104,1.5015048107675295,0.9174730732220435,-2.2109747613082043
2015-08-20,101.05829688477662,101.38246744209576,99.16883655104606,99.1781005859375,57747300,19.139999389648438,34.96759170222806,-0.23649581969935696,0.11202679730038435,-0.3485226169997413,0.16090697855674005,0.03923408830982997,1.4109724046969523,0.5212277954981698,1.9303806989006846,0.9272700787204247,-4.563293258077206
2015-08-21,97.77953030097153,98.61311680021363,94.84346008300781,94.84346008300781,97763400,28.030000686645508,24.74087118842941,-0.7977609952402531,-0.06993076120774314,-0.72783023403251,0.1996033887111734,0.07721142500456797,1.6198058402850048,-3.880593107132203,2.9392877496003944,0.9428574661696447,-7.830770972553324
2015-08-24,87.27637495084072,94.96387879002145,78.4866768907697,91.19422149658203,150829900,40.7400016784668,19.555560435448143,-1.5195147266154976,-0.35984755428929405,-1.1596671723262035,0.2181094581683584,0.12253636464743965,2.681048415925487,-7.569942687267788,3.8671685810227863,0.9451750059369242,-10.637126974955013
2015-08-25,94.53782657962766,95.15838277531492,90.77743325881225,90.85152435302734,75088300,36.02000045776367,19.14966525315397,-2.0950125535136834,-0.706880554134172,-1.3881319993795116,0.21602704277633358,0.15403066930550505,2.8024699231095718,-7.90536156437015,1.827881656528173,0.9393898703308866,-11.733989862976735
2015-08-26,93.50973340947394,95.61222445821677,91.62953683266154,95.4269790649414,104103800,30.31999969482422,37.73255122059277,-2.157032839124369,-0.9969110111322115,-1.1601218279921577,0.2669231006826592,0.16067730411213446,2.942343507543847,-3.2776135832275513,2.3160480363310376,0.9532187657669429,-7.6378377967249005
2015-08-27,96.80700752153162,97.90919446179018,95.65851454047503,97.8443603515625,69377700,26.100000381469727,44.93386174743207,-1.988203127332497,-1.1951694343722687,-0.7930336929602282,0.2747221437584287,0.16035967228496661,2.9094772139227705,-0.8484723151238154,1.471553980067185,0.9554825558841912,-5.745884971764903
2015-08-28,97.32569949982785,98.1778070728285,97.11266907338324,97.82585144042969,49919600,26.049999237060547,44.89105318355732,-1.8347480454510787,-1.3230851565880308,-0.5116628888630479,0.27029070003115196,0.15937880716708394,2.777738698602948,-0.8867025779863131,1.0284691694735872,0.9553912313833095,-5.654325769431024
2015-08-31,97.2793875728122,97.81658859701359,96.37170990636473,96.61251831054688,39549400,28.43000030517578,42.06206353660106,-1.7904010025380472,-1.416548325778034,-0.3738526767600132,0.27127610858476486,0.1597726792464404,2.683196043993092,-2.128394797702243,0.8027865539839014,0.9554058528790239,-6.532241891670165
2015-09-01,94.20437831337533,95.66778497514203,93.2040744888977,93.59308624267578,73155500,31.399999618530273,35.98465062056633,-1.9761191139031666,-1.5284624834030605,-0.4476566305001062,0.2833849948088084,0.1660435168429478,2.7349994566828117,-5.182737515953366,1.4118238060564328,0.9587856571252649,-9.282685569593596
2015-09-02,95.28803906398285,96.25129383178033,94.19511606459614,96.23277282714844,43963600,26.09000015258789,43.6500298441903,-1.8885315919788184,-1.600476305118212,-0.28805528686060633,0.29712635831442746,0.16287419884053317,2.729514323284364,-2.515543018400567,0.8363664830558816,0.960189327743673,-7.438739565191643
2015-09-03,96.61252173714558,97.27012698676162,95.4918136019079,95.76041412353516,45131800,25.610000610351562,42.66549619026431,-1.8360681982582037,-1.6475946837462105,-0.18847351451199312,0.29718794849224667,0.16248275292373868,2.6615713991107475,-3.0001070097044344,0.8561420907757072,0.9580398802227192,-6.392022307492606
2015-09-04,94.44521155956221,95.26027016283719,94.09324881442883,94.6211929321289,49379600,27.799999237060547,40.30437115089359,-1.8649185894068268,-1.691059464878334,-0.17385912452849284,0.29769304791891443,0.1631081066935987,2.59054239268186,-4.151099153821356,0.919820456596389,0.9577473157325869,-7.388226491402438
2015-09-08,96.43652025119084,97.40903179691992,96.0382515992102,97.28862762451172,37343500,24.899999618530273,47.61448037344243,-1.6534827256505054,-1.6835441170327683,0.030061391382262936,0.31017417671133457,0.15649387861745478,2.604634997832514,-1.461463644521273,0.6855025755335965,0.9601387454227278,-5.8528524888002975
2015-09-09,98.43713277634336,98.4649178144944,95.94563738177457,96.19571685791016,47146700,26.229999542236328,45.17362594908746,-1.5561685035116284,-1.6580689943285405,0.1019004908169121,0.309933828719824,0.15271856744267032,2.5985382431816073,-2.5732061220918365,0.8567880719483398,0.9600050466537519,-5.701836555429285
2015-09-10,96.08458289593806,97.88142431909296,95.97344272799965,97.24234008789062,47686700,24.3700008392334,47.92664211405064,-1.3786997412845778,-1.6021951437197481,0.2234954024351703,0.31177582977945056,0.14643101699173136,2.549212768032443,-1.5223338421298538,0.8620600358171052,0.9597549256933934,-5.003612184969808
2015-09-11,96.79778028473069,97.77955627441406,96.51991568904397,97.77955627441406,29106100,23.200000762939453,49.3329747234158,-1.1810907333067178,-1.517974261637142,0.33688352833042434,0.31192579580218227,0.13959215207588568,2.4571004692708462,-0.9864505772710184,0.5230495665304058,0.959825158573238,-4.3229703937982755
2015-09-14,98.14074416367797,98.15927223278644,97.1126553861838,97.48313903808594,19718800,24.25,48.55380021076638,-1.0364549569250698,-1.4216704006947278,0.385215443769658,0.31193925891842744,0.13104511112016662,2.3563516390802595,-1.2925244148904114,0.35378535691615315,0.959313175794647,-4.759764440244441
2015-09-15,97.71471863481622,98.93731009242562,97.35349891323094,98.63166046142578,30020200,22.540000915527344,51.734719150654335,-0.8197049336026652,-1.3012773072763153,0.48157237367365013,0.314399588955244,0.11836445699403839,2.3011701776598614,-0.13821135715347868,0.5343918089424943,0.9593706191140561,-4.433288622157794
2015-09-16,98.6501687480826,99.27998889181463,98.30747010330289,99.18736267089844,31329100,21.350000381469727,53.241155474722795,-0.5962156515134751,-1.1602649761237473,0.5640493246102722,0.3150475540196063,0.10699005279743974,2.206266507006424,0.4152043836913486,0.5492130408273528,0.9584928803419351,-3.4006741236915827
2015-09-17,99.08548581317439,100.70634573775783,98.7705722104476,99.22441101074219,56139800,21.139999389648438,53.34570423594261,-0.41136730764964113,-1.0104854424289262,0.5991181347792851,0.3139735974814341,0.09732286413948468,2.1869455798852675,0.437700493999786,0.9725380874573668,0.9582947891683382,-2.724039713864268
2015-09-18,97.70176082067196,98.97374534024789,97.64604845406731,97.81317138671875,48384000,22.280000686645508,48.863833282393585,-0.3744326799559019,-0.8832748899343214,0.5088422099784194,0.31328078136501325,0.09471997115696328,2.143475363941668,-0.9965852651981197,0.8450338933097554,0.9585451399527621,-1.376240511922333
2015-09-21,98.3516597271843,98.92730684307293,97.23751178810033,98.11954498291016,35772600,20.139999389648438,49.84892217440757,-0.3167881955429266,-0.7699775510560424,0.4531893555131158,0.31354482566925396,0.09490702811936061,2.1110696275867338,-0.6929533437854943,0.6605310250218184,0.9582198623646204,3.4542022159831376
2015-09-22,96.61547918360068,96.94972512143977,95.75201169144685,96.65261840820312,47359700,22.440000534057617,45.344740503654386,-0.3850347998051973,-0.6929890008058734,0.30795420100067616,0.3136657426333856,0.0804594430200575,2.1293884607207745,-2.1769718093048915,0.9668436468568962,0.960485312270719,5.985463576577255
2015-09-23,96.91254901514904,97.17252348842844,96.22549133043233,96.72686004638672,21775100,22.1299991607666,45.61258479772915,-0.4281940906991082,-0.6400300187845205,0.2118359280854123,0.31207610285398824,0.057975337746857494,2.0449344390975837,-2.101491156972062,0.47012009219277145,0.9587939547537612,6.466964352220694
2015-09-24,95.78912020957661,96.73615242439787,94.95350563284623,96.37405395507812,38284300,23.469999313354492,44.496619554425926,-0.485272720869105,-0.6090785592014374,0.12380583833233239,0.3117587937371939,0.056347959949533934,2.0261996071300166,-2.4598911103521215,0.8897699338488059,0.9587912621443233,0.9924603077838157
2015-09-25,97.40462217501145,97.49746664407861,94.96277084542933,95.5569839477539,44700000,23.6200008392334,41.93757872426304,-0.589641645707701,-0.6051911765026902,0.01554953079498922,0.31235341295856117,0.05744931359807865,2.062520763667107,-3.2826736303015016,1.069549297429337,0.9559317941808403,-2.337770307445286
2015-09-28,95.14846896445594,95.21346080259343,92.55806784398314,92.83660125732422,44077500,27.6299991607666,34.768113798427095,-0.8817031929436467,-0.6604935797908815,-0.22120961315276522,0.32133577079805054,0.06774720859717476,2.129406145103083,-6.026304951775915,1.0620777230537912,0.9582934173671827,-5.10013468795989
2015-09-29,93.06871575983725,94.01574778029381,91.68531401780616,92.35380554199219,49315500,26.829999923706055,33.66804614890485,-1.138992061169887,-0.7561932760666827,-0.3827987851032042,0.3195612330614667,0.07843607143029659,2.1437652606305515,-6.500862949867985,1.174472049622876,0.9569055117104656,-4.408034117137571
2015-09-30,93.67223379697252,94.58212679060773,93.31013533103108,94.47999572753906,41411400,24.5,42.322992281185854,-1.1579810791819085,-0.836550836689728,-0.32143024249218055,0.3286038446621069,0.07596376672997496,2.1498049740580507,-4.349145964412967,1.0249763008541593,0.9593526281508292,0.9476228645389773
2015-10-01,94.64712182178987,94.91637580769323,93.39369638447887,94.90708923339844,39339100,22.549999237060547,43.90628539156908,-1.1255920121520404,-0.8943590717821905,-0.23123294036984987,0.3289988701586378,0.07739042822735004,2.1050102918549296,-3.92441681116655,0.9792892024920916,0.95863674777789,-1.3775801681732314
2015-10-02,93.58867796903719,96.56903076171875,93.29157134718803,96.56903076171875,59370900,20.940000534057617,49.693387325845,-0.9548121709133426,-0.906449691608421,-0.048362479304921546,0.3246091967322768,0.0770726025661472,2.1887566577603437,-2.2654302852715915,1.4522137913946203,0.9598680394873644,0.8444163964667517
2015-10-05,97.28394664656724,98.21240577788944,97.0704050131685,97.95243835449219,32853500,19.540000915527344,53.952077728620736,-0.6997719497681771,-0.8651141432403723,0.16534219347219514,0.3004533980271343,0.0758247414007691,2.1498008262182258,-0.8876210931724603,0.8201743901929077,0.9584568820589413,3.5206123693164226
2015-10-06,97.72031972975958,98.04527899623028,96.72686878164588,97.48820495605469,33051500,19.399999618530273,52.350518905639824,-0.5290123672674838,-0.7978937880457947,0.2688814207783109,0.276661220926413,0.07597776545885125,2.0904157825300955,-1.3659882799336698,0.8295616762409134,0.9583443469863356,0.2051394252504446
2015-10-07,98.1009645738442,98.2866535086764,96.82897341114929,98.07310485839844,37389300,18.399999618530273,54.195421581422345,-0.34253905694728815,-0.7068228418260935,0.3642837848788053,0.27622738479520836,0.07676284084361895,2.0452203764584533,-0.7837212293015144,0.9500700750147602,0.957975978222623,1.9516336712385618
2015-10-08,97.70176039182228,98.63021955057023,96.75472808309388,98.46309661865234,50188900,17.420000076293945,55.43442738925175,-0.16142770124088202,-0.5977438137090512,0.43631611246816915,0.23653958853725038,0.07812645534052311,2.0330968829597316,-0.3994841763770777,1.271269180747968,0.9567051304136169,1.2553755181728077
2015-10-09,98.50949192645287,99.09442559101066,98.24023798434492,98.90872955322266,23916200,17.079999923706055,56.870080868128575,0.017857357996149403,-0.4746235793680111,0.4924809373641605,0.2254855171729946,0.07988678539391482,1.9488890775101613,0.03697134671997084,0.6097980436957083,0.9565711877318154,1.1548153027403973
2015-10-12,99.0944488311586,99.33584311152674,98.74162981840621,99.15015411376953,16162000,16.170000076293945,57.66574703265576,0.17737829689505702,-0.3442232041153975,0.5216015010104544,0.22554872983221477,0.0822418771838289,1.8521265214823306,0.26599046379418484,0.4139641304512086,0.9626859545305468,1.710054776787917
2015-10-13,98.58379228663028,99.58652986315943,98.41666935720876,98.50951385498047,26999600,17.670000076293945,54.77789431065658,0.2492324785575164,-0.22553206758081468,0.4747645461383311,0.22323002539745118,0.08204461171407809,1.8033932346586403,-0.3902547411211844,0.6942377413797537,0.9630221166737123,-0.12384117419688145
2015-10-14,98.50949036967519,99.00157246577267,97.94312985963634,98.35165405273438,30902600,18.030000686645508,54.059486500118645,0.2900954289280264,-0.12240656827904646,0.41250199720707287,0.2018125353857263,0.08048382342871059,1.750182475478475,-0.5575569858459561,0.7950310878596232,0.9630391406147467,-0.8425555389923289
2015-10-15,98.71377518499615,99.97648017829043,98.58379147247301,99.96719360351562,38393800,16.049999237060547,59.86125300320273,0.44767958009057907,-0.008389338605121352,0.45606891869570043,0.19098451650687043,0.08250985643737503,1.7412284504840163,1.05654603843748,1.010831997735792,0.96658299077867,0.7485885632448008
2015-10-16,100.180755225151,100.44072268368114,99.69795244481047,100.38501739501953,27091100,15.050000190734863,61.22512939726511,0.5993718576160774,0.1131629006391184,0.486208956976959,0.1902156475941076,0.08771756572600091,1.6699100067973494,1.4522953955166418,0.7338235584907306,0.9668047151599412,2.6293452832979014
2015-10-19,100.25502371803577,101.02563944119159,100.03218841833602,100.96064758300781,23776300,14.979999542236328,63.08608653653106,0.7573078523531649,0.24199189098192772,0.5153159613712371,0.1861303585970107,0.09388916632171425,1.6215915079443648,2.0028406656107847,0.6546713928924609,0.9658119051227317,2.8955521558854613
2015-10-20,100.78422144710922,100.99776303793841,100.0971567267189,100.44068908691406,23404700,15.75,60.272161146143006,0.830938420024566,0.3597811967904554,0.4711572232341106,0.17011640237247466,0.09777074239284111,1.5700925653211615,1.442021296292397,0.6664177118757841,0.9653380850502764,3.9192633796141685
2015-10-21,100.95133760166047,101.05346156203555,99.79076399634356,99.82789611816406,30195200,16.700000762939453,57.04284934557613,0.830273033427801,0.4538795641179245,0.3763934693098765,0.16750819281367968,0.09966803973468591,1.548135779633364,0.7846052404788673,0.8495837362697964,0.9660966791405653,3.2059720229626
2015-10-22,100.71922841924388,101.94479393051039,100.43140133246358,101.8612289428711,42778700,14.449999809265137,63.94571584558319,0.982493106487567,0.559602272591853,0.422890833895714,0.17434622615418566,0.10566084916648111,1.588761639112861,2.793778505848251,1.1960753667810307,0.9675184448052813,5.693622673951904
2015-10-23,104.60016785084578,105.13866855095337,104.05237349610933,104.71157836914062,53170900,14.460000038146973,70.98450957304284,1.3179356466614252,0.7112689474057675,0.6066666992556576,0.19016461469698612,0.11904737904323476,1.7093814940392476,5.619737805340274,1.4692381906487348,0.9617983543097209,9.580246302449247
2015-10-26,104.63734104200935,104.98087346995045,104.23810333305441,104.776611328125,25918000,15.289999961853027,71.12302976374127,1.5709153583786133,0.8831982296003367,0.6877171287782766,0.18955927614070212,0.11995336097297521,1.6403378256718757,5.631181666917593,0.7346067878143365,0.9614947841989575,12.86131752896198
2015-10-27,104.49806069781413,105.13869257512842,104.47020097829625,104.99014282226562,31390500,15.430000305175781,71.60240742992754,1.7682505182779096,1.0602086873358512,0.7080418309420584,0.18749537223152515,0.11437974453917987,1.5709202378976108,5.785851012474681,0.9129070318314182,0.9609998817793224,13.68253014168197
2015-10-28,105.14796668131834,105.86287689208984,104.30306571228209,105.86287689208984,42221900,14.329999923706055,73.5360886496338,1.972326646067856,1.2426322790822522,0.7296943669856037,0.18808739233445151,0.11647798553631278,1.5701267337483351,6.5993292874408445,1.2264632839356953,0.9603462773388776,12.047927264282144
2015-10-29,105.38009760049368,105.87217974225975,105.26867996924133,105.69577026367188,24913300,14.609999656677246,72.51786126609386,2.0964082499489507,1.413387473255592,0.6830207766933587,0.1883407474879982,0.11529244200152025,1.501081950839055,6.363506263674598,0.7391695665067323,0.9606170312915665,11.367623975635354
2015-10-30,105.74219429153396,105.91860376719221,105.19440688502885,105.22225952148438,27199200,15.069999694824219,69.57793379473196,2.1319595527587865,1.557101889156231,0.5748576636025555,0.18301060019952328,0.11498786377378659,1.4455901602193622,5.815931281961765,0.847436398339225,0.9617523546084756,8.960666469892619
2015-11-02,105.50079733876863,106.54067400551264,105.27796915431645,106.41069030761719,22176900,14.149999618530273,72.58229078666265,2.2303208976971973,1.6917456908644244,0.5385752068327729,0.18477570605561894,0.1195053570251045,1.4365061833485697,6.938698540700733,0.7026449185936392,0.9618569684874726,8.635060132463867
2015-11-03,106.19714025796476,107.16273848970776,106.03930392447471,106.78207397460938,20418400,14.539999961853027,73.46420928549288,2.311593914628986,1.815715335617337,0.4958785790116491,0.1769701914952584,0.12134103069436446,1.4141439249117471,7.241373702267129,0.6601407192767628,0.9618951194001549,9.533326644740402
2015-11-04,107.1348990071433,107.20917743799316,106.34571015921131,106.79136657714844,28633000,15.510000228881836,73.48718940594784,2.3496676948820294,1.9225058074702757,0.42716188741175376,0.17706878155636818,0.12217515029791336,1.374809878759612,7.182770296918388,0.9390159435613147,0.9614819760823439,8.889554104907504
2015-11-05,106.88421166134603,107.14417906993936,105.94646600870814,106.5035400390625,25004100,15.050000190734863,71.42398387421122,2.329760218311236,2.0039566896384677,0.3258035286727683,0.1767623302779564,0.12108998523844605,1.3621601060790118,6.837100232382867,0.8553287823620445,0.9614353795998614,8.165946122485668
2015-11-06,106.29927926369999,106.69851695586716,105.62150809459476,106.57781982421875,29924900,14.329999923706055,71.6452329310515,2.293538671457,2.061873086002174,0.23166558545482596,0.1733738946104639,0.11942102783661153,1.341792160021397,6.855582952066082,1.0132439982657133,0.9614171426465197,7.75370415294776
2015-11-09,106.17857472776707,106.31784499831454,104.79517276311068,105.4450912475586,33479800,16.520000457763672,63.56312100416332,2.1486626594421097,2.0792310006901613,0.06943165875194834,0.1508549151993436,0.11484271499791869,1.373281795813302,5.669937472547696,1.101322071359715,0.9620390176093193,6.348892939254491
2015-11-10,104.88802224028706,105.27797334951252,104.57234247311843,105.17584228515625,35452100,15.289999961853027,61.77913177988898,1.9891910785614186,2.061223016264413,-0.07203193770299432,0.1495965630094212,0.10628410994158302,1.3375294371437925,5.338611946818739,1.1502105458163854,0.9609310329695022,6.767192496746599
2015-11-11,105.46364106604896,105.97429628487009,104.86942794791842,105.04583740234375,22748800,16.059999465942383,60.890489871561556,1.8312093527061677,2.0152202835527637,-0.18401093084659603,0.1395174816799312,0.09459491215418112,1.3209107871300694,5.145212350817003,0.7479570653285366,0.9608036470319259,6.806375972101164
2015-11-12,104.6187646088013,105.1294199127606,103.95027296855652,104.02455139160156,31196900,18.3700008392334,54.284563314683105,1.6050959044959114,1.9331954077413933,-0.32809950324548187,0.1446912310397351,0.08692767202769847,1.3107847983496412,4.070427432346565,1.038002830502415,0.9601147121450094,4.058689297789031
2015-11-13,103.58817078735872,103.69958841792155,101.92622832025862,101.98193359375,52836000,20.079999923706055,44.00238940739876,1.2467059323715546,1.7958975126674257,-0.5491915802958711,0.15239551085499814,0.08239073594208446,1.367037532134877,1.9821605544756598,1.685790112813549,0.957869246057096,1.590791375217404
2015-11-16,101.87977739433383,103.46744093886046,101.64766271676717,103.44886779785156,33980600,18.15999984741211,51.15747611014069,1.0687289855087698,1.6504638072356947,-0.5817348217269249,0.15243729165311426,0.07700995206862592,1.3993761528461923,3.4003581342143034,1.066821297558928,0.956962895022897,2.464544626457532
2015-11-17,103.62532603403567,104.25667853776953,103.25394095826613,103.51390838623047,30579500,18.84000015258789,51.45365930521194,0.9222975329312959,1.504830552374815,-0.582533019443519,0.15120502963257856,0.06864752117560277,1.3710448261788504,3.420975244092205,0.9493515168063268,0.9525258374368215,3.0597353794108884
2015-11-18,103.93171759813647,105.60293978712045,103.82958652683632,105.50080871582031,32966500,16.850000381469727,59.52778635485941,0.9555606942930837,1.3949765807584689,-0.4394158864653852,0.15884697757865274,0.05355557655443432,1.4223295815153596,5.3499969945634485,1.019072937757925,0.956899349767927,5.682692732441597
2015-11-19,105.55653006290984,106.05789888734309,105.37083397038921,105.5750961303711,26188100,16.989999771118164,59.797014974748585,0.9766580566997476,1.3113128759467245,-0.33465481924697693,0.15886303735697788,0.045949308489493676,1.3698106769038247,5.3720277476200495,0.830841526816174,0.9494468085886194,3.6460066563529514
2015-11-20,106.0764369775576,106.37354356364827,105.97430592450334,106.28998565673828,22727600,15.470000267028809,62.38986575482402,1.0390855472220153,1.2568674102017827,-0.21778186297976743,0.15925997034107753,0.04655424912344844,1.3289990166447783,6.026237947815889,0.7576421008137095,0.9460968674063602,1.507385632210867
2015-11-23,106.32712210000084,106.7170802654903,105.5286538728635,105.98359680175781,20696200,15.619999885559082,60.58637909596586,1.051713267351019,1.2158365816316299,-0.1641233142806109,0.16000832771998502,0.04665677089348086,1.318958114929208,5.661553491225639,0.6959813819381192,0.9459717520281676,1.1519607843137214
2015-11-24,105.29655666319188,106.14145081474769,104.76732814211842,105.8907699584961,26374400,15.930000305175781,60.02029324849729,1.0422164535468852,1.1811125560146811,-0.13889610246779593,0.15816724892917297,0.04674359652028024,1.3228984404792123,5.518313144055834,0.8944746829926565,0.9453392365108199,0.8578206601310256
2015-11-25,106.04858864874271,106.17857234271251,105.76076862403531,105.98359680175781,14159900,15.1899995803833,60.418568644414464,1.0303038096750896,1.1509508067467629,-0.12064699707167326,0.15777677481919902,0.046840163396704916,1.2582488174933548,5.5614760119624185,0.5042194851583585,0.9371387525336887,0.11403422352769255
2015-11-27,106.21572900908191,106.34571272441404,105.77006549681373,106.13216400146484,8828000,15.119999885559082,61.08672135834257,1.0210807022345136,1.124976785844313,-0.1038960836097993,0.15219806886364634,0.047171965570256304,1.2094915610724233,5.665225434588013,0.3236242988766446,0.9350979288717245,0.41287720095546376
2015-11-30,106.44781051175462,106.44781051175462,105.51935164481142,105.86287689208984,25041600,16.1299991607666,59.13809365505257,0.980736780816855,1.0961287848388215,-0.11539200402196648,0.1526223202562108,0.0472675281435677,1.1894177972060505,5.358856518911115,0.9216410419104575,0.9375385543812028,0.6088230508628056
2015-12-01,106.28999612868483,106.92134857177734,106.16000534360714,106.92134857177734,28639400,14.670000076293945,63.99927344164653,1.022388295113501,1.0813806868937574,-0.05899239178025639,0.1540669494238189,0.04818512562400827,1.1800645030975825,6.368554992676017,1.0416679548363468,0.9373932923344317,0.47989376131658545
2015-12-02,107.00492382604313,107.46915343049452,106.10431726003439,106.26215362548828,22395500,15.90999984741211,59.270172737360056,0.9907847474070337,1.0632614989964129,-0.07247675158937916,0.15450146812832288,0.04736432284594785,1.1932624793377637,5.6735298847789055,0.8116474517031622,0.9292462990097935,-0.4868985305948592
2015-12-03,106.54997830047694,106.7356673044739,103.83887209048365,104.46094512939453,42754300,18.110000610351562,48.6842883692053,0.8110469909981219,1.0128185973967547,-0.20177160639863279,0.16239745046822143,0.04656250487139495,1.314943388955799,3.8555746990348148,1.5108215180126585,0.93128320919719,-2.182218958749216
2015-12-04,104.77660646791925,107.07918811862383,104.56306484488424,106.90277862548828,40037300,14.8100004196167,59.29753793367333,0.855774247163879,0.9814097273501796,-0.12563548018630066,0.16562511658006962,0.04738945072571827,1.4080362175467636,6.246534227478251,1.3782027561094747,0.9368489849422024,0.3748594518824033
2015-12-07,106.97702626730799,107.04201810130016,105.90929720865488,106.41995239257812,25892100,15.84000015258789,56.79617558548548,0.8425485033902049,0.9536374825581848,-0.11108897916797988,0.14641908795682046,0.0471151000349269,1.3883708371966577,5.733208700226417,0.8975126461372823,0.9368535688062536,-0.14812409552099615
2015-12-08,105.30581053563178,106.77277735059468,105.2686713282629,106.42924499511719,30792600,17.600000381469727,56.83391661816549,0.8233260513097918,0.9275751963085063,-0.10424914499871452,0.14642597832867196,0.04794554658820971,1.3966376361348807,5.7093347623808155,1.0723759567073907,0.9329480695185208,0.9333329185026162
2015-12-09,105.96501542551921,106.54994908653688,104.17308940229236,104.81372833251953,48509200,19.610000610351562,48.845275466552124,0.6700099684605476,0.8760621507389146,-0.20605218227836697,0.15326188322593248,0.04816359785550244,1.4666534967141407,4.0792235081253425,1.651814224871434,0.9306813342783391,-0.3442938461618805
2015-12-10,105.05513196581369,105.99287749189905,104.73945223828073,105.28724670410156,30154600,19.34000015258789,51.0185138189405,0.5800286344061618,0.816855447472364,-0.23682681306620224,0.15185919992882363,0.048081576274869156,1.451422907921582,4.523972619030495,1.014025549882026,0.9317203618030784,0.22981329648805726
2015-12-11,104.07096028006643,104.34950079843053,102.7989760523668,102.86396789550781,56022200,24.389999389648438,41.33937441360492,0.309610434852857,0.7154064449484627,-0.40579601009560573,0.16570567824605434,0.05132508415280521,1.525483461051095,2.103444346905169,1.8084056247534603,0.9371783918170308,-1.115682289005715
2015-12-14,103.00323564974535,103.69029327246731,101.5548349064873,103.64386749267578,53098500,22.729999542236328,44.95862154072143,0.15643021292733295,0.6036111985442368,-0.4471809856169039,0.1670927432494841,0.04492971979810917,1.5690530971174463,2.8632838690907385,1.7133022316633972,0.9361341565636451,1.6296356034453785
2015-12-15,104.60018907883885,105.17582909639356,104.14523909154475,104.27522277832031,48428000,20.950000762939453,47.768109046613674,0.08499906226299458,0.4998887712879884,-0.41488970902499384,0.16457641669551057,0.042786273102472454,1.5664037047317554,3.469852050641907,1.5270095248906053,0.9345229407877554,0.7988052436528559
2015-12-16,104.98086636645104,106.00216992289116,103.88528438463115,105.82576751708984,44944100,17.860000610351562,53.980702722367994,0.15175601384076742,0.4302622197985443,-0.27850620595777686,0.1702548572611175,0.039348500630575885,1.6057238356980592,4.978008468020934,1.385773315998872,0.9337122043421944,2.233380196826662
2015-12-17,106.2899746838308,106.2899746838308,104.26593406142247,104.28450012207031,45668800,18.940000534057617,47.88386330413085,0.0793789499318791,0.3600855658252113,-0.2807066158933322,0.1752298661878773,0.04077424485755988,1.6356036061773647,3.4279382689060243,1.3810730859977223,0.9362447505231405,-1.1528903034537685
2015-12-18,103.96041416002043,104.19323781118477,102.28408813476562,102.28408813476562,53746100,20.700000762939453,41.355223150751335,-0.13780835496612553,0.26050678166694397,-0.3983151366330695,0.18316980073045452,0.048749032556833855,1.6616613476864592,1.4275784633076747,1.560321922850925,0.939552485243559,-3.11721998485468
2015-12-21,103.25263189036643,103.4388879629242,102.48897062453763,103.4202651977539,26432800,18.700000762939453,45.86948705611968,-0.2157636759445296,0.16525269014464927,-0.3810163660891789,0.18660048302941118,0.05054439101015635,1.6254569534344674,2.5333637266642666,0.7632747515360613,0.9443039191502097,-2.699897305708643
2015-12-22,103.9697398547064,104.24913110710165,103.42027939160106,104.1001205444336,26540300,16.600000381469727,48.4276584589619,-0.22014746186546574,0.08817265974262628,-0.308320121608092,0.18549268521746665,0.05088126762909415,1.5685575931425582,3.173477495009975,0.7599665377973848,0.9362065590323528,-1.7771394009652774
2015-12-23,104.64029182280463,104.94762083416137,104.4540356914941,104.87311553955078,25656900,15.569999694824219,51.248755662647355,-0.15940983057633673,0.03865616167883368,-0.1980659922551704,0.18671876932686252,0.050463225738085586,1.5170535000415022,3.898577723806376,0.735426350878591,0.936073969144034,-0.9610416652406806
2015-12-24,104.87309154191952,105.14316784417063,104.80790120035645,104.85446166992188,11468600,15.739999771118164,51.176003734448614,-0.11149478904583532,0.008625971533899879,-0.1201207605797352,0.18668451416439477,0.04984535376516474,1.432640153168122,3.842489742007995,0.3300074857826959,0.9322226463739084,-1.06538668804379
2015-12-28,104.6030281942543,104.81722911746893,103.84868170485733,104.79859924316406,19183600,16.90999984741211,50.942776459135885,-0.07714018041949089,-0.008527258856778276,-0.06861292156271262,0.18440920763209137,0.048890411462708096,1.4021501397321525,3.7477152362595767,0.5439019912631936,0.9321831722699908,-1.2565133019264318
2015-12-29,105.42256107495052,106.67981465035923,105.35737072776166,106.44699096679688,27725700,16.079999923706055,57.14864833621854,0.08215054993846138,0.009608302902269656,0.07254224703619172,0.17958794350091173,0.04991682506325593,1.4363690874080823,5.337479791671964,0.7831116526613967,0.9303336158229594,0.5517647846491558
2015-12-30,106.35385154471508,106.39110418521713,105.46912442473912,105.48774719238281,19520100,17.290000915527344,52.950810125438416,0.12949392020938433,0.03358542636369259,0.09590849384569174,0.17778461301857684,0.0471996277387261,1.4036189055973445,4.352309246499258,0.5585379542765204,0.9314429279952631,-1.3407999417741512
2015-12-31,105.11521578465234,105.31078678263029,104.15597645378902,104.17460632324219,29886800,18.209999084472656,47.777052290109864,0.06035861196929204,0.038940063484812486,0.021418548484479556,0.18183135504275247,0.04599433289101627,1.398486893668519,3.0294701800026904,0.8460971606989528,0.9328873512372119,-1.9645256857897642
2016-01-04,101.93017803936279,102.06987363246768,100.69156178037241,101.97674560546875,50807600,20.700000762939453,40.62262318400753,-0.1698229957559363,-0.0028125483633372715,-0.16701044739259902,0.1828982503198174,0.05162684831900427,1.547383868611466,0.8441435497177987,1.4221544964919606,0.93515931408893,-2.378113199003351
2016-01-05,102.47965283329494,102.61003350149448,101.3248495841503,101.7998046875,38795200,19.34000015258789,40.101987036339665,-0.36234435143840926,-0.07471890897835168,-0.2876254424600576,0.18282955144357296,0.053034613700165406,1.528655300663803,0.661655416257749,1.087806673958864,0.9369860246577437,-4.773471750313895
2016-01-06,100.03034628151829,101.40865817122476,100.03034628151829,100.82194519042969,41891100,20.59000015258789,37.259878535383166,-0.5870567768654382,-0.177186482555769,-0.40987029430966926,0.18282596705945492,0.057950723867022505,1.545855522472225,-0.30884756165929644,1.1488458091402833,0.9375705899970859,-5.260298540162522
2016-01-07,98.67067944052796,99.91861814476049,97.6090039560695,97.66488647460938,61386300,24.989999771118164,29.893658129219332,-1.0082685544379189,-0.34340289693219894,-0.6648656575057199,0.20199501852351817,0.07621614378960745,1.664933073321365,-3.4206085005673814,1.6157127600703545,0.9437259930898122,-8.234915620147365
2016-01-08,98.37265307872391,98.98731096920561,96.76151728436633,96.86396026611328,69344000,27.010000228881836,28.36175633258827,-1.390679091339834,-0.5528581358137259,-0.837820955526108,0.2025531975659259,0.09492114983115463,1.7049945455726443,-4.209840573268377,1.7764540676440528,0.9430344891159818,-7.584662994894876
2016-01-11,97.553098771443,97.84179779246833,95.67188700973378,97.16195678710938,50024100,24.299999237060547,29.803118286801606,-1.6506684893306556,-0.7724202065171119,-0.8782482828135437,0.20300817453717915,0.10660889514331887,1.738202848227066,-3.9153428755184656,1.249710831321852,0.943663228779099,-7.717259375038498
2016-01-12,98.09328544607528,98.79175656356904,96.92916691691902,98.28885650634766,46734200,22.469999313354492,35.11932935222683,-1.7456577154032402,-0.9670677082943376,-0.7785900071089026,0.20696028840467132,0.11374422931766853,1.7470876195429914,-2.804685990178234,1.181226231632989,0.9424203225279133,-4.447729834617775
2016-01-13,98.68930263769873,98.93144125441401,94.74992284490749,94.89893341064453,69870700,25.219999313354492,28.200527598710494,-2.0706071541156064,-1.1877755974585915,-0.8828315566570148,0.22681254172131565,0.13146749658022744,1.920975533111815,-6.139591846790152,1.7293550562771098,0.9473738445539948,-8.437483368371247
2016-01-14,95.2714494792471,97.76731952873028,93.7534345895972,96.91983795166016,78445700,23.950000762939453,36.26215441017749,-2.1403887492181752,-1.3782982278105083,-0.762090521407667,0.23489070495336617,0.13796875918867377,2.0704690621133337,-4.13765990678583,1.8720500023446653,0.9509519674695948,-7.0538183766790326
2016-01-15,93.7068414841321,94.93614976067354,92.67310417144814,93.9117202758789,91443900,27.020000457763672,30.731042609708155,-2.410632847731577,-1.584765151794722,-0.8258676959368549,0.24833086486448255,0.14961701567441607,2.225916541977525,-7.098424176296817,2.067527534486998,0.9540077232812444,-11.258172296541048
2016-01-19,95.1876516363716,95.33666223206511,93.01773279679463,94.11666107177734,56563800,26.049999237060547,31.497666728841324,-2.5785424016207514,-1.783520601759928,-0.7950217998608233,0.24583303396097156,0.15966226568173986,2.2325603200698785,-6.881765824997115,1.2633356319464413,0.9539652907225684,-9.750096168070034
2016-01-20,92.63588580431846,94.83374188510382,90.56841041432422,93.82794189453125,86675000,27.59000015258789,30.977524124258437,-2.70374210155218,-1.9675649017183785,-0.7361771998338016,0.23243049956090284,0.1703988861404623,2.377758259406287,-7.148561402174917,1.867198106326134,0.9448187215704217,-8.267313513215157
2016-01-21,94.22839523130249,95.31800829268573,92.96183390850652,93.92106628417969,61660100,26.690000534057617,31.371185704430573,-2.763592432505959,-2.1267704078758944,-0.6368220246300647,0.23292033282668895,0.17738619614862788,2.3762165540329248,-7.0387129045886345,1.2797547424373228,0.9511988354033135,-9.185045982439155
2016-01-22,95.8115902313927,96.67769453284485,95.48563852766645,96.64044189453125,42229800,22.34000015258789,41.80837224470243,-2.562059538467281,-2.213828233994172,-0.3482313044731091,0.2516495692278947,0.17562547034963447,2.4033888179352276,-4.338115172786435,0.862437063035605,0.954663408649229,-7.165869367767241
2016-01-25,96.29587377917953,96.8453342438341,95.12244046311156,95.20626068115234,38881500,24.149999618530273,38.48423235025395,-2.489373754877846,-2.2689373381709066,-0.22043641670693948,0.25150997019741533,0.17282804801903637,2.354782029562893,-5.739314509419337,0.7834764580250747,0.9560648846975497,-9.217667281709375
2016-01-26,95.60672449796456,96.47282181305125,94.768557783928,96.06305694580078,36143900,22.5,41.47783815792287,-2.3357088519810816,-2.2822916409329417,-0.0534172110481399,0.253016907544269,0.16640256267236075,2.3083164581029187,-4.874515231042455,0.710645586455778,0.9550538205471507,-8.384387830625773
2016-01-27,95.50426050003888,95.91402527716741,93.26915212259354,93.66960906982422,54524700,23.110000610351562,36.18096680395109,-2.3796286719890816,-2.30175904714417,-0.07786962484491156,0.2543835736621563,0.16192582337305167,2.343001341324656,-7.218645829992178,1.0360454597017428,0.9496948094710136,-10.61940737157876
2016-01-28,95.22488911946616,95.26214176245655,93.37161453828837,94.9920654296875,47641500,22.420000076293945,40.68797283410495,-2.2814254176815894,-2.2976923212516542,0.016266903570064883,0.2574315561255719,0.1439137097792064,2.310681761527765,-5.8898926127507165,0.8884444320120842,0.9476271985366125,-10.76115485564304
2016-01-29,94.96412275743123,97.01296827824925,94.93618505295326,96.97571563720703,54245100,20.200000762939453,46.761389243177,-2.020246493419961,-2.2422031556853157,0.2219566622653546,0.26530627509114346,0.12275129843707261,2.293974723225495,-3.9119172344002036,0.9798653353745275,0.9472363160830715,-8.069213516951878
2016-02-01,96.51007246827486,97.59969272668278,96.13756025212403,97.23648834228516,32750300,19.979999542236328,47.522149907350205,-1.7717939980130666,-2.148121324150866,0.3763273261377993,0.26077414707626706,0.10276241457892335,2.2345574197492986,-3.642658159978355,0.5900643975069783,0.946737064676346,-6.66008562530952
2016-02-02,96.78943986616403,96.82669249963517,94.843030622273,95.1317367553711,44928100,21.979999542236328,42.27172230319322,-1.7248465114166294,-2.0634663616040188,0.3386198501873894,0.2643599832613633,0.09045523341953107,2.2459074411966453,-5.715159317415946,0.8137829101984371,0.9491259380665044,-6.712323294351707
2016-02-03,95.7650434800502,95.7650434800502,93.01771962890533,94.67543029785156,61572900,21.649999618530273,41.20873439617317,-1.7048084372025585,-1.9917347767237268,0.2869263395211683,0.25992196028182407,0.0750357808768797,2.28172289905009,-6.145285437221613,1.0927287623384287,0.9433900314913269,-6.9984165603445785
2016-02-04,94.42395334778898,95.42043822671626,93.53922637213697,94.66609191894531,49321600,21.84000015258789,41.18590856546115,-1.6704260168370269,-1.927473024746387,0.2570470079093601,0.2568561995936254,0.05973806382303025,2.2531149673021758,-6.130394711320846,0.8695725762773063,0.9433814718722686,-6.105668026794531
2016-02-05,94.33086536517324,94.36811801541499,91.00614271217394,91.378662109375,70749900,23.3799991607666,34.03810825176926,-1.8866971421934267,-1.9193178482357949,0.03262070604236822,0.27122502775320867,0.06824767686293731,2.3536031272642615,-9.349613895590487,1.2371558559784177,0.9412798341930078,-6.436524519862774
2016-02-08,89.67438333085565,90.38216941714293,88.32400151456964,89.9817123413086,91673100,26.0,31.533686376467685,-2.1460770977777486,-1.9646696981441858,-0.18140739963356278,0.27075829738291457,0.0824989723035333,2.4036786606600535,-10.687592545203817,1.5723296491089505,0.942974331313307,-7.105065605305794
2016-02-09,88.7803213049617,91.06199037118698,88.64062568545081,89.70230102539062,73778400,26.540000915527344,31.04171965105455,-2.3471275144167265,-2.041161261398694,-0.3059662530180325,0.2704426671899088,0.09316332655372142,2.40494194816549,-10.909899174129954,1.2401458959576048,0.9432611856821572,-7.677547888484304
2016-02-10,90.73605406145714,91.90948751719414,89.98170753537686,90.0468978881836,59421700,26.290000915527344,32.44160453590172,-2.450408546780949,-2.123010718475145,-0.3273978283058039,0.2713728522296025,0.09542901873196806,2.3908165584253487,-10.515030776768244,0.9882848683728535,0.9440114604812136,-8.385445625396793
2016-02-11,88.90140410013508,90.63361306172368,88.64995762096964,89.91651916503906,76839200,28.139999389648438,32.175464133320716,-2.513802432709994,-2.201169061322115,-0.31263337138787906,0.2645046219874711,0.1032454304446168,2.3617336214488267,-10.592311109733673,1.270604755623485,0.9360670565426567,-5.250232080107454
2016-02-12,90.93162535897802,91.37864999741085,90.08415077026193,91.28551483154297,49186500,25.399999618530273,37.93315309425206,-2.425615054469361,-2.2460582599515644,-0.17955679451779671,0.2709377136256307,0.10208432714078143,2.2974762793718955,-9.186984376955342,0.8335063220674597,0.9339157622593736,-5.8133847922108295
2016-02-16,92.63589529491678,93.34368133544922,92.058489958533,93.34368133544922,40565900,24.110000610351562,45.43303286587929,-2.1646958198726907,-2.2297857719357896,0.06508995206309898,0.28100106375548706,0.10212817764586272,2.280382723981492,-7.111216944882519,0.7183918579930278,0.9364879353779498,-0.6048648014976066
2016-02-17,94.02350800789256,95.58808332068345,93.78136940686623,95.45770263671875,41766500,22.309999465942383,51.866637341834995,-1.7669631440062403,-2.13722124634988,0.37025810234363954,0.285758004299847,0.10338106867194978,2.2778126712138307,-4.982378351702426,0.749473534611146,0.9365565488755927,1.4248715898651287
2016-02-18,95.75573027868002,95.77435304823486,94.24703015698339,94.36810302734375,38991500,21.639999389648438,48.680793712228095,-1.5221325190011328,-2.0142035008801304,0.49207098187899767,0.2870417812747728,0.10353128586662508,2.2242062583593767,-6.0362336219886705,0.7309497801142443,0.9355037851154047,0.5756932550217142
2016-02-19,93.91174497306478,94.93617472726696,93.70686612743835,94.64746856689453,28257900,20.530000686645508,49.53665421175678,-1.29068184361698,-1.8694991694275005,0.5788173258105205,0.28659737562913273,0.10383110961683668,2.1531421398928936,-5.736266390556884,0.5468547708206334,0.9350098270491403,0.7734178405906844
2016-02-22,95.5321939654047,96.27722532138492,95.43906593405883,96.18409729003906,23979100,19.3799991607666,54.073625314692464,-0.9720571503031437,-1.6900107656026293,0.7179536152994856,0.27723874389566394,0.10278918506545351,2.1157574695070003,-4.194300721766597,0.47239251657252773,0.9366387251026402,-0.4722087311958112
2016-02-23,95.62532900235163,95.886090351309,94.53571603483097,94.60090637207031,29869700,20.979999542236328,49.168748010232775,-0.8376392769145582,-1.5195364678650152,0.681897190950457,0.28028494770246043,0.10219180189575384,2.0823734541999355,-5.749675110046083,0.5937085541501131,0.9377206250695305,-0.6358345604070892
2016-02-24,93.49268000643812,95.62534585076051,92.91527469971706,95.50428009033203,40739100,20.719999313354492,51.85245825459473,-0.65071638118566,-1.3457724505291442,0.6950560693434842,0.28165449524564523,0.1011799630600277,2.1272090039744724,-4.826256718269038,0.8060742220019792,0.9375151137081541,-0.5816771537720422
2016-02-25,95.69984612172183,96.44487762451172,94.84304959095208,96.44487762451172,29389300,19.110000610351562,54.543508445120054,-0.4218178261793355,-1.1609815256591827,0.7391636994798472,0.28105079964425067,0.10422400042469222,2.0896817918019845,-3.8716460587884227,0.5963330628904905,0.9375832051645048,2.962827092209519
2016-02-26,97.1806115373319,97.19924141236342,96.09099832009872,96.32382202148438,30925000,19.809999465942383,54.12422749275854,-0.2473311679266459,-0.9782514541126753,0.7309202861860294,0.26196064169200534,0.1062154678528308,2.0195790275493217,-3.9766391128233796,0.6383193037252253,0.9377115426146584,1.4019661387220106
2016-02-29,96.23067890966266,96.94777267146856,95.45770263671875,95.45770263671875,27553900,20.549999237060547,51.097724088396554,-0.17689865249144532,-0.8179808937884293,0.641082241296984,0.25583322084275545,0.10319137483357063,1.9817569566350706,-4.819453048384241,0.5848473180851647,0.937346839899703,-1.5653537491461034
2016-03-01,96.37038645306409,98.52167510986328,96.07237240924249,98.52167510986328,37699800,17.700000762939453,59.685855611425374,0.12471891332819496,-0.6294409323651045,0.7541598456932994,0.2555298351862486,0.10758219124061194,2.059058064957175,-1.750960315925842,0.7960185348726063,0.9422290943774373,1.3217124450793705
2016-03-02,98.4006110341305,98.57755221288585,97.79526799889703,98.55892944335938,29209800,17.09000015258789,59.778348031101046,0.36257952952472294,-0.43103683998713893,0.7936163695118619,0.25555521111532126,0.11539336246157199,1.9678599327451494,-1.7005666388839644,0.6271623938744215,0.9405201201686566,3.602575549315601
2016-03-03,98.45645508690393,98.48439278490243,97.66485618768965,98.37263488769531,25474600,16.700000762939453,59.04877688639016,0.5299444975513694,-0.23884057247943724,0.7687850700308066,0.25538850499459087,0.1218507876337104,1.891160884382619,-1.8700670846346055,0.5690152642556198,0.9367153674206502,3.9051362937694067
2016-03-04,98.48439448728402,99.0431697725522,97.75798590591407,98.4098892211914,31655400,16.860000610351562,59.15612933389035,0.6580034991325903,-0.059471758157031734,0.717475257289622,0.2554095386099976,0.1275577984129081,1.8478768116865845,-1.8173150938416704,0.7213045797989647,0.9367385351249424,3.9547394704448013
2016-03-07,97.90701605161267,98.47510642647704,97.10610198558145,97.80457305908203,25861200,17.350000381469727,56.56160954593023,0.7025486811817245,0.09293232971071952,0.609616351471005,0.24279129291324686,0.12715046493791632,1.8136716423443708,-2.40247257627519,0.6210382432301328,0.9381179818518219,7.0321788493856285
2016-03-08,97.13401932670499,97.98149362816868,96.8266904360279,96.99432373046875,28898500,18.670000076293945,53.1982326588626,0.6648072257333268,0.20730730891524102,0.45749991681808583,0.23991534986796453,0.11945349910319994,1.7666096101869713,-3.1859342627098974,0.750548981057394,0.9376081577314727,7.793374016445376
2016-03-09,97.35754764489914,97.63693178848247,96.81739502000426,97.6183090209961,31047400,18.34000015258789,55.39786346922389,0.6774381630083184,0.3013334797338565,0.3761046832744619,0.23926122635076977,0.10899697230863101,1.6989615500649173,-2.541392208645425,0.8537339206854642,0.9378360446667147,8.824754666399027
2016-03-10,98.02807467296272,98.58685002951918,96.21204588263652,97.46929931640625,44236100,18.049999237060547,54.73627539514131,0.6677272894187922,0.37461224167084367,0.29311504774794855,0.22682825270996873,0.09647106235684845,1.747236021266185,-2.673444120758069,1.2423316329339023,0.9354358557157555,8.242817467670548
2016-03-11,98.52168044856958,99.173583984375,98.21435145088317,99.173583984375,31454000,16.5,60.540666459297,0.7884639598128871,0.45738258529925235,0.33108137451363473,0.22866800808589488,0.08211173990091876,1.7441680674592255,-0.9550285241350502,0.9434862136549037,0.9369489515799639,10.295177021193268
2016-03-14,98.80104916272798,99.57402545216065,98.77311145917021,99.34120178222656,25374900,16.920000076293945,61.06942797533114,0.8874440933142296,0.5433948869022478,0.3440492064119818,0.22120271885541426,0.07079874587175097,1.676792776425741,-0.7729431351096524,0.7893278104535721,0.937215956846595,8.824715471616118
2016-03-15,98.98731067352348,99.41570536626998,98.67066679310209,99.30394744873047,26524600,16.84000015258789,60.87418088324426,0.9519074522934972,0.6250973999804977,0.3268100523129994,0.22116533311966952,0.06647916786541429,1.610238904764466,-0.7983082794466233,0.8435124802773314,0.9359347984937154,6.385291460556219
2016-03-16,99.06183194240717,100.44945922607785,99.03388712960063,100.1886978149414,31693100,14.989999771118164,63.83163638557876,1.0621433615927174,0.7125065923029417,0.3496367692897757,0.21175379263786703,0.07028335120301464,1.5963341327439484,0.09477145098338305,1.024282890315333,0.9356529846600641,4.956116738140337
2016-03-17,99.89996596798709,100.36561325564571,99.52745382203118,100.1327896118164,29623700,14.4399995803833,63.50497186274557,1.1319464155055954,0.7963945569434724,0.335551858562123,0.2109588358653053,0.06897378293971035,1.5421787970918477,0.046815581664552915,0.9721181012067756,0.9319400409547491,6.108723604205868
2016-03-18,100.37379562227754,100.54192621968672,99.75732151597164,100.28973388671875,37682300,14.020000457763672,64.06098718933723,1.1862555148254899,0.874366748519876,0.3118887663056139,0.21087313549553108,0.06721364543217197,1.4880663618506496,0.21227970013718805,1.2177352573108533,0.9312939270900191,5.961348364891972
2016-03-21,100.11224665723174,100.77542638543427,100.05620550806522,100.68202209472656,17288600,13.789999961853027,65.47680853674765,1.2465804438223103,0.9488094875803629,0.2977709562419474,0.17982948531432325,0.06971799587503218,1.4331488272448212,0.6070807881305913,0.5648014295958353,0.9311431309343645,4.676370555440368
2016-03-22,100.11224886274327,101.22377918763712,100.09357085470647,100.99026489257812,18840300,14.170000076293945,66.59054905290989,1.3042266889467697,1.0198929278536444,0.28433376109312536,0.17099654588583957,0.0661923726235947,1.4115102205080947,0.9151532355687143,0.626786095683828,0.9317342260198733,6.7540140634362755
2016-03-23,100.79413298271945,100.86885215542216,99.93479479686319,100.15897369384766,20912900,14.9399995803833,60.885830245480776,1.268214315980913,1.0695572054790983,0.19865711050181467,0.1734518975193954,0.06206721479299454,1.3860787830228691,0.08356653117887766,0.7194655707261122,0.9322733933565396,4.873806282936233
2016-03-24,99.6732468704839,100.21500177806554,99.50511628283067,100.18698120117188,19017300,14.739999771118164,61.007033388944926,1.227781126167642,1.101201989616807,0.12657913655083486,0.17374064192101998,0.0599904855795372,1.3377792624665834,0.10966700607472481,0.6661361107189933,0.9325061461981855,3.8800438849943664
2016-03-28,100.46716727620216,100.48585240667063,99.86937137441767,100.04684448242188,13892300,15.239999771118164,60.00511985190746,1.1709318958875343,1.1151479708709526,0.05578392501658169,0.17372824104918805,0.05617546469336834,1.2862579603084678,-0.024713832432743155,0.5015807648724855,0.9315921731754437,3.865110813508932
2016-03-29,99.860061841605,101.7188337332303,99.69193125521787,101.65345001220703,29963900,13.819999694824219,66.74754389731646,1.241210211908637,1.1403604190784895,0.1008497928301475,0.1742279533271797,0.05048170449455194,1.3391611401444652,1.579077584545648,1.0771587058306928,0.9312924588124274,6.4905682876816195
2016-03-30,102.26058796744442,102.78365773220712,101.93366223817667,102.14849853515625,23807200,13.5600004196167,68.50919008574685,1.3216177751586144,1.1766118902945144,0.14500588486410004,0.16484829827212782,0.05564108058239774,1.3242358958484381,2.0653253246293337,0.8777525858679224,0.9306308271800755,3.681244174186671
2016-03-31,102.07379551909641,102.45676248867657,101.84028115997464,101.99906921386719,21447200,13.949999809265137,67.34934214474663,1.3576336948082286,1.2128162511972573,0.14481744361097126,0.1544366150550113,0.05901318070470139,1.2736819981951168,1.9058131728338867,0.8022210772299374,0.9287070916199645,3.490439465948958
2016-04-01,101.38255127407322,103.11989792653486,101.24244129378638,103.08253479003906,26389000,13.100000381469727,71.1616394861175,1.4568099889883541,1.2616149987554768,0.19519499023287734,0.15064476430312285,0.06474932053631063,1.316808757806071,2.9752089115478215,0.9853813381716805,0.92935269210212,4.787815135500528
2016-04-04,103.0825488794228,103.15727516262803,102.44738972475956,102.69024658203125,17163000,14.119999885559082,68.0629338970555,1.4866167443141904,1.3066153478672196,0.18000139644697088,0.1519278438174693,0.06750455688609928,1.273457092096242,2.573732636817428,0.6586998133818189,0.9301970538807885,4.349519539869706
2016-04-05,101.89630070101218,102.27926758931798,101.56938209287989,101.70014953613281,20107900,15.420000076293945,60.85979113533673,1.4140460134087363,1.328101480975523,0.08594453243321332,0.15049742609115963,0.06530543144506781,1.262557620457322,1.5877335385465077,0.7803374778457642,0.9245640380075947,3.983020788503966
2016-04-06,101.80286954002726,103.40944870611546,101.80286954002726,103.37208557128906,25056000,14.09000015258789,67.17688985173655,1.4744479334421925,1.3573707714688568,0.11707716197333573,0.14574541817011227,0.06298294413453326,1.294467731137702,3.2496152939683296,0.9796651833148037,0.9259772033198045,6.575396987707305
2016-04-07,102.77429130830193,102.96110698541796,101.44793206908052,101.8869400024414,28567200,16.15999984741211,58.19237454937941,1.3864953988202444,1.3631956969391343,0.02329970188111008,0.15272313250662575,0.057457678547680205,1.3394452862141903,1.769502413045676,1.1223917892745483,0.9277309461775898,4.372777017195828
2016-04-08,102.52210306062058,102.76495276093259,101.45727860143808,101.81221771240234,22898000,15.359999656677246,57.77370553866907,1.295825448001409,1.3497216471515894,-0.05389619915018029,0.15119156280591822,0.04906526813703102,1.3371759200199274,1.6989401905183463,0.939013342945733,0.9267975036485496,4.455678276600761
2016-04-11,102.25125393879297,102.76498117885995,101.42927895261913,101.4386215209961,25772100,16.260000228881836,55.61911016112473,1.1802179504898334,1.3158209078192382,-0.13560295732940486,0.1517832489822251,0.04605775313666661,1.337070656178563,1.329037929824578,1.0693340442283177,0.9191711503769948,2.2839121524315997
2016-04-12,101.51335070248774,102.48477117886225,100.89686944532451,102.28861999511719,28564100,14.850000381469727,59.33495167324508,1.1439986446714698,1.2814564551896845,-0.1374578105182147,0.1494121556252713,0.04387349291566245,1.354987161704218,2.1760463869663624,1.1773895340725173,0.9165237599551382,2.96696452228542
2016-04-13,103.07321369476905,103.75507860684479,102.94244625293936,103.5962905883789,25356700,13.84000015258789,64.28867789114027,1.2069002769580521,1.266545219543358,-0.05964494258530584,0.1243862597083306,0.04408544528042518,1.3629494081344598,3.4699278048470394,1.047704872379054,0.9100241850640615,4.322429520603421
2016-04-14,103.6149867953575,103.98861117747275,102.7463131356138,103.60564422607422,17199700,13.720000267028809,64.3221571754383,1.2431744924180066,1.2618710741182877,-0.0186965817002811,0.12441573853977238,0.045746084892165646,1.3543314534004944,3.45452927681002,0.73260449273282,0.9101034023868966,3.410510851677362
2016-04-15,103.5215664802427,103.73639565650583,103.08255843358596,103.3440933227539,21353300,13.619999885559082,62.55611777410359,1.236562771588524,1.2568094136123351,-0.020246642023811212,0.12458805608506571,0.04551132929391857,1.3042961512233073,3.1718527586253633,0.9258301375089696,0.9184751045561822,3.2070450882140777
2016-04-18,103.04517675592456,103.93252813119652,102.97979304539179,103.89517211914062,17126100,13.350000381469727,64.75203514778664,1.2612514667006565,1.2576978242299994,0.003553642470657037,0.12496706289137258,0.04635855645148922,1.279184646550552,3.701622999193964,0.7771823921975446,0.9196948203753487,3.59502223477266
2016-04-19,104.0913199703246,104.0913199703246,102.63418612591686,103.260009765625,42481400,13.239999771118164,60.35835676484343,1.2155530034260096,1.2492688600692015,-0.03371585664319188,0.12494628560301647,0.045774783095553336,1.291895303540352,3.050795038641475,1.8235663283221253,0.9101575154351026,2.5605243292322166
2016-04-20,103.26003159107475,103.82046451447624,102.90508527609717,103.3440933227539,18078300,13.279999732971191,60.73815812911048,1.1726044284555854,1.2339359737464783,-0.06133154529089291,0.12126788118667853,0.04552678887337492,1.2650012988859751,3.116227441780139,0.7773045290845862,0.9078429035682687,2.3307478524583702
2016-04-21,103.28804035745019,103.72704835390694,102.88639550178661,103.35342407226562,20216000,13.949999809265137,60.78306044166897,1.1263365798961473,1.2124160949764122,-0.0860795150802649,0.12071055057758005,0.04212321658096595,1.2346906955455719,3.1082998852986297,0.8705224835813543,0.9061844668709719,3.1893801030572932
2016-04-22,102.00838537743577,102.48475654209142,100.99026645583834,101.7935562133789,39074000,13.220000267028809,50.40477360537447,0.9528171932230407,1.160496314625738,-0.2076791214026974,0.13012500074905844,0.03752774980309662,1.3152954756085518,1.5342410446953445,1.612917207243391,0.8962607643516881,1.6035766253712058
2016-04-25,101.4853156288199,101.80289165439643,101.29849991410649,101.7935562133789,14351900,14.079999923706055,50.40477360537447,0.806010640208811,1.0895991797423528,-0.2835885395335418,0.12098381841735902,0.03115785088736759,1.2573737802286513,1.5160756997819247,0.5918638769580987,0.8993308540499331,1.7458938760071874
2016-04-26,102.00837015967362,102.1765007146883,100.99025138996068,101.2984848022461,19118300,13.960000038146973,47.42424730596356,0.6423130785237277,1.0001419594986278,-0.3578288809749002,0.12209666175836968,0.03211678350524342,1.2522934619785782,1.0143327450637565,0.8064625668122112,0.8940895851182264,-0.3491915030117587
2016-04-27,100.26171435050729,100.71940759125555,99.65458276300708,100.48589324951172,33059800,13.770000457763672,42.9364188537461,0.44191807779991166,0.8884971831588846,-0.44657910535897294,0.12465494905710302,0.03665614786336837,1.280265503211466,0.2088705242382662,1.367859654929869,0.8896189293886309,-1.6276355594911807
2016-04-28,100.59796607082714,101.186426717266,99.07545527193004,99.2716064453125,29818200,15.220000267028809,37.261838664230126,0.18301116034172082,0.7473999785954518,-0.564388818253731,0.12706346718667513,0.04578491190001432,1.3396016419346444,-0.9879892728196997,1.2127357138063777,0.8840046044365663,-2.6740075076919223
2016-04-29,99.27160494402617,99.47709868245006,97.96392334829437,98.74853515625,67502800,15.699999809265137,35.109284034062895,-0.06364822152755778,0.5851903385708499,-0.6488385600984077,0.12788543215978812,0.05474364648556799,1.3519997628075762,-1.4925675565751564,2.5335807506894805,0.8929732598241777,-4.204397614607225
2016-05-02,99.00069903889663,99.82267375643609,98.58971880641624,99.68256378173828,24813800,14.680000305175781,41.597231478751354,-0.18166513210951507,0.4318192444347769,-0.613484376544292,0.13096585732376814,0.05844797469404628,1.3434965618941668,-0.5409916848320099,0.9181529635777395,0.894127571105888,-2.928888478118874
2016-05-03,98.9727256441565,99.42107635163612,98.4963543536393,98.75789642333984,38569400,15.600000381469727,37.59031119608631,-0.34582090395214493,0.2762912147573926,-0.6221121187095375,0.1329570753727935,0.06477412476209045,1.3322617666230818,-1.4318693749597227,1.3799992879851428,0.8872449255133636,-2.8930666535034177
2016-05-04,98.1600671983033,98.52435606052741,97.87985431558816,98.12271118164062,27474500,16.049999237060547,35.08981117871856,-0.5211620447170731,0.11680056286249946,-0.6379626075795726,0.1335252805392656,0.07077511319140305,1.2998175052751246,-2.029428694755539,0.9787928512442919,0.8827173106895453,-5.07813532119199
2016-05-05,98.4776706237127,98.69250695835078,97.89855247814721,98.0947036743164,20788100,15.90999984741211,34.97932166384771,-0.6548326308611365,-0.03752607588222774,-0.6173065549789087,0.13172114931975593,0.07690932797911026,1.2636844320557277,-2.0211509400332712,0.7509927901354096,0.8830515406066588,-3.7220043393531355
2016-05-06,97.60896867901639,98.63643008195851,97.51556439261988,98.61775207519531,30758500,14.720000267028809,38.85168947684811,-0.7103731591846838,-0.17209549254271897,-0.5382776666419649,0.13284373712700384,0.08052656759468896,1.2534830932902206,-1.4707143644037777,1.0956281379290693,0.8855914070627884,-3.1376053964669692
2016-05-09,98.62707184284142,99.35564226405545,98.58037327020905,98.89794921875,19289600,14.569999694824219,40.88285386856519,-0.7234404886226002,-0.2823644917586952,-0.44107599686390503,0.13316033332269142,0.08307567336456141,1.2193249433299473,-1.1659719407479499,0.6951276093727055,0.9028758147636293,-2.50464001200984
2016-05-10,99.25292415222324,100.29906369845207,99.07545099650605,100.25236511230469,21178900,13.630000114440918,49.59811513793652,-0.6173895160340095,-0.3493694966137581,-0.2680200194202514,0.1307844592301396,0.08275762160393792,1.2323099102136708,0.2008319235219532,0.7735040292412857,0.9083404048031671,-1.9906954291784351
2016-05-11,100.10289744524924,100.40179543144686,99.31829290383929,99.3463134765625,20966300,14.6899995803833,44.836203096930106,-0.599542992600334,-0.3994041958110733,-0.20013879678926066,0.1320922517420125,0.08061285678952317,1.2216808114560915,-0.6913391757987037,0.7719282226741374,0.902741947095434,-4.102441397928924
2016-05-12,99.57984813279671,99.7012730148803,98.20678277800269,98.9073257446289,29196300,14.40999984741211,42.69725488854014,-0.613747239265507,-0.44227280450196005,-0.17147443476354696,0.13248024236484124,0.0781085609707348,1.2411671989862,-1.110281818969673,1.051710552028897,0.8939860511292695,-4.53480938856311
2016-05-13,98.82325743307068,99.43038892937864,98.34688625210329,98.54303741455078,21059300,15.039999961853027,40.95136294682186,-0.6469416897442812,-0.4832065815504243,-0.16373510819385695,0.1279942949779346,0.07581833578365081,1.229905447435425,-1.4509798106120937,0.7590010478959637,0.8900877283195109,-4.645699385265245
2016-05-16,98.6924982090693,100.14028275519563,98.5990867775907,99.7760009765625,18311900,14.680000305175781,48.61052492823334,-0.5672201153464442,-0.5000092883096283,-0.06721082703681591,0.134001586781137,0.0686298222513587,1.256144011236098,-0.19781450320301391,0.6585743434765198,0.8945410022998501,-3.964737781900507
2016-05-17,99.69194764452762,99.98150315290616,98.26283386214577,98.52437591552734,29932700,15.569999694824219,42.5735431642568,-0.5981408797002814,-0.519635606587759,-0.07850527311252242,0.13589315317900003,0.06367116173730647,1.2891815312021186,-1.4243072583604515,1.1013605524776906,0.8927821521947193,-4.586125704274469
2016-05-18,98.30020007620679,99.41173067727003,98.11339144426168,98.87931823730469,27524400,15.949999809265137,44.672012583813974,-0.5872356422892722,-0.5331556137280616,-0.054080028561210525,0.12631524532474617,0.05573511822914737,1.2898356527597064,-1.0469771919150348,0.9954490441039652,0.8843450559793554,-4.32030021445472
2016-05-19,98.49633751771125,98.73919440634684,97.64634909692398,98.36557006835938,27334600,16.329999923706055,42.26463123323109,-0.6129822687088762,-0.5491209447242246,-0.06386132398465161,0.12084350492252158,0.04528220578917225,1.2857737590183491,-1.5374376745681215,0.9760208154168912,0.886234444224152,-4.826017181993603
2016-05-20,98.75788859375787,99.8507340033388,98.7018403058335,99.44908905029297,29549600,15.199999809265137,48.5607759536161,-0.5397340114337084,-0.5472435580661213,0.007509546632412989,0.1258824528338708,0.039640275845176584,1.3000159144441403,-0.4303378941898495,1.0733621153256936,0.8854406451342025,-2.3031587168165
2016-05-23,99.56115571564646,99.91610202027404,99.22490167244352,99.31830596923828,15729800,15.819999694824219,47.88203341708677,-0.4866277991064436,-0.5351204062741859,0.048492607167742285,0.12559292864392865,0.032262059566318085,1.256529088257453,-0.5464374664611722,0.5699442440334449,0.8858005583360862,-2.431637459400693
2016-05-24,99.86940460447364,101.42927858202083,99.84138402573677,101.30785369873047,29931300,14.420000076293945,57.5926728989479,-0.28076439166423484,-0.48424920335219573,0.2034848116879609,0.13692164944749882,0.03231232694061311,1.3175607685806738,1.4501975241153722,1.0636759941278253,0.8887954041697781,0.009248802193506656
2016-05-25,101.69081086435209,102.34464805984673,101.51333771430741,102.03640747070312,37951700,13.899999618530273,60.49536115288395,-0.05815755340641715,-0.39903087336304005,0.3408733199566229,0.13319150957468148,0.039497259486484804,1.2975060251903587,2.1864282991390036,1.3370767456481334,0.8655303315660392,1.5430168066888683
2016-05-26,102.139168333509,102.46608697606561,101.89631143062756,102.33531951904297,21885900,13.430000305175781,61.65503103702205,0.14075711351108566,-0.2910732759882149,0.4318303894993006,0.13354930726143624,0.04785878908286461,1.2455252766366223,2.484122129566953,0.7819892258928728,0.8668431002415053,3.086192702460422
2016-05-27,102.40068534158102,102.87705649531688,102.38200733368326,102.86771392822266,19870000,13.119999885559082,63.69902372181747,0.337468077628742,-0.16536500526482356,0.5028330828935655,0.13434493549457885,0.05611816339695443,1.1952546837535714,3.014693698047736,0.7759951542285487,0.8723339039338214,4.171382153117387
2016-05-31,103.00782451132056,103.22266079795713,102.54079592204087,103.0638656616211,24366100,14.1899995803833,64.45089410221694,0.503387996024756,-0.03161440500690764,0.5350024010316636,0.13350114362419543,0.06367173721573453,1.1585839831937634,3.206648704186458,0.952416689777315,0.8710614363157961,3.392069537142328
2016-06-01,102.74632349255504,103.30675655907399,102.66226173940908,103.0732421875,19571500,14.199999809265137,64.48875797419771,0.6283936037153808,0.10038719673755003,0.5280064069778307,0.13233251704107307,0.0689277914983555,1.1218633286559885,3.212326490692067,0.7945058669984635,0.8757837854295139,4.3696209826724175
2016-06-02,102.86771777107309,103.29738323167962,102.30728487142505,103.28804779052734,15696600,13.630000114440918,65.39801300297896,0.7363067791707181,0.22757111322418366,0.5087356659465344,0.13245375787817246,0.07217731445954127,1.1124515451987438,3.4270029300699196,0.6528103647151519,0.8750419620863409,5.264160097782944
2016-06-03,103.09190023702293,103.13859882329022,102.12981529287268,102.80233764648438,20269900,13.470000267028809,61.55976481841269,0.7737170700548575,0.3368003045903184,0.43691676546453906,0.13315675968477858,0.07244000085247959,1.1157216132313097,2.9400044306231696,0.8439200299599334,0.875118612807846,4.799070485800905
2016-06-06,102.9891481379137,103.44683416731057,102.81167499075761,103.17595672607422,12502400,13.649999618530273,63.342034478527665,0.8240142094891496,0.4342430855700846,0.389771123919065,0.12574374531598181,0.07375469991181875,1.0820626780595157,3.308057001498197,0.541090299723794,0.8753715285386955,4.622093441557373
2016-06-07,103.23199710429611,103.33474396490233,102.86771537170713,102.91442108154297,12184300,14.050000190734863,61.20286280474008,0.8331670825934197,0.5140278849747516,0.31913919761866805,0.1260420899967308,0.0740151245198808,1.0381316719977784,3.026914781029299,0.5355577361990359,0.8625202141677877,4.061228665024208
2016-06-08,103.09190368652344,103.30673286838194,102.70893678434484,103.09190368652344,14568700,14.079999923706055,62.13735183460116,0.8450015119744876,0.5802226103746988,0.2647789015997888,0.12509619826936286,0.07595888393994092,1.006679130000587,3.161998585827298,0.649803424729479,0.86405177039888,2.832390608478752
2016-06-09,102.67156765036366,103.03584939513176,102.47541648981861,102.92376708984375,17571600,14.640000343322754,60.64704627247019,0.8312312479427675,0.6304243378883125,0.20080691005445495,0.12260856262383187,0.07579624238231415,0.9788082776223183,2.9333385584285803,0.7897195694645003,0.8647648105401754,3.6009928180427586
2016-06-10,101.98970937161792,102.18586053120019,101.40124876658014,101.75619506835938,32965000,17.030000686645508,51.42363697444525,0.7178302103300638,0.6479055123766628,0.06992469795340095,0.12194825341299387,0.07278714195806335,1.0176447094538392,1.7101969902766145,1.4691028267249702,0.8687736034734113,2.880342080106413
2016-06-13,101.17707403314759,101.74684948632047,100.77542915839115,100.90619659423828,25154700,20.969999313354492,45.94537521250684,0.5529966961984201,0.6289237491410143,-0.07592705294259428,0.1236099465015669,0.06825166544926338,1.0150105094905812,0.8329709494426,1.110894960106891,0.8799383810358676,2.3980985787419584
2016-06-14,100.63531915532899,101.27047832642543,100.16829056264896,100.90619659423828,24588500,20.5,45.94537521250684,0.417551672919231,0.5866493338966576,-0.16909766097742662,0.12082780756269211,0.06667980101767655,1.0212374562252875,0.8175478087518254,1.0710459538977843,0.879974781748914,1.1327329283735033
2016-06-15,101.14905814828091,101.28916815784027,100.44851522677529,100.61664581298828,24605700,20.139999389648438,44.08973637112314,0.2835772855447374,0.5260349242262736,-0.24245763868153625,0.11774085312928431,0.06147403554390868,1.00833856157098,0.514237999075363,1.0843759771170345,0.8806095993198391,2.1236063441343767
2016-06-16,100.12161053191006,101.00896217191399,99.47710867417098,100.91555786132812,32079900,19.3700008392334,46.492280940415874,0.19922478321809933,0.4606728960246388,-0.26144811280653946,0.11596808135566607,0.056593287712949206,1.0457324855832681,0.7911824634011789,1.3997143840735742,0.8830655081339887,2.05931802557191
2016-06-17,100.7066966965466,100.84717989511626,99.49855262128328,99.7326889038086,29208800,19.40999984741211,39.2960273713646,0.036506355630493204,0.3758395879458097,-0.3393332323153165,0.12163475046015543,0.05118860728757483,1.0722519680448093,-0.4207598168228398,1.269252496458462,0.8778658635050041,1.389834709948956
2016-06-20,100.89400650623561,101.37163936140564,100.28525076375406,100.36017608642578,20562800,18.3700008392334,44.22772949711724,-0.041339661166730934,0.29240373812330156,-0.3337433992900325,0.12199177207981424,0.048426245500243784,1.112730431584255,0.18511850564154952,0.9113399393527354,0.8794153159287043,0.9161341193100858
2016-06-21,100.49130556835404,100.88465284825368,100.30399223606395,100.6786117553711,22804100,18.479999542236328,46.59873625306452,-0.07645674733227281,0.2186316410321867,-0.2950883883644595,0.12204820493013506,0.044078620338233156,1.0747254444846461,0.4783332134373307,0.9950746117234059,0.8800222953907938,1.369642557691364
2016-06-22,100.73476793704742,101.32479580158649,100.35078824061668,100.43507385253906,22724200,21.170000076293945,45.02231659891378,-0.1225263569775592,0.15040004143023755,-0.27292639840779676,0.11582840921018998,0.045662446456867366,1.067531309947872,0.20620837557165833,1.0074293045677942,0.8766529742457382,-0.8615125227969811
2016-06-23,101.21242515609185,101.88673874791654,100.79098273383734,101.86800384521484,18714200,17.25,54.726976049075574,-0.0429166630448492,0.1117367005352202,-0.1546533635800694,0.11951133769110939,0.04564848291779065,1.0949694231928437,1.612659980078217,0.8666089828798627,0.8831451974844969,-0.1650426839426289
2016-06-24,98.24358005618622,99.74205075109191,97.4568784755658,97.67228698730469,68012700,25.760000228881836,35.15754242225712,-0.3147563768278019,0.026438085062615788,-0.3411944618904177,0.17033705140475253,0.058033491658786296,1.3318377050825723,-2.5797141967121973,2.845590482607798,0.9213914152571988,-4.556620875034811
2016-06-27,97.0260645291579,97.0260645291579,95.29345763752987,95.73363494873047,48222600,23.850000381469727,29.846823679904702,-0.6787995473778778,-0.11460944142548293,-0.5641901059523949,0.17928394152795912,0.07621967308227644,1.4066228225605897,-4.506179365253186,1.9046227267063118,0.9258316879001967,-6.9351973588818066
2016-06-28,96.79192404433742,97.87831967096298,96.745101081634,97.83148956298828,28260600,18.75,40.34763105647715,-0.7889327226272798,-0.2494740976658423,-0.5394586249614375,0.18728803331664645,0.08017359164540258,1.4593415296800125,-2.413832674716817,1.1076750136398699,0.9318991626644422,-5.07682888182337
2016-06-29,98.599461912717,99.77014322749618,98.55263894728886,99.56410217285156,31356700,16.639999389648438,47.35625696962684,-0.7280146007665991,-0.34518219828599367,-0.3828324024806054,0.19099448649119447,0.07902348701228684,1.493578110739147,-0.6958712661328467,1.2012818597309858,0.9350416414132863,-3.404511141955713
2016-06-30,99.73267409563094,100.78160705789819,99.39551732723329,100.71604919433594,36300800,15.630000114440918,51.44122468454914,-0.5800970551360791,-0.3921651696560108,-0.18793188548006834,0.19352702692332768,0.07596616909070708,1.4859003693052717,0.44262714717640167,1.3378881955529283,0.9348355974995648,-2.4901221885881064
2016-07-01,100.66922122701808,101.59640593246023,100.63175856914727,101.22178649902344,19902800,14.770000457763672,53.15968245972089,-0.41725273091901727,-0.39718268190861206,-0.02007004901040521,0.19309365220774344,0.0738243817487605,1.4486680117343924,0.9367519527837604,0.7340264297164383,0.9318604178019977,-1.5374661546083912
2016-07-05,100.68796098348217,100.8284441709536,100.06047036547933,100.60366821289062,21167900,15.579999923706055,50.79369607100309,-0.3342217107718568,-0.38459048768126103,0.05036877690940422,0.1917692469171547,0.07023709686646999,1.4281428775779434,0.3134758272850094,0.7684053517100984,0.9325151558048976,-2.4931084671333426
2016-07-06,100.12605154930014,101.47467178912257,99.80762246325358,101.42784881591797,24579300,14.960000038146973,53.74953937257245,-0.19961352197321958,-0.34759509453965276,0.14798157256643318,0.19298209415036158,0.067402779198638,1.4452076238844465,1.117056510456941,0.8726095745534406,0.9327542058621456,-1.4444742048805082
2016-07-07,101.52149798160362,101.95230790289942,101.2498990245377,101.7275390625,19161700,14.760000228881836,54.812492112901786,-0.06796955356350054,-0.2916699863444223,0.22370043278092178,0.18432544917265192,0.06416336234397156,1.3921505706328234,1.3975924092403447,0.6747735606606701,0.9306771872218662,-1.3234449799007786
2016-07-08,102.27072089404255,103.35711662736739,102.1021424921567,103.3009262084961,29457900,13.199999809265137,60.00896017237948,0.16145725445592518,-0.20104453818435283,0.36250179264027804,0.18856314463649584,0.06540956515059128,1.4091096416495783,2.9317712492379537,1.0160858967674886,0.931923334465946,0.36644511692145443
2016-07-11,103.64741126839358,104.27489456933061,103.63805096499077,103.89091491699219,20218500,13.539999961853027,61.7836867195701,0.3864322602263144,-0.0835491785022194,0.4699814387285338,0.1890489751247727,0.07121224669473362,1.3780281215913597,3.4827162532671143,0.7130684603561657,0.9318442479598197,2.097877035593476
2016-07-12,104.52780852657109,104.69638694545154,104.27493732561408,104.41542053222656,21906100,13.550000190734863,63.341221881676695,0.6001318464728058,0.053187026492785644,0.5469448199800202,0.18901675851868333,0.07873236872527135,1.337131257796216,3.963524826869027,0.7770382795842335,0.9315628093916173,3.477709056956635
2016-07-13,104.65888899910192,104.72444685405118,104.153153912949,104.16252136230469,21107800,13.039999961853027,62.028530869252016,0.7405468951168928,0.19065900021760707,0.5498878948992857,0.18916647173572243,0.08418220993018516,1.2824285208894997,3.6673075725276396,0.7533722812552255,0.9313844038237453,3.2270810693229013
2016-07-14,104.85558608097348,105.07099459284446,104.61208236000451,104.87432098388672,20871000,12.819999694824219,64.27277643029677,0.8989011407036713,0.33230742831481996,0.5665937123888514,0.1900709089146115,0.09085363024140573,1.2557174287216617,4.313236944763672,0.7499186159903589,0.9385947777725585,4.231581301976606
2016-07-15,105.11780153627862,105.17399909118018,104.47159038971265,104.70572662353516,17999300,12.670000076293945,63.31819826482375,0.9992748469250614,0.46570091203686825,0.5335739348881932,0.19012960575430968,0.09594327562892534,1.216195376774938,4.081608088131521,0.6635199850775925,0.938624586674666,3.7557824011786645
2016-07-18,104.77129735389096,105.58608697471333,104.75256245153201,105.3987808227539,20713900,12.4399995803833,65.58122010956549,1.121813842370372,0.596923498103569,0.524890344266803,0.19025637380025975,0.1009444134411422,1.1922071606608833,4.713704639966791,0.7757362723621178,0.9412676296383692,5.6812786070675525
2016-07-19,105.03351303674988,105.34257457177121,104.82747201340231,105.01477813720703,18936700,11.970000267028809,63.2527573571265,1.1744032816372396,0.7124194548103031,0.4619838268269365,0.19051716289709045,0.104366436816982,1.1478572784245051,4.279839056577299,0.7113460306059816,0.9577781461201443,4.637897453241724
2016-07-20,105.58606773941375,106.43832700969242,105.45495202787401,106.24165344238281,24997900,11.770000457763672,67.2532120573878,1.3000927153032364,0.8299541069088898,0.4701386083943466,0.19288736631379047,0.1102980400812239,1.1675495351431395,5.447487370986242,0.9351781084097157,0.9546297626509149,5.525544691189022
2016-07-21,106.31657552765625,106.52261655204602,105.7078270495764,105.99815368652344,18885400,12.739999771118164,65.72391857583892,1.3643269894709533,0.9368286834213027,0.42749830604965067,0.19313148692024246,0.11393617130585329,1.142352389952174,5.163818131388951,0.7116176420162412,0.9577175999072033,5.5389811751940465
2016-07-22,106.07308725998102,106.56008750944717,105.74529794348736,106.43833923339844,20003400,12.020000457763672,67.17696174441949,1.4342196183904434,1.0363068704151308,0.3979127479753126,0.19317446026691507,0.11882766554357865,1.118955045381291,5.5536747048088895,0.7519184758195928,0.9665393636880181,4.486526893300158
2016-07-25,106.35407078171059,106.47582623086402,106.09183926856912,106.4477310180664,12968100,12.869999885559082,67.20890214360905,1.4733836196724894,1.1237222202666026,0.3496613994058868,0.1895348787831591,0.11430148228231682,1.0664573251608345,5.519171486525224,0.5437148755687412,0.9651504681254567,8.984579251126101
2016-07-26,106.41023945229021,106.95343009115378,106.0356200444295,106.56945037841797,21223800,13.050000190734863,67.6482969571755,1.4969867762642792,1.198375131466138,0.2986116447981413,0.18719698328622153,0.09758692976465348,1.0558396624153656,5.597401930961619,0.9432389167049613,0.9649038855309803,11.318713047395047
2016-07-27,107.46853710457223,107.5902853804105,106.85978143483851,107.309326171875,27646100,12.829999923706055,70.25723712058999,1.5574410303226216,1.2701883112374346,0.287252719085187,0.18766879329421945,0.08810496688452497,1.0533393295280207,6.286292910375524,1.2303420677691463,0.9592033388990623,9.687920168878206
2016-07-28,107.47791127856497,107.8057006149974,107.140754491014,107.68395233154297,16939700,12.720000267028809,71.51004009016029,1.6169415665490021,1.339538962299748,0.2774026042492541,0.18710352419746037,0.08372863795687595,1.0255969577034059,6.612290865895644,0.778858088301726,0.9581042501600753,8.155399367328876
2016-07-29,107.92745112635262,108.20841750353551,107.58093402580174,107.9180908203125,22385300,11.869999885559082,72.29547740513036,1.663809825470949,1.4043931349339882,0.2594166905369608,0.18709417989059435,0.08172192294271596,0.997160280562718,6.794360056380409,1.0632513253058973,0.9576523009659376,7.150838107320823
2016-08-01,107.99302731693427,108.76099411355163,107.86191155740981,108.48939514160156,13990100,12.4399995803833,74.16691498701903,1.7271433095101116,1.468943169849213,0.2582001396608986,0.1824497381889327,0.08083230447908321,0.9901547288183681,7.30588990017237,0.6739620083731593,0.954681181208123,7.179885767623984
2016-08-02,108.33017599773248,108.42382908386135,106.97218838568267,107.66522979736328,21278400,13.369999885559082,67.12280254227699,1.69133563211426,1.5134216623022225,0.17791396981203755,0.1846163650794236,0.07279480980249663,1.0278013021826913,6.450189433745342,1.0247973368677372,0.955225793812596,7.019188971846901
2016-08-03,107.58094033101544,108.0304779865289,107.51538245853338,108.02111053466797,15011300,12.859999656677246,68.5134466658822,1.6723960504396587,1.5452165399297098,0.1271795105099489,0.1846215172279331,0.06629631071055185,0.9911794611693213,6.761751811644845,0.7400153412945055,0.9554061205637527,6.500445189088211
2016-08-04,107.98362974977529,108.4331673000977,107.73075862560722,108.33014678955078,12835300,12.420000076293945,69.71153307194466,1.6631511671759824,1.5688034653789644,0.09434770179701801,0.1840534565535665,0.05896801996378108,0.9705529764065463,7.028207744976552,0.6427677176395177,0.9540979627745773,6.4904821132006685
2016-08-05,108.88273540932349,109.61323944463444,108.76097997325695,109.36973571777344,23196600,11.390000343322754,73.3809158863549,1.7198849062757375,1.599019753558319,0.12086515271741849,0.18196468031446467,0.059089323962503354,0.9928772391691975,8.00766188202017,1.1801441156995656,0.9537975221659619,5.874883926043828
2016-08-08,109.42593983125072,109.4540421898174,108.90147679570666,109.24800109863281,12358200,11.5,72.27670702615934,1.735023565225589,1.6262205158917733,0.10880304933381568,0.12735370136463187,0.05886620858158802,0.9614263930935936,7.837283955114422,0.6415604857465612,0.956112226705445,5.156452983324744
2016-08-09,109.33227608358095,109.84737876134328,109.26671821052685,109.5008544921875,13276500,11.65999984741211,73.17947218295134,1.7472826306667173,1.6504329388467622,0.09684969181995506,0.10605253383936906,0.05942388600838368,0.9355657694947987,8.04613359727808,0.7050252665251996,0.958808600858877,4.870385939202704
2016-08-10,109.56641918402295,109.59451439632716,108.92956817246116,109.21990203857422,14688400,12.050000190734863,70.43494899444929,1.7145630972549526,1.6632589705284004,0.05130412672655216,0.09421675737106588,0.05683129271125997,0.9162358019498843,7.744948806399339,0.793527052819867,0.9580915137657946,4.855278664653895
2016-08-11,109.59450353189808,109.92230003034553,109.36973471047378,109.68816375732422,12969800,11.680000305175781,72.29962663649698,1.7067431657670369,1.671955809576128,0.03478735619090889,0.08438374372347351,0.05634212248080872,0.9009616726514145,8.180678929721315,0.7159618905880749,0.9568661476184687,4.590106260785332
2016-08-12,109.50085292316221,109.77245186342952,109.37910463074121,109.7630844116211,19379000,11.550000190734863,72.59741943039606,1.6871429506618085,1.6749932377932641,0.012149712868544382,0.08087915200180809,0.05396295973435355,0.8647034983683358,8.22909633550315,1.0657056856242468,0.9575061954856796,4.830067992622267
2016-08-15,109.90355680202549,110.4842172874316,109.8660941437472,110.2313461303711,11777800,11.8100004196167,74.44647973557306,1.6899141676658616,1.6779774237677836,0.011936743898077973,0.08073519131485045,0.05370928367763499,0.8544484538999197,8.667410090275334,0.6640097556630372,0.957419717227356,4.5850296084012365
2016-08-16,110.02532669737562,110.03468700422258,109.60387709527299,109.62261199951172,14161400,12.640000343322754,68.02071952597782,1.6242670803193846,1.6672353550781038,-0.04296827475871923,0.08018732512106415,0.04896458421038333,0.8382356382712184,8.046399458452616,0.8092864439348806,0.9583862009680185,4.387795645565551
2016-08-17,109.65070412469602,109.85674519388903,109.04194836897273,109.81928253173828,15980300,12.1899995803833,68.95310363704965,1.5700128283558001,1.647790849733643,-0.07777802137784295,0.07863184546749813,0.04763745815809961,0.8365614373172957,8.215726292013843,0.9373849737897886,0.9582581750995915,3.36744485184024
2016-08-18,109.71625822202226,110.00658491211074,109.5289449177136,109.84737396240234,10036300,11.430000305175781,69.09172183107067,1.5118549635557628,1.6206036724980672,-0.10874870894230448,0.07893391080018831,0.04448601619794055,0.8109241913944273,8.225082315205357,0.6044037773504708,0.9575012853041788,3.6314031348720466
2016-08-19,109.65070412469602,110.06277911780984,109.35100997276224,109.81928253173828,18743000,11.34000015258789,68.76110150266675,1.4468196566246263,1.5858468693233791,-0.13902721269875284,0.06916940004668336,0.04168044315950953,0.8038416880839394,8.181219934338193,1.133036759767553,0.9571289166964444,3.1764337199268855
2016-08-22,109.66006073000005,110.09087775755648,109.45402681303337,109.903564453125,14500600,12.270000457763672,69.23674447362956,1.3861014394344977,1.5458977833456031,-0.15979634391110542,0.06837548909415038,0.0378661619003858,0.7919137778295949,8.247651553294821,0.8725369526674307,0.957661506715713,3.2465073722163895
2016-08-23,110.33436360477134,110.52167689098556,110.05340439335693,110.10022735595703,11997900,12.380000114440918,70.37040691673756,1.3384223676233375,1.5044027002011502,-0.16598033257781264,0.06771486025381866,0.03344369786093446,0.7794993964032353,8.42214709151156,0.7425545873149477,0.9574587056467312,3.3131230057034333
2016-08-24,110.02531680804724,110.1751603021268,109.02321387951851,109.38846588134766,17728700,13.449999809265137,61.53244094005871,1.2290355997953384,1.449329280119988,-0.22029368032464958,0.07083523650733488,0.02997514197510275,0.8061027554178821,7.706328328195513,1.1319758417492831,0.9594083635851208,1.9375200494154088
2016-08-25,109.10750497929052,109.5476823228797,108.97638923591572,109.21052551269531,24266300,13.630000114440918,59.51988016869247,1.11513293918523,1.3824900119330366,-0.2673570727478065,0.06968242595370475,0.02718837889607147,0.7893306362426031,7.511194211428444,1.5139885925058927,0.9599669186866433,1.417642228112359
2016-08-26,109.24798742697897,110.0815119949899,108.71415700538465,109.36973571777344,23896000,13.649999618530273,60.7566586955181,1.0258854244207356,1.3111690944305765,-0.2852836700098409,0.06911178259349551,0.0247363278777145,0.8306180900542205,7.645705587099543,1.4838922613242571,0.9590488581094083,1.3451358214610964
2016-08-29,109.39782922159384,109.80991134596765,109.37910146379137,109.51958465576172,11184900,12.9399995803833,61.93545361794382,0.9562249173146284,1.240180259007387,-0.2839553416927585,0.06736102406116581,0.023724703951604035,0.8027293427785055,7.769465741886925,0.700661860444575,0.9569673573224192,0.9495762353689319
2016-08-30,109.34162686369042,109.66004872846693,108.78906875295311,109.16368103027344,19843300,13.119999885559082,57.51641767594134,0.8623592744738744,1.1646160621006845,-0.3022567876268101,0.06711983808213605,0.018999830519854446,0.8076043879738851,7.392095316774087,1.2486675333730188,0.9573113940251659,1.3917689450255954
2016-08-31,108.99511011655657,109.16368851101149,108.59239546009604,109.05130767822266,16169800,13.420000076293945,56.15407887489313,0.7700261042843408,1.0856980705374157,-0.3156719662530749,0.05973995766178401,0.015184656018023133,0.790725006755425,7.24425334160734,1.0138120273952076,0.9592292391602489,0.9536998263168783
2016-09-01,109.08878641624018,109.46339877444618,108.55495594599664,109.33228302001953,20944700,13.479999542236328,58.78289572510498,0.711324062549437,1.01082326893982,-0.29949920639038297,0.05915917882343442,0.0116859946644041,0.7991334225907188,7.489476439029465,1.2806317343805171,0.9593419903397629,0.9250760385431489
2016-09-02,109.87546991763247,110.10023873905676,109.27608163031965,109.68816375732422,18088200,11.979999542236328,61.8988440078809,0.6856155238521069,0.9457817199222773,-0.26016619607017044,0.05880481699748468,0.011616072605630244,0.8009208287440327,7.806638444445194,1.123521737091491,0.958836740790239,0.291148220722115
2016-09-06,109.87546606312081,110.37183380126953,109.63196234704476,110.37183380126953,18525200,12.020000457763672,67.05195161699609,0.712198005314491,0.8990649770007201,-0.18686697168622912,0.0606363087453845,0.012877547099373892,0.7965601591355139,8.452620534705655,1.1290411542485161,0.9571417698769593,1.0286986410141141
2016-09-07,110.47483295284589,110.62468356305756,110.01592796329578,110.43737030029297,17546900,11.9399995803833,67.50564284125551,0.7301365020482393,0.865279282010224,-0.13514277996198465,0.060662825557867124,0.014315899356346005,0.7831455477516757,8.491100407477262,1.0556796423892656,0.9562155071264671,0.8552589040958347
2016-09-08,110.10961302240915,110.13770823367136,109.50085724572905,109.79119110107422,20125300,12.510000228881836,58.8945164495336,0.6843231773059841,0.829088061069376,-0.14476488376339192,0.06145872070139193,0.013809506008345967,0.7941003696668358,7.837763598340921,1.191320567302837,0.9553881982673331,0.5230631522616047
2016-09-09,108.87336096196064,109.11686467317527,107.00963833197603,107.02836608886719,50813300,17.5,37.102160785649154,0.42023469481272,0.7473173878180449,-0.3270826930053249,0.09653713674725092,0.0254025982691649,0.9360612553405036,5.118701799946219,2.7049292683777253,0.961617722377138,-2.4248720895188036
2016-09-12,106.428994385357,109.0981467369025,106.41962693281889,108.94830322265625,39646000,15.15999984741211,50.742372734705214,0.3616961429072916,0.6701931388358943,-0.3084969959286027,0.10978816358768473,0.02582958974546626,1.060522580250726,6.988318080869408,2.0024450983001745,0.9633914258060376,-0.7423089405080296
2016-09-13,108.40510650281303,108.7235284399154,107.44983354623311,107.97429656982422,45863900,17.850000381469727,45.36726039869871,0.23401217531493046,0.5829569461317016,-0.3489447708167711,0.11193682608618924,0.02794718793531612,1.091804515691613,6.021470854239254,2.1328971171598514,0.9660127605090026,-2.047556924395577
2016-09-14,108.08668755540002,109.0794232047346,108.0585851966965,108.48939514160156,28221800,18.139999389648438,48.475696940853545,0.17239855770981194,0.5008452684473237,-0.32844671073751175,0.1105021831406462,0.028855608394396885,1.0927560956358104,6.514926378052064,1.270901895513489,0.9642964041692578,-1.033743711484636
2016-09-15,108.51747409728814,110.34373402914876,108.50810664640717,110.17515563964844,38521400,16.299999237060547,57.082034294547,0.2566377453823634,0.45200376383433166,-0.19536601845196827,0.1187916623785362,0.029362380743221984,1.1471548664866238,8.14711298402917,1.6509283455852022,0.9642375864685927,0.324053389993062
2016-09-16,110.05688224002097,110.23527394878569,109.57804548464851,110.12260437011719,27596500,15.369999885559082,56.76372512422901,0.31552033820729264,0.4247070787089239,-0.10918674050163124,0.11865434909694032,0.029730846866658823,1.1121601234616632,8.078548131770589,1.139824424124635,0.9637076607369276,0.2505571119151728
2016-09-19,110.40424522571602,110.74224673013357,109.42780439425809,109.64374542236328,16222900,15.529999732971191,53.818680805142435,0.31985817620420676,0.4037372982079805,-0.08387912200377373,0.11630030987301851,0.029598072274990384,1.126608852919793,7.590723858540429,0.673563577270338,0.9599703299309416,-0.1598417921955253
2016-09-20,110.03805615416226,110.30095173202407,109.66250536927524,109.85028076171875,18078600,15.920000076293945,54.90539901369071,0.3360874133731073,0.3902073212410059,-0.05411990786789855,0.11635088714277007,0.02953942040361406,1.0930800998298644,7.764896613396415,0.745076673008002,0.9412160634266623,-0.04848222318483142
2016-09-21,110.31973474762007,111.08962537592762,109.67189741731244,110.93001556396484,31546800,13.300000190734863,60.18074716656583,0.43110526246383074,0.3983869094855709,0.03271835297825987,0.11952744627150166,0.03154625738382599,1.1162692326002446,8.802641074962187,1.2497977043780042,0.9327250299926545,0.7536662075411371
2016-09-22,111.57786866460133,111.93465203899497,111.46520626272887,111.81259155273438,22614400,12.020000457763672,63.89843017591582,0.5710414879215051,0.43291782517275773,0.13812366274874738,0.1210929855113863,0.036790524234205736,1.108295464202379,9.639296026305374,0.8873329903974015,0.9253983725300775,2.2160706358347992
2016-09-23,111.72808510775481,111.72808510775481,110.93941971002333,111.09902954101562,22213400,12.289999961853027,59.0945621703339,0.6172482107734965,0.4697839022929055,0.14746430848059094,0.12237242608843349,0.038632742744700514,1.0915009198101409,8.91466737016113,0.8751233346984113,0.9195838532172584,1.7292326169612515
2016-09-26,110.46996965286114,110.60141388067449,110.00990769234123,110.16951751708984,16403900,14.5,53.45674060461728,0.5722667841959606,0.49028047867351654,0.08198630552244401,0.12500818473324052,0.03876942615114848,1.0913309861575875,7.975084763205461,0.6559314090855292,0.9216971750804052,0.7312642698344085
2016-09-27,110.09441308596443,111.31496766921651,109.99113445373582,111.25863647460938,20238400,13.100000381469727,58.45776172316746,0.6173846513325429,0.5157013132053219,0.10168333812722108,0.12764803204492833,0.0406745755638407,1.1079382882520947,9.01061095115978,0.7948711050347715,0.9228890173491263,1.5878911742715163
2016-09-28,111.39945560632472,111.51211797933944,110.87367160062452,111.44639587402344,14794300,12.390000343322754,59.27026392075988,0.6606756429018361,0.5446961791446248,0.11597946375721135,0.12647542380886911,0.0423852988738851,1.074403151856582,9.148684941350092,0.5868708071412406,0.9170682993439571,2.0910936881259667
2016-09-29,111.25864891343278,111.46520620098329,110.16014751674041,110.63897705078125,27207500,14.020000457763672,54.347634284858586,0.6226545405063035,0.5602878514169605,0.062366689089343064,0.1284202620825193,0.0421668504089053,1.090878547027032,8.320808123594816,1.0561643000744934,0.9182004197006777,1.45589209919732
2016-09-30,110.93002685923683,111.79380527881813,110.81735730587579,111.46519470214844,25543200,13.289999961853027,58.17561827792579,0.6516792496729096,0.5785661310681502,0.07311311860475933,0.130098707224434,0.04339417135733458,1.095446381384878,9.091317951810977,0.9827862732653869,0.9203810727985182,1.9508525965184154
2016-10-03,111.32439296907552,111.4464463161418,110.87372178352028,111.30561828613281,19216400,13.569999694824219,57.17838303972313,0.654263119683435,0.5937055287912072,0.060557590892227786,0.1302042314572583,0.0443097160576658,1.059448276902255,8.905936115082376,0.7377585254043603,0.9142382913227102,1.4745934961470253
2016-10-04,111.63420039746829,111.87831419231466,110.71408357884651,111.13658905029297,21239700,13.630000114440918,56.081763264735635,0.6353477156111893,0.6020339661552037,0.03331374945598564,0.13032901745436135,0.04495736923147039,1.0669327295141047,8.704111462105464,0.8112102901416315,0.9124606014278809,0.6928898639125824
2016-10-05,111.46519981768499,111.88769812662552,111.41825237750331,111.53092193603516,14481300,12.989999771118164,58.100673890097355,0.644744279196587,0.6105760287634804,0.03416825043310656,0.13059082728164226,0.04615312287109338,1.0443738971439938,9.040502928010312,0.5563429115866836,0.9136803815702965,0.990200719890999
2016-10-06,111.39005965951394,111.70928641604803,110.93000494306823,111.47456359863281,11987100,12.84000015258789,57.692475552080914,0.6402629242733155,0.6165134078654474,0.023749516407868154,0.1289758148863971,0.04694998322927282,1.0254387239894087,8.942509917415146,0.4678341803739988,0.9145850448638717,1.5332491438305507
2016-10-07,111.57785399433125,111.73747098128756,110.68591000196821,111.23046875,19984200,13.479999542236328,55.8618868074131,0.6099834938952,0.6152074250713979,-0.005223931176197905,0.12907291118894415,0.03847344714724578,1.0273045993701186,8.666098106319916,0.8298712454193821,0.9137589692614961,3.926157909991579
2016-10-10,111.8032176093949,112.17877569601114,111.75627016237736,111.93466186523438,19687300,13.380000114440918,59.822582491304566,0.6354838639721265,0.6192627128515437,0.016221151120582866,0.13010876734552076,0.0375576592694138,1.0216619098444775,9.316349068913695,0.8528861962080565,0.9148328365474105,2.7410786164103307
2016-10-11,111.84074823392469,111.85952291047899,109.85029585003643,110.33851623535156,27774400,15.359999656677246,49.0735249588997,0.5208929485263951,0.599588759986514,-0.07869581146011884,0.1372113799568576,0.030307694453212335,1.0975693459411535,7.728691052332071,1.2523020423898181,0.9220231602221239,2.189613399331991
2016-10-12,110.44178760198915,110.62017925180311,109.90661981571985,110.24462127685547,14267800,15.90999984741211,48.52120435232196,0.4176874431715021,0.5632084966235116,-0.1455210534520095,0.1368501346895275,0.02406668944877974,1.0701400666655896,7.608408167644032,0.6642063500376496,0.9220471652843533,1.6178780727489128
2016-10-13,109.49350465080724,110.1507256875316,108.8550582880584,109.85028076171875,22821000,16.690000534057617,46.170889515094295,0.30061109511134987,0.5106890163210792,-0.21007792120972935,0.13727414745508584,0.0248222462270413,1.0929559896749808,7.205690901945445,1.1026792433593908,0.9276538472570215,-0.29487126752265613
2016-10-14,110.39483441111044,110.83611444278704,109.91599787001758,109.98171997070312,21313300,16.1200008392334,47.0908381363652,0.2159440231870633,0.451740017694276,-0.23579599450721273,0.13713168800598616,0.025124337218490018,1.085304396203074,7.310433766575762,1.0457027950678535,0.9275328365850577,-0.1279341332507511
2016-10-17,109.8878545643402,110.13196834346715,109.54046215416619,109.6812973022461,14182700,16.209999084472656,45.18984870303493,0.12318318105393189,0.3860286503662072,-0.2628454693122753,0.13708315780393293,0.025006364859889583,1.0500330957100656,6.988565733306553,0.6993515956899937,0.9277775661837835,0.03424899408366322
2016-10-18,110.98637888786575,111.17416151204996,110.60143704384379,110.65776824951172,19276700,15.279999732971191,51.97585467566775,0.12699862895313174,0.3342226460835921,-0.20722401713046035,0.13834489095269906,0.023625231892106063,1.0816638895739088,7.895381462421041,0.9477381415350972,0.9299931799454073,0.7350800400269586
2016-10-19,110.5732405431096,110.80796340057522,110.45118723596981,110.64835357666016,13702900,14.40999984741211,51.909123692350875,0.12778963412868904,0.2929360436926115,-0.16514640956392246,0.1383388097411367,0.02371580815284594,1.0298861949333016,7.8396816079145335,0.7046100281810074,0.9273954775094155,-0.25390962569754594
2016-10-20,110.5356962085028,110.76102815621276,109.87846787985299,110.51691436767578,18132200,13.75,50.926085110236,0.11646789633722676,0.25764241422153455,-0.1411745178843078,0.13725144235828407,0.02263078070969752,1.0193629150351922,7.660715192637621,0.943236583983518,0.9374292840053476,-1.1587936269659815
2016-10-21,110.60140502075538,110.99573767260672,110.23523796358305,110.93001556396484,15707800,13.34000015258789,53.8821381940895,0.13922426106114472,0.2339587835894566,-0.09473452252831188,0.11439496699424156,0.022540750592255143,1.0008726860343695,7.99336404157667,0.8311838673771789,0.9366275482611482,-0.15212912097345432
2016-10-24,111.6435876158382,112.33836529471243,111.62480577514857,112.26325225830078,19143000,13.020000457763672,61.86594471987267,0.26182178441224835,0.23953138375401495,0.0222904006582334,0.10798356054987826,0.024499671496678213,1.029978189228171,9.20944458679279,1.005670588902793,0.9302585543083701,1.9004664705789986
2016-10-25,112.32896952847682,112.34775136835619,111.73747050939262,111.9064712524414,20341800,13.460000038146973,58.926078737790455,0.32642908817247474,0.25691092463770693,0.06951816353476781,0.10460277953533273,0.025568198867148968,0.9999998084949847,8.784351766665168,1.0683589431430187,0.935858660751106,0.5822781928303433
2016-10-26,111.1835373571246,111.75626178456577,110.81737021999655,111.14598083496094,20463700,14.239999771118164,53.130503847660286,0.3126614542463244,0.2680610305594304,0.044600423686893986,0.10653906799252692,0.025307193498661305,1.0063641816342614,7.977601085349908,1.0589949129825034,0.9304243932149685,-0.269560120546275
2016-10-27,111.62481604566356,111.71870376822996,110.47936720610096,110.63897705078125,19099800,15.359999656677246,49.62619710239238,0.25786700665743467,0.2660222257790313,-0.008155219121596613,0.09800867073662604,0.025307193498661305,1.023005065955314,7.402933395022117,1.0095930847963996,0.929809684888018,0.0
2016-10-28,110.31978728127142,110.89251185638146,109.6062275025288,109.94422912597656,35369300,16.190000534057617,45.224384164502744,0.15657674167705693,0.24413312895863643,-0.0875563872815795,0.09976267876922966,0.026099833716275826,1.0418107293765533,6.661077754219701,1.8222561801828165,0.9284180389459135,-1.3645206292745682
2016-10-31,110.34792178689781,110.34792178689781,109.7845882943237,109.8409194946289,18749400,17.059999465942383,44.591001676454525,0.06719269747749479,0.2087450426624081,-0.1415523451849133,0.09896797123790897,0.02704422986847979,1.007633783890665,6.4785796987284305,0.9671483993568645,0.9256415551546572,-1.3159253001394866
2016-11-01,110.02871416840566,110.04748884950853,108.06642690552903,109.01470947265625,23498700,18.559999465942383,39.791284186263916,-0.069511757109467,0.15309368270803309,-0.22260543981750008,0.1012062762724579,0.03028822492248767,1.077164366754153,5.601405989212708,1.2051097428512525,0.9273588727627622,-1.9092538251974767
2016-11-02,108.93956625437323,109.1930709396975,107.86923064853757,108.14151000976562,26960100,19.31999969482422,35.448448803553035,-0.24548116720607993,0.07337871272521049,-0.3188598799312904,0.09897330336306069,0.035511623516979895,1.0947840756402807,4.6829732430856845,1.3397547900031606,0.9283238470158385,-3.038988531102982
2016-11-03,107.96313483065937,108.31991819583517,106.95852118193201,107.08058166503906,36205200,22.079999923706055,31.01881441022003,-0.4651838930183061,-0.034333808423492825,-0.4308500845948133,0.0986633494919485,0.04381964093762495,1.113827856944772,3.5899952157496613,1.697060546126582,0.9252283001475898,-3.9416901863051024
2016-11-04,106.81767948190958,107.54062992580805,106.51723449777829,106.70501708984375,26997500,22.510000228881836,29.60833148474859,-0.6619739845617687,-0.15986184365114803,-0.5021121409106206,0.0977551851390026,0.05153989701801967,1.1073683977365567,3.1764443675411114,1.245000514186711,0.9237556070078823,-4.0685359964881425
2016-11-07,108.43256594428372,109.35268266947122,108.25418144897155,109.2400131225586,26591200,18.709999084472656,47.09529131660968,-0.6063884868984957,-0.24916717230061758,-0.3572213145978781,0.11955565053360039,0.04955276453073558,1.2173896250144793,5.555993894490019,1.2070490480562235,0.9371847612377641,-2.407340762703203
2016-11-08,109.12735326067676,110.45118644242163,108.87384856505827,109.95357513427734,20777900,18.739999771118164,50.80034282573061,-0.49900585973861666,-0.29913490978821744,-0.19987094995039922,0.11746043952398373,0.04944966087515501,1.2431002144679708,6.174237762381403,0.9583858008035018,0.9374458423345835,-0.34887282719403556
2016-11-09,108.66731535332018,110.63898634555062,108.5358710980498,110.46060180664062,70234400,14.380000114440918,53.302843084966185,-0.3687409231742578,-0.31305611246542553,-0.055684810708832244,0.11820807785765246,0.04956838430479854,1.304529859684603,6.57743532220621,2.869236303145259,0.9302094645656962,0.19591026508474219
2016-11-10,110.99576004906748,111.14597897203015,107.22141201138399,108.67669677734375,72825400,14.739999771118164,44.68997537017932,-0.4047851384802925,-0.33140191766839894,-0.07338322081189358,0.12537442376240776,0.05058436227289653,1.4916753668961429,4.787064145719595,2.699371540088181,0.8833150343273458,-1.0683486434783673
2016-11-11,108.20723205639585,108.95834802921479,107.82228315045363,108.72362518310547,41115200,14.170000076293945,44.94201363491044,-0.4246683957278776,-0.3500552132802947,-0.07461318244758292,0.12309424889524165,0.05141070972181851,1.4662746177436443,4.77297245633017,1.4700409331916753,0.8826250937068589,-1.1439126319653714
2016-11-14,108.751803793774,108.85508243147615,107.06179623426037,107.62512969970703,35906000,14.479999542236328,40.31140839396154,-0.5230361897316698,-0.38465140857056973,-0.13838478116110003,0.12601177658833693,0.054311794160306924,1.4896325877059395,3.6625035643756596,1.235798011420445,0.8688742381066255,-1.8746747650813522
2016-11-15,108.44197787094862,109.49353902298542,108.28236802094975,109.11798095703125,31796600,13.369999885559082,48.132752277491676,-0.47505659824176405,-0.4027324465048086,-0.07232415173695544,0.13324305639259446,0.05393221775653344,1.516688068818257,5.029645628596445,1.0712813507539611,0.8706318753478315,-1.391485945214932
2016-11-16,108.60159259127163,109.84092925027737,108.60159259127163,109.76582336425781,16538100,13.720000267028809,51.125758360665756,-0.38037226361203125,-0.39826040992625317,0.01788814631422192,0.13406308800212402,0.05329565125167574,1.4968772538316488,5.576540292900771,0.5545480258052056,0.8626654108348022,-0.7975990458736537
2016-11-17,109.70946338310053,110.5826327092392,109.48413144308276,110.56385803222656,20598600,13.350000381469727,54.60109473039905,-0.23819376851018603,-0.36624708164303976,0.12805331313285373,0.135940032317676,0.05335049393198427,1.468421826140563,6.2628740815076185,0.6878584892098223,0.8626045568145106,0.04247645242303477
2016-11-18,110.69530798934237,110.88308342187905,110.0474705696957,110.15074920654297,16428700,12.850000381469727,52.519183639047824,-0.1570404519634394,-0.3244057557071197,0.1673653037436803,0.13620663686196047,0.052413916138471475,1.423221185143619,5.770420701648909,0.5479515563155664,0.8628744442602359,-0.7024846732961443
2016-11-21,110.42301148906063,111.39945934594297,110.38545497573756,111.29618072509766,20268500,12.420000076293945,57.37251434254462,-0.0002957044485043525,-0.25958374545539664,0.2592880410068923,0.13841709178189407,0.04958350165079262,1.4107561104476465,6.761049034927462,0.674755116841646,0.8671612904401956,-0.8614319590332542
2016-11-22,111.73747205165287,111.9064727970343,111.36191404378602,111.63419342041016,18850600,12.40999984741211,58.71366212574979,0.14947735496217263,-0.1777715253718828,0.3272488803340554,0.13203090125169323,0.04874797147194105,1.3535801076968603,6.9727625387667995,0.6291136171396466,0.8692287727585569,-0.24330838867846483
2016-11-23,111.26803667697723,111.3900899965324,110.69531227344922,111.18353271484375,22926000,12.430000305175781,56.17597038689593,0.22916733263234335,-0.09638375377103758,0.32555108640338093,0.13261951621403104,0.04883331360117683,1.3239587533585802,6.433134670415437,0.7619937740262692,0.8668047560955519,0.03378608889021972
2016-11-25,111.31496698791268,111.5872463654695,111.18352275918501,111.5403060913086,7162800,12.34000015258789,57.73345538054515,0.31745146103628485,-0.013616710809573093,0.33106817184585796,0.13234646640285383,0.05072037110147417,1.2582276714247165,6.664267686720514,0.24288903259103675,0.8674766667571082,0.8146577856677384
2016-11-28,111.39943556816644,111.80315904625061,111.17410369949671,111.2867660522461,13479000,13.149999618530273,56.20475141675288,0.362776841016867,0.061661999555714934,0.3011148414611521,0.13257930440506666,0.052507015132111055,1.2132867910910867,6.320132615696353,0.4746879742719752,0.86747601890084,1.2211072258565103
2016-11-29,111.39010545589949,112.20694377507728,111.07088573129485,111.6717758178711,18553000,12.899999618530273,58.02245375221063,0.42486699933054695,0.13430299951068136,0.2905639998198656,0.13251191217524974,0.05497950536954423,1.207770451997611,6.594635442318161,0.6536043268303466,0.8675248728726382,1.6668253795268928
2016-11-30,111.81258192648517,111.85013844493399,110.28219140635585,110.31974792480469,30405300,13.329999923706055,50.150702219731095,0.3608172686555662,0.17960585333965834,0.18121141531590784,0.13508437106663562,0.054856795869746545,1.2334973510390772,5.229436240163166,1.0582748497659584,0.8605145081699286,1.1971214329344892
2016-12-01,110.28220294852228,110.29159386991071,108.24480996085978,108.41381072998047,39796600,14.069999694824219,41.58570915540162,0.15448340408200067,0.1745813634881268,-0.02009795940612613,0.14399908220605578,0.05435798539411971,1.2936002519609222,3.3422147473420267,1.3548779603463472,0.8486050215555021,0.25180036804577366
2016-12-02,108.47954180344986,109.06165720359836,108.17909676279979,108.6297607421875,32876800,14.119999885559082,42.778161778154626,0.008292104844784376,0.14132351175945834,-0.13303140691467397,0.14418875915741974,0.050489873536586634,1.2642402654493257,3.479103108802975,1.1256707003702269,0.8483681691667893,1.4467413727677014
2016-12-05,109.19305311490885,109.90660529353643,108.69543474503033,109.47471618652344,21419700,12.140000343322754,47.31039477311688,-0.03893588167431972,0.10527163307270274,-0.14420751474702245,0.1456966283031218,0.04328281639460708,1.2651405715850115,4.218022828074112,0.7404609866314154,0.8235951356371267,2.595659672073003
2016-12-06,109.78458019036968,109.9254153439107,109.2775779355261,109.73763275146484,27293300,11.789999961853027,48.67267935490891,-0.0545207504711982,0.07331315636392255,-0.12783390683512075,0.14116959771952445,0.04288355608716605,1.2210474884992681,4.393100112220725,0.9423627865222852,0.8085537553605445,0.45552871579022103
2016-12-07,109.51231027616936,111.26804006074234,109.18369966493219,111.12720489501953,26622400,12.220000267028809,55.257064200956655,0.04473926121620764,0.06759837733437957,-0.02285911611817193,0.1461504673226925,0.04375492306466626,1.282711267592902,5.636497452967572,0.9100166297212257,0.8203033143196726,1.067386630501943
2016-12-08,111.17414479491165,111.6060340208306,110.95819660036537,111.3243637084961,18578400,12.640000343322754,56.11722661130281,0.13772499610655586,0.08162370108881484,0.056101295017741026,0.14489073604105326,0.0447691631000997,1.2373631356552117,5.749127423178141,0.6965493840930862,0.8248663621211438,0.7819637841259164
2016-12-09,111.73745503670936,112.23506627701005,111.72806411807008,112.197509765625,21863100,11.75,59.802816376978804,0.2786602288986586,0.12103100665078359,0.157629222247875,0.14588455737430903,0.04590349648231221,1.2140302380022647,6.4982525930410455,0.9062824949578085,0.8194702573696461,3.2397129216162
2016-12-12,111.699942680164,111.92527467437561,111.23049684703777,111.6905517578125,23259300,12.640000343322754,56.81897263278164,0.3454628610453483,0.16591737752969654,0.17954548351565175,0.14526063921472845,0.04517335624048345,1.1963861437583336,5.935432238906823,1.0012121660839717,0.8231474764832266,2.728870169395403
2016-12-13,112.0285260287092,113.70914256130601,112.0285260287092,113.09886169433594,54477900,12.720000267028809,62.42734974827436,0.5062080195034895,0.23397550592445515,0.27223251357903433,0.1492920564868825,0.0433447793680107,1.2551150480251319,7.197070009105939,2.2549046999066835,0.8263569693483491,5.085923714936813
2016-12-14,113.23972435863253,113.60589153515465,112.53555560944768,112.86416625976562,28746000,13.1899995803833,61.005338088724955,0.607657063178749,0.30871181737531395,0.29894524580343507,0.14740753074835145,0.04430748949524962,1.2419165392881202,6.902148601824424,1.197390533383624,0.8180643935120212,3.4331512275777465
2016-12-15,113.01439115913632,113.70916897856569,112.74211171944141,113.04255676269531,22762300,12.789999961853027,61.7191142011599,0.6944456467685001,0.38585858325395117,0.3085870635145489,0.14479874890134345,0.04623259129000667,1.2222837335621313,6.996779731577865,0.9360108378773864,0.8128239506620939,2.98520367998667
2016-12-16,113.32033702919142,113.54634254856873,112.39750630365211,112.62350463867188,26283900,12.199999809265137,58.98762937134954,0.7210998303225011,0.4529068326676612,0.26819299765483995,0.14169632811932611,0.04755456107834949,1.2170374843731666,6.528480765155023,1.0683348318150705,0.810597716712805,1.8628570340273098
2016-12-19,112.73650257296471,113.78175470618346,112.57642072519249,113.08491516113281,21138700,11.710000038146973,61.0325892391919,0.7705727527868049,0.51644001669149,0.25413273609531495,0.1409697327880718,0.04898073354480989,1.216201519845867,6.887675933929277,0.851056719936807,0.8079312059845111,2.663773034433037
2016-12-20,113.44274649987014,113.72524259271844,113.3109135530029,113.51808166503906,11461800,11.449999809265137,62.902687471565606,0.8351067265073482,0.5801733586546617,0.2549333678526865,0.12515877611248244,0.051884326168423006,1.1750676563987075,7.213380046217913,0.4697873931078749,0.8040603717701297,1.996385613114171
2016-12-21,113.565136752011,113.64047190125719,113.17905668474604,113.43330383300781,7079300,11.270000457763672,62.2727850421829,0.8693877423769862,0.6380162353991267,0.23137150697785958,0.12429540958574575,0.05416924979236378,1.1240924821210243,7.053359815421678,0.2973336446965217,0.7994252867191262,1.6116123182995379
2016-12-22,113.4427644872976,113.47101338262588,112.67059688277355,113.1131820678711,16645000,11.430000305175781,59.836177931049214,0.8608017565388479,0.682573339627071,0.17822841691177693,0.12432155872230032,0.05545013391934154,1.100972769101832,6.672497302088358,0.7084416709263965,0.8016824226413465,1.735553193813666
2016-12-23,112.92484115147994,113.23559336062398,112.82125708176527,113.18850708007812,9007500,11.4399995803833,60.23049546555719,0.8502739708127933,0.7161134658642154,0.1341605049485779,0.11345259017893701,0.05675405567158557,1.0519273055130378,6.673038892275475,0.3818765602831843,0.7997954578722863,1.4776730013814854
2016-12-27,113.43330735184063,114.43147296507334,113.38622827036775,113.77230834960938,16110600,11.989999771118164,63.242576329900274,0.8789070152257779,0.7486721757365279,0.13023483948924997,0.1139346197747368,0.058825911334214956,1.0655729183331932,7.150370375683532,0.6792263347870877,0.7962127601038389,2.2334572074781844
2016-12-28,114.01716720554955,114.1207512639696,112.81183327232392,112.88716125488281,17975200,12.949999809265137,56.282344242071005,0.8207142531184388,0.7630805912129102,0.057633661905528655,0.11205487821876658,0.05936299508666229,1.0829547092840845,6.248781836043979,0.7587624479451486,0.8003712403435627,1.0883550728108204
2016-12-29,112.85888369768922,113.12254953056768,112.36921960582282,112.72705078125,13267500,13.369999885559082,55.10103686414464,0.7529964187773999,0.7610637567258081,-0.008067337948408193,0.10613062167363817,0.058217753792228405,1.0594100818169971,6.035520314014107,0.5810601330996684,0.8044603430060745,2.1821141742330408
2016-12-30,112.94365914856809,112.95307065557542,111.24865392090491,111.5688247680664,41749000,14.039999961853027,47.357524643939186,0.5989658817744328,0.7286441817355331,-0.12967829996110036,0.11004766255178812,0.05042853487679739,1.1054819855922475,4.889631271145553,1.8206449511215987,0.8053730750550707,2.910158785898531
2017-01-03,112.31273932984269,112.99074144013032,111.95490807579385,112.5669937133789,22307600,12.850000381469727,53.43141170406582,0.5510868768338071,0.693132720755188,-0.14204584392138087,0.11103782474917258,0.041328749158721756,1.1280844631973665,5.767004152595394,0.9957671993098961,0.8099823304760672,3.624451480230806
2017-01-04,112.68940577415606,113.38624525414453,112.67999426706504,113.1790771484375,19749100,11.850000381469727,56.728450886565824,0.556121812205987,0.6657305390453477,-0.10960872683936074,0.1110918667023316,0.03434140709753943,1.106024968737956,6.279715117730457,0.8848601151625114,0.8122295418247122,3.383759365589545
2017-01-05,113.09431627706506,113.8947325758878,113.09431627706506,113.81940460205078,20644300,11.670000076293945,59.924995668677546,0.6048092443418653,0.6535462801046512,-0.048737035762785874,0.10839680755216222,0.027069767040131365,1.0841957780297262,6.816666962344669,0.9389557975379831,0.8027594761332297,3.7195734482721843
2017-01-06,113.94183720800578,115.1189223031298,113.64992240340935,114.81758880615234,24074300,11.319999694824219,64.34653368494142,0.715689485295826,0.6659749211428863,0.04971456415293973,0.11068783959110473,0.028189169313825424,1.1116817867219215,7.679372016447257,1.101342968401174,0.7878047207102525,3.3208645125368363
2017-01-09,114.91174873097592,115.401420130581,114.83641356421253,115.19425201416016,18909200,11.5600004196167,65.87649554036119,0.8244526708951838,0.6976704710933458,0.12678219980183802,0.10984511638632345,0.030107014194550766,1.0739781822724026,7.956647510314345,0.8643976525422412,0.7780370691961239,3.476227643930141
2017-01-10,115.24131061913705,115.79689839480628,114.97764476669295,115.44847869873047,16176600,11.489999771118164,66.90865288498223,0.9205507122747036,0.7422465193296174,0.17830419294508626,0.1097246162506964,0.03400122703898088,1.0557835712610404,8.116873532180186,0.7492199967070001,0.7754863843261757,2.897541077245469
2017-01-11,115.49558854928307,115.7592544555664,114.90233307578845,115.7592544555664,20686000,11.260000228881836,68.17589377694475,1.0101418225928853,0.795825579982271,0.21431624261061433,0.10931291540194345,0.03639275696461286,1.041579129012249,8.33635712710187,0.9638165757254833,0.775932395621027,3.6428351670930947
2017-01-12,115.34491289178781,115.6556650602993,114.50682893503148,115.58032989501953,19622500,11.539999961853027,66.59467577541504,1.0545495159028917,0.8475703671663952,0.20697914873649648,0.10943096084374952,0.03956292822869498,1.0566395855495831,8.100961506934166,0.9950648636752263,0.7753248082534272,2.1940700052225814
2017-01-13,115.63683664289398,116.17358713115829,115.63683664289398,115.97583770751953,16930800,11.229999542236328,68.34253646826535,1.1088746906796416,0.8998312318690446,0.20904345881059705,0.10206569167866565,0.042928127299385346,1.0235408463059525,8.400023498009489,0.8850826961701203,0.7715646994411922,2.75700565633219
2017-01-17,115.6744823440531,115.85340154552652,115.28840223772558,115.62740325927734,14538500,11.869999885559082,65.1103822700286,1.1110050603380586,0.9420659975628474,0.1689390627752112,0.08616541897749067,0.044718619249617876,0.9995333194122383,8.011025938202707,0.7767176500317611,0.7736399984486055,2.2866136175673013
2017-01-18,115.79690701830823,115.97582622480058,115.50499225769961,115.86282348632812,12499700,12.479999542236328,66.27105842905897,1.1187930881789043,0.9774114156860588,0.1413816724928455,0.08616474915242033,0.045834681238758966,0.9617690799614336,8.164391437489172,0.6933238521332146,0.7737751018605962,2.8762369436547974
2017-01-19,116.03233376081518,116.43725129395204,115.5614997541145,115.80633544921875,12710700,12.779999732971191,65.70622710164923,1.107638872408117,1.0034569070304706,0.10418196537764635,0.08480533352364987,0.04693740173688095,0.955624969952585,8.040517923177111,0.7219010794410942,0.7726067210451051,2.406528124647078
2017-01-20,116.31483987577421,116.60676187044292,115.74984045592505,116.06059265136719,22091000,11.539999961853027,67.0668254171491,1.106559775067808,1.024077480637938,0.08248229442986998,0.08479662685793679,0.048623822567802816,0.9485747159929625,8.213675290702371,1.21789189093828,0.7741663934578293,2.2397409725706696
2017-01-23,115.98523886269895,116.32423989706668,115.42023953353815,116.15473937988281,17434200,11.770000457763672,67.57974321018142,1.1006142409640631,1.0393848327031632,0.061229408260899953,0.07842183315401836,0.04993786205473471,0.9453908336740741,8.22946708955863,0.9344857131294702,0.7697527040737739,2.39915038609948
2017-01-24,116.3807676253758,117.11527484510283,116.18301816849633,116.93635559082031,17640900,11.069999694824219,71.54239189547185,1.1457645972713806,1.0606607856168067,0.08510381165457392,0.07988038090462395,0.052018553285158656,0.946472593070213,8.881034655637752,0.9430479422396567,0.7715742940311406,3.379954000989205
2017-01-25,117.67084106646982,118.14167510107526,117.56725700410804,118.1134262084961,15036200,10.8100004196167,76.25023590824509,1.2619790328564022,1.1009244350647258,0.1610545977916764,0.08161796381057751,0.05674817907952546,0.9649616585834088,9.891711458934813,0.7910585686481185,0.7758396517443448,4.351077026692929
2017-01-26,118.27349979661632,118.4806679068727,118.0286641040991,118.23583221435547,16052200,10.630000114440918,76.68224735372937,1.3484132830516131,1.1504222046621033,0.1979910783895098,0.0794842760208602,0.06120924406170805,0.9283218117398512,9.92404897753467,0.8446403601200224,0.7717566420887666,3.9232076148355777
2017-01-27,118.49010192160334,118.57484860438213,118.07576564750886,118.46185302734375,15053000,10.579999923706055,77.49624171474568,1.4187960421261039,1.2040969721549035,0.21469906997120036,0.0727345510341275,0.0633181616173134,0.8976618935350951,10.058127774674098,0.7982007209948319,0.7686170549638944,4.938286790535984
2017-01-30,118.06633325478757,118.06633325478757,116.88924823483666,117.53900146484375,25006700,11.880000114440918,67.18367925968991,1.3841528251089699,1.2401081427457168,0.14404468236325307,0.0769760368766702,0.06142083670739569,0.9458721006045234,9.130109597572599,1.285980779738373,0.7688232275473887,4.268674333484945
2017-01-31,117.12466963843995,117.33183775923035,116.62558672073055,117.3035888671875,19091100,11.989999771118164,64.81427508385349,1.3224575296259928,1.256578020121772,0.06587950950422083,0.07758708660380445,0.053264854578566855,0.9435537179980001,8.84100531309867,1.0425043125738216,0.7620757792503284,5.140113388343681
2017-02-01,118.13225640876314,118.34884322579882,117.57667569642017,118.1134262084961,22861900,11.8100004196167,68.88024628885825,1.3236524275756096,1.2699929016125397,0.05365952596306989,0.07779578644044749,0.0484768389082477,0.9508180494703798,9.520176583925505,1.2465291872689022,0.7488281544787866,4.927228055179
2017-02-02,117.90623498868965,118.36765024060247,117.57665266589477,118.00981903076172,15101400,11.930000305175781,67.80077968036977,1.301239282986657,1.2762421778873632,0.02499710509929387,0.07774387211417445,0.043892067709901554,0.9394023012730458,9.349330374131725,0.8339601260433199,0.7475544403260782,4.268228725693324
2017-02-03,118.13224438177274,118.4712454269237,118.01924882296008,118.34883117675781,16957200,10.970000267028809,69.4858789268518,1.2958938932259514,1.2801725209550807,0.01572137227087067,0.07753656944350276,0.04085005483527564,0.9052611651936842,9.587280409399972,0.9460767179553558,0.6821937166810139,3.9794853878768466
2017-02-06,118.15108835245063,118.5089196159038,118.03808560298057,118.4900894165039,11630100,11.369999885559082,70.18601644623433,1.2882063517894409,1.2817792871219527,0.006427064667488214,0.07727285872403138,0.040225632962170625,0.8742306543172235,9.641244088527088,0.6722020264722789,0.6765243988680378,3.1985522850091153
2017-02-07,118.73489515257357,119.16806868359768,118.6218996091373,118.92323303222656,17541100,11.289999961853027,72.28585894098141,1.3020557020402492,1.285834570105612,0.016221131934637256,0.07642498597047791,0.04077721800261342,0.8602126980869772,9.95489888799517,1.0178731730641457,0.6834583334242034,3.237124207905806
2017-02-08,118.76317094304147,119.2905027249206,118.53716544993038,119.12100219726562,12569100,11.449999809265137,73.21352904092143,1.3138445485699037,1.2914365657984703,0.02240798277143341,0.07636437794863862,0.041521264460643935,0.8525787392943514,10.04959995381553,0.7370732461077313,0.7482453935744754,3.1810930208260535
2017-02-09,119.24344697444498,119.81786517718147,119.1775304848371,119.55419921875,17542700,10.880000114440918,75.17379098422646,1.342665264247799,1.301682305488336,0.040982958759463006,0.07589434691025458,0.043226118056486414,0.8414561850530298,10.356746762895325,1.0383029851055456,0.7476277628201422,3.2783078821920553
2017-02-10,119.81781307420579,120.11914649342906,119.61064500142315,119.94964599609375,13915700,10.850000381469727,76.83998190895412,1.3814901802593482,1.3176438804425386,0.06384629981680967,0.07051701915528473,0.04455622008801219,0.8217055485977459,10.622397117274062,0.8377798956184178,0.7696800366733525,3.780328456444826
2017-02-13,120.31694139456819,120.77835679573876,120.26986229571462,120.62770080566406,19120200,11.069999694824219,79.3937149939201,1.4502549262710573,1.3441660896082424,0.10608883666281499,0.07048654963689975,0.04770083223176145,0.8222059236725504,11.138280659121612,1.1435745181725967,0.7608252397139336,4.011062295472367
2017-02-14,120.6747391043803,121.04198902118254,120.28865899015368,121.03257751464844,16333500,10.739999771118164,80.75807154628288,1.519901174988135,1.379313106684221,0.14058806830391402,0.059643181617901296,0.049711696126091616,0.8172862170551445,11.396952257383287,0.9716867258437675,0.7773553274391867,4.674648139637627
2017-02-15,120.94781335011524,121.80473448823913,120.88188970777793,121.74822235107422,17891400,11.970000267028809,82.91176909493817,1.614234990136751,1.426297483374727,0.18793750676202392,0.05750261474263471,0.05303062093862344,0.8248261144412916,11.941952003956931,1.047566267726798,0.7764527232399477,5.079626654740177
2017-02-16,121.82361265349722,122.06845558593247,121.39986482952726,121.71061706542969,15098300,11.760000228881836,82.3899184501657,1.6667475576788604,1.4743874982355538,0.19236005944330659,0.05747066589927355,0.054053982160419664,0.8136664460101428,11.78941556108982,0.8778900589270103,0.7740339676510601,5.098409852369401
2017-02-17,121.53165648692321,122.24733328461345,121.51281910574404,122.23790740966797,15563700,11.489999771118164,83.91835085101161,1.730958655918272,1.5257017297720976,0.2052569261461743,0.056950236211543284,0.05565238314741323,0.8080127126429472,12.149521471453696,0.9224556855339873,0.7637851021571236,5.3224911377600215
2017-02-21,122.47334147433773,122.9159265971815,122.40743218408112,122.84059143066406,18479600,11.569999694824219,85.47058598604426,1.809617829650648,1.5824849497478077,0.22713287990284026,0.05423359813366544,0.05748948093288521,0.7987274608479886,12.57467306192861,1.0918974492298057,0.7646518838905736,5.755987303208743
2017-02-22,122.72762868789442,122.9724572680184,122.52046051674425,122.88771057128906,12110900,11.739999771118164,85.58771169564054,1.854381753853744,1.636864310568995,0.21751744328474887,0.05440935346598097,0.05961146904363068,0.7739609815927145,12.492752945909457,0.7274775045351338,0.7688544799231787,5.08939666402255
2017-02-23,123.07597682658667,123.07597682658667,121.9365668513551,122.42622375488281,17489000,11.710000038146973,78.88080747002472,1.8315068857086487,1.6757928255969259,0.15571406011172284,0.057047693300703785,0.06148675872381099,0.8000644811383472,11.949743971047507,1.0428468185688629,0.7645015613343309,3.6514033034429794
2017-02-24,121.87069194975227,122.66168975830078,121.83303154546152,122.66168975830078,18624500,11.470000267028809,79.75263927254677,1.8114967199336292,1.7029336044642667,0.10856311546936248,0.05700598525837983,0.0631865785304039,0.8021068905455551,12.050255388547837,1.102103046590475,0.7637791639943323,3.7432455635965534
2017-02-27,122.43567832729589,122.8217512900506,122.22851021620143,122.81233978271484,12008700,12.09000015258789,80.31261488289002,1.7871930681265837,1.7197854971967301,0.06740757092985361,0.0560922711528578,0.06468672602806333,0.7871879036386705,12.067758570144651,0.7170725939938519,0.7636240093459936,3.672479067474077
2017-02-28,122.7841044366286,122.84060222430251,122.09669073873756,122.4356918334961,16598600,12.920000076293945,74.7466136577298,1.7177388826634257,1.7193761742900693,-0.001637291626643611,0.05782022517521406,0.06263994754254955,0.7840967309191191,11.604255991977176,1.0166702038748814,0.7768021200755147,4.166013244647959
2017-03-01,123.21723895840515,123.9988105979679,122.98182200538466,123.77281951904297,25813800,12.539999961853027,80.03622877519075,1.7504132948067195,1.7255835983933994,0.024829696413320113,0.0616909094128679,0.06141298720252022,0.8397411618871685,12.693507788659964,1.5492087955219394,0.819979591167838,5.514946911965324
2017-03-02,123.74462275698576,123.76344577568433,123.0006968256121,123.1513671875,19951400,11.8100004196167,72.44151203301935,1.706490630638541,1.7217650048424278,-0.015274374203886776,0.06522187825630629,0.05956361220167662,0.8349112712831473,12.00849008424936,1.2079279314187252,0.8277924614458185,4.265341494802488
2017-03-03,123.06659767801068,123.41501025264627,122.73700811858345,123.37734985351562,13722700,10.960000038146973,73.42889705587416,1.6706582075035925,1.7115436453746609,-0.04088543787106835,0.06478448541103163,0.056529113097550036,0.8237034757674098,12.087343072355962,0.8343025429669427,0.8242924143632963,4.548376454466685
2017-03-06,122.97241510758835,123.31141614699868,122.6145910545033,123.104248046875,12026200,11.239999771118164,70.15745592029715,1.6017596326373251,1.6895868428271938,-0.08782721018986872,0.06598962245007467,0.052657503417391185,0.8193502845706185,11.71629875960534,0.7422865452462603,0.8273613366452495,4.018135897780706
2017-03-07,122.85942669891465,123.43384476109435,122.68050747760584,122.89708709716797,15500900,11.449999809265137,67.6937510127004,1.5129999368807319,1.6542694616379017,-0.1412695247571698,0.06676293591103118,0.04753497475768316,0.8146350702076105,11.404296368356318,0.9454593140633482,0.8108291556786013,3.719296442737119
2017-03-08,122.97244202094701,123.49977389350379,122.85003493042083,123.11370086669922,15776000,11.859999656677246,68.92266496904477,1.4434964310866718,1.6121148555276557,-0.16861842444098385,0.06516822190158872,0.042713409393456775,0.8028567768415635,11.481080988200738,0.9674464925618659,0.8083506487532683,3.52367466610759
2017-03-09,123.08542527245129,123.3773400408168,122.54866763871127,123.20783233642578,20855300,12.300000190734863,69.46622670894891,1.380101078763687,1.565712100174862,-0.18561102141117503,0.06021126765822758,0.037097797270680424,0.8047007500747047,11.445776955879678,1.2472403969701853,0.802417029729478,3.430822494586061
2017-03-10,123.7728400563388,123.92351037976275,123.18901051396209,123.72575378417969,21922600,11.65999984741211,72.33352382322235,1.3560203788583607,1.5237737559115616,-0.16775337705320092,0.0607354281099722,0.032273134845343485,0.7996864011979871,11.80090129247687,1.2941207722481796,0.8068930496613208,3.4892580877037505
2017-03-13,123.67865276012981,123.96115599067566,123.61274348193878,123.93290710449219,10731600,11.350000381469727,73.4090923100666,1.3382255611357152,1.4866641169563923,-0.1484385558206771,0.060726062253144274,0.02766478044891829,0.7674525517364799,11.877408100192806,0.6395110644841515,0.8044485959660052,3.3207777107805425
2017-03-14,123.65045207276076,123.69753835765778,123.13253167632709,123.6316146850586,14019700,12.300000190734863,69.19558641702294,1.2849985957157486,1.4463310127082636,-0.161332416992515,0.0553389096884645,0.02371880740344475,0.7698041857670954,11.498247641036615,0.8483461132572347,0.8143680709901182,2.490235542360164
2017-03-15,123.88582418328598,124.68624762999481,123.49032539732646,124.39433288574219,22709100,11.630000114440918,73.36360616216263,1.289496315789222,1.4149640733244555,-0.12546775753523343,0.0556654276174906,0.02208641901487997,0.8002411891171851,12.077318410793945,1.3481451138933909,0.8204988084264453,2.7775624052019277
2017-03-16,124.62977125557002,124.62977125557002,124.02710428271621,124.3095932006836,18457300,11.210000038146973,72.19483266504358,1.271565194921422,1.386284297643849,-0.11471910272242702,0.054136568939592566,0.021825550908715775,0.7861287450983727,11.893875319182964,1.0938958969643504,0.8209194997424337,2.103826076592208
2017-03-17,124.46435074004617,124.59645789655045,124.20013642703763,124.26619720458984,21234500,11.279999732971191,71.56604473139524,1.2395640356366613,1.3569402452424115,-0.11737620960575024,0.05393842115065602,0.020485186116040614,0.7582853682708327,11.748226702035755,1.2360151934204142,0.8216793673294819,2.099718332531597
2017-03-20,124.22844133084403,124.66251592039835,124.04916436416273,124.37942504882812,10105200,11.34000015258789,72.2452845309492,1.2093982370406877,1.3274318436020667,-0.11803360656137896,0.05387655360443624,0.02044418529380609,0.7479329531254599,11.744077511404734,0.5976975053942537,0.8202126141306645,1.751925965145218
2017-03-21,124.85123884904137,124.96446943866525,122.41668038192837,122.49217224121094,35841900,12.470000267028809,50.56386765200998,1.0214316667405825,1.26623180822977,-0.2448001414891876,0.07270860940634793,0.021057371459741757,0.8764941033834182,9.95129555315908,2.0164225081357268,0.8504744773094021,-0.2836352262678421
2017-03-22,122.52990511903457,123.44522396348152,122.3694759454491,123.32254791259766,29177900,12.8100004196167,56.71859382955407,0.9287649581916924,1.1987384382221546,-0.2699734800304623,0.07420403253881017,0.02077527247047985,0.8907265258583473,10.596655208828183,1.5663173513267012,0.8468512190739405,0.3538493306507906
2017-03-23,123.16214551298143,123.5018516584419,122.80356280427344,123.01116180419922,20311700,13.119999885559082,54.00343681204561,0.8207387025823891,1.1231384910942017,-0.3023997885118126,0.07497653393772087,0.019759373621677904,0.8769809778804978,10.218079060259237,1.0821663679547862,0.8471879811959953,0.47778819878292467
2017-03-24,123.40748366291339,123.88872803787889,122.79413214196134,123.26594543457031,22967600,12.960000038146973,55.86513085443243,0.7470742198117222,1.047925636837706,-0.3008514170259837,0.07464971719712452,0.019015878245046518,0.8925249005974301,10.346634319329704,1.2096719613559748,0.8458176549772787,0.4926197229633722
2017-03-27,122.38838505202803,123.68116347427582,122.10529415087734,123.46411895751953,18472400,12.5,57.312381153607205,0.6966549292174165,0.977671495313648,-0.2810165660962316,0.07436110524801388,0.01844783579376767,0.9413352165117906,10.422517608569406,0.9566324284742167,0.8334536515389162,0.5307114708162475
2017-03-28,123.46411279627927,124.58703086235904,123.19046739127022,124.2190170288086,23721900,11.529999732971191,62.3738745347045,0.7094333376669795,0.9240238637843143,-0.21459052611733487,0.07462499971479386,0.017498063790358686,0.9738515204101502,10.986189316975999,1.2062401145938024,0.8366709868220941,1.4565403017754885
2017-03-29,124.30394963832353,124.841823805341,124.17184246725637,124.79463958740234,13710000,11.420000076293945,65.7123531375102,0.7572788095005336,0.8906748529275583,-0.1333960434270247,0.07506770234298547,0.019532134476996466,0.9521465073868984,11.381627318194585,0.7192774488157498,0.8456996628487679,0.8255609529862706
2017-03-30,124.7474140919426,125.1343043929794,124.63418352523796,125.002197265625,16092400,11.539999961853027,66.85436629132658,0.8026919277525622,0.8730782678925592,-0.070386340139997,0.07366381737100168,0.021532901079356518,0.9198589616979375,11.447036743369345,0.8529007949768508,0.836454773573584,1.5028904025946144
2017-03-31,124.82292131760605,125.25699587445887,124.6813830917838,124.91728973388672,19841400,12.369999885559082,65.88758308504873,0.8223512694039101,0.8629328681948294,-0.04058159879091927,0.07372399425392276,0.023011952600069597,0.8952699489105894,11.250821313629924,1.0348194252776448,0.8351627933790451,1.2481544482836116
2017-04-03,125.02109586568132,125.32304889632262,124.14351562322479,124.84180450439453,23700300,12.380000114440918,64.98781271295752,0.8223607493205094,0.8548184444199655,-0.03245769509945606,0.07309955543966182,0.02360631696981373,0.915574472066821,11.065262128138945,1.199560571601092,0.849484340430602,1.4114512578460525
2017-04-04,124.48322649822286,125.0588393332473,124.43604228579133,125.03996276855469,13400000,11.789999961853027,66.2892735842847,0.8288040409908035,0.8496155637341332,-0.020811522743329647,0.07205829081789064,0.023846897537471642,0.8946617988803319,11.116466283379339,0.6818491749624983,0.8549930166381873,1.7436342243754455
2017-04-05,125.21926953608458,125.95529726501277,124.29451933282128,124.53042602539062,32011200,12.890000343322754,60.10265256093237,0.7837603379616525,0.8364445185796371,-0.05268418061798463,0.07332312067914562,0.023270374817281364,0.9493843798311292,10.544948828047513,1.5642536722666902,0.8716064028711958,1.1507453262455059
2017-04-06,124.6530957626103,124.92674117666502,124.27563643456797,124.59646606445312,18832200,12.390000343322754,60.61569108830285,0.7448060969613266,0.818116834255975,-0.07331073729464843,0.07222957162610122,0.022723999277208442,0.928078691421552,10.48628137835476,0.9248223927217172,0.8691556495451689,1.1270661139752836
2017-04-07,124.5587336766108,124.90787097406083,124.08692029147213,124.53042602539062,16743100,12.869999885559082,59.787743578679624,0.7005304224408633,0.7945995518929527,-0.09406912945208945,0.07218776094638998,0.022718647043602186,0.9204266907906341,10.309872700734982,0.83282141377343,0.8693258897969229,0.6503676208063913
2017-04-10,124.65307516612319,125.09658080416658,124.23787717318054,124.57758331298828,15619300,14.050000190734863,60.20573218216296,0.661620085887705,0.7680036586919032,-0.10638357280419819,0.07215672471314383,0.02284784415075293,0.9160179008045919,10.240763149987488,0.7675914461319053,0.8679847930695122,0.5201816237172086
2017-04-11,124.46427883550074,124.6530155774143,123.14320803365686,124.0396499633789,33778400,15.069999694824219,53.3883612625307,0.5806828873557066,0.730539504424664,-0.14985661706895737,0.07278046687696545,0.022513857328156583,0.9584314467297947,9.63682969131825,1.583135666342807,0.8632882614993824,0.33004121102822026
2017-04-12,124.02086393232037,124.12466345669938,123.40751226919133,123.53961944580078,15955200,15.770000457763672,47.95278446320418,0.47076460918503926,0.6785845253767391,-0.20781991619169982,0.06672667166836682,0.02293419943978844,0.9411971424996702,9.060838980212212,0.7598186458729935,0.864418064405384,-0.6870999828637481
2017-04-13,123.369748409892,124.09633053398443,123.03004225370094,123.04890441894531,23683000,15.960000038146973,43.29427437035713,0.3401361029581693,0.6108948408930251,-0.27075873793485583,0.06611475559908316,0.024186033123695667,0.9501322237699429,8.50685681148112,1.113970944469374,0.8673501352520563,-1.0141524473521901
2017-04-17,123.39806443438769,124.08690787616055,123.3508802208744,124.06803131103516,13325500,14.65999984741211,53.41598113237145,0.3152135085259715,0.5517585744196144,-0.23654506589364288,0.07020046374430361,0.024154699577334366,0.9564087404446069,9.287467886306178,0.6386676335388336,0.875982747910021,-0.15946886443175545
2017-04-18,123.65284263444947,124.23790100884172,123.56791968285434,123.87931823730469,12841100,14.420000076293945,51.58000664160258,0.27704104821994235,0.49681506917968,-0.21977402095973764,0.07002241766714,0.02409729070280919,0.9359496394119479,9.010025965905527,0.6114423732788289,0.8777655219263284,-0.4020816234896585
2017-04-19,124.4171673793567,124.83235096987907,123.90760097503603,124.07746124267578,17764800,14.930000305175781,53.39144079489705,0.25978296666255574,0.4494086486762552,-0.18962568201369945,0.06989397917614626,0.02111818166725009,0.937169860352122,9.07469863484241,0.8839321566346411,0.8774460060920563,1.2941961698116566
2017-04-20,124.57756553112291,125.38908483824072,124.38884312452274,125.11542510986328,21977900,14.149999618530273,61.51393651290971,0.32610172445832575,0.42474726383266936,-0.09864553937434362,0.07359351482240842,0.02126018283623202,0.963916555724466,9.868785386304534,1.1135115088205327,0.8797772222656219,1.4538113488672622
2017-04-21,125.22868030100611,125.27585010756134,124.76629812826249,125.08712768554688,22454900,14.630000114440918,61.20080247034172,0.3720872618234097,0.41421526343081744,-0.04212800160740776,0.07362421098246488,0.02004157436169389,0.9314619431226362,9.729948036473846,1.1315353322284165,0.8703965547874122,1.68762399354625
2017-04-24,126.47424016410325,126.71957783476206,126.25721013242062,126.59691619873047,22469900,10.84000015258789,69.9810405486412,0.5243144757756681,0.4362351058997876,0.08807936987588055,0.0802779786962935,0.02404470641768598,0.9815325292721042,10.93337023047264,1.1337128706751778,0.8834263927315806,2.7022635914703885
2017-04-25,127.01213191742674,127.73871395119166,126.89888694704187,127.51225280761719,19384400,10.760000228881836,73.84542723973942,0.710624022734649,0.4911128892667599,0.21951113346788909,0.0824042831222228,0.030763931915435066,0.9929800452141816,11.617052563750601,0.9757897484287336,0.8893132194219138,3.278793777721356
2017-04-26,127.55946139553122,127.87085996121864,127.25750831276287,127.33300018310547,25398500,10.850000381469727,71.89358611245984,0.8341954068840636,0.5597293927902206,0.27446601409384297,0.08209033939327932,0.03553654192582981,0.9658637311600098,11.345904655766317,1.2731604189145667,0.8849184032471396,2.506848974319831
2017-04-27,127.6443989911163,128.0973358154297,127.5689071206304,128.0973358154297,16136500,10.359999656677246,74.93572645601152,0.9824767365667668,0.6442788615455299,0.3381978750212369,0.0820004745085256,0.0420594350659726,0.9514688669574534,11.898412521654892,0.803990931964824,0.8787103660406058,2.6465048810964564
2017-04-28,128.6068526835774,128.6540368895201,128.11617725784765,128.3237762451172,22771900,10.819999694824219,75.77236781032757,1.105518875449178,0.7365268643262596,0.36899201112291846,0.08187354001500079,0.047882894615598824,0.9232711674669514,11.978048042962856,1.1160247935808199,0.8883493152339412,2.6572164747104
2017-05-01,128.74842508657218,129.63543645965217,128.69180979017992,129.465576171875,24815500,10.109999656677246,79.4900302199328,1.280404660748573,0.8453024236107223,0.4351022371378508,0.08481163348656412,0.05620449195720327,0.9510132422575249,12.853321739938783,1.2015340978967888,0.8783149365104356,3.6410383604043695
2017-05-02,129.62598663421576,129.7392316218059,129.29572595012738,129.68260192871094,18345100,10.59000015258789,80.11462550937834,1.4201445282863148,0.9602708445458408,0.459873683740474,0.08480378999269854,0.06319414922851192,0.9147627015018829,12.91957584075779,0.8999127808011804,0.8856783104063429,3.877545220956824
2017-05-03,129.39005666931064,129.4372408724245,128.9182434353664,129.26739501953125,23827600,10.680000305175781,75.3846941644387,1.4803214285789181,1.0642809613524562,0.41604046722646193,0.07032765139510826,0.06763079500361999,0.9040195437763577,12.44119437341458,1.1397057416725658,0.8855928209883114,3.380864930999228
2017-05-04,129.24852882453382,129.68258897136047,128.86163848600694,129.3145751953125,14630100,10.460000038146973,75.56125791454748,1.5143624735590464,1.1542972637937743,0.3600652097652721,0.06882702531468578,0.0707556198936672,0.8980860396032989,12.363483115754557,0.7301270676914993,0.888164296836398,3.8417512270827903
2017-05-05,129.6448692278828,129.78640747070312,129.16362480369318,129.78640747070312,19330700,10.569999694824219,77.31380892622582,1.5614141578502938,1.2357206426050782,0.3256935152452156,0.06793831076405273,0.07403997599927313,0.8784215129894878,12.658225248130517,0.9635158231681028,0.8885248522499299,4.165400167582023
2017-05-08,129.85247366992928,130.0695037841797,129.58825933990244,130.0695037841797,13279900,9.770000457763672,78.31845545729459,1.6030673012293448,1.3091899743299316,0.29387732689941326,0.06794290975987684,0.07679117522276356,0.8500517223671852,12.786129676623428,0.6676836181484612,0.8896306269645493,4.447971419980279
2017-05-09,130.26770813756056,130.81501351660322,130.1544631083277,130.52249145507812,28426100,9.960000038146973,79.85569268370273,1.6535687257577365,1.3780657246154926,0.2755030011422439,0.06811359501355002,0.07947525086994736,0.8425844373712097,13.060867672452648,1.3846228783941432,0.8843604644778564,4.772052871786636
2017-05-10,130.59796142578125,130.64514565202856,130.13559344492876,130.59796142578125,20499400,10.210000038146973,80.10873063195857,1.6803116773872802,1.4385149151698502,0.24179676221742996,0.06699214030693214,0.08013805843790953,0.8187964209232519,13.008038333319178,1.0318888145012308,0.880810836608733,5.287270211048312
2017-05-11,130.23932607526763,130.53184796967744,129.63540572592572,130.4940948486328,27232100,10.600000381469727,78.64457113233566,1.6738296284654126,1.485577857828963,0.1882517706364497,0.06675892845208711,0.07807627919066834,0.8290649408469859,12.80139891862421,1.332963284661654,0.8813416465780206,5.629348247978938
2017-05-12,130.5507601942321,130.81497451933532,130.43751519875875,130.7866668701172,19738600,10.399999618530273,79.76639203123493,1.6730151972237621,1.5230653257079227,0.14994987151583938,0.06679242750625368,0.0733799538543853,0.7968073965419568,12.939702136593992,0.9755875749566602,0.8749603315035838,6.288363547575426
2017-05-15,130.84322927400925,131.27728931894865,130.72055324458964,131.20179748535156,20481300,10.420000076293945,81.26985591917503,1.6864272423696605,1.5557377090402704,0.13068953332939004,0.06662461037957244,0.07053775370323441,0.7796594449574605,13.183254752098398,0.9947055205323474,0.8718968414433739,5.749882624019609
2017-05-16,131.54157696676089,131.76805259397597,131.15470090168094,131.74917602539062,21786000,10.649999618530273,83.05751413472606,1.7213822354373178,1.58886661431968,0.13251562111763793,0.06666091289742714,0.06618752662238732,0.7677803197672867,13.53875137391653,1.035576369122655,0.8654806828843831,6.352842346944754
2017-05-17,130.7017135131681,130.94706564113795,128.38040017003175,128.39927673339844,55642200,15.59000015258789,50.985840606283055,1.461923300896217,1.5634779516349875,-0.10155465073877057,0.10332357789029016,0.05723073544305377,0.953565715166686,10.55703003614349,2.4264601030114563,0.8919101399591904,3.483159187364304
2017-05-18,128.352113592075,129.95627617517485,128.21056094148884,129.52220153808594,41319900,14.65999984741211,56.9822829205679,1.331561461377305,1.517094653583451,-0.18553319220614606,0.1046274184103673,0.05019990678863967,1.0101478236323522,11.419070296684135,1.7289724514436662,0.891279805277164,3.5221687688413272
2017-05-19,129.98458083494273,130.6168090102642,129.89965788570575,130.0695037841797,36730100,12.039999961853027,59.57796508416522,1.2579110658713546,1.4652579360410318,-0.20734687016967723,0.10492905226935362,0.04103655326954938,1.0161806556713462,11.783868224657407,1.4923479286161507,0.8957139626131795,3.9831245555161043
2017-05-22,130.3620046749376,131.23015378869854,130.314834865393,131.16409301757812,19509700,10.930000305175781,64.22705052733798,1.2731902553515226,1.4268443999031302,-0.15365414455160753,0.10664725685245777,0.03722160298027579,1.0264998948747397,12.61407999805888,0.7974769745931619,0.897050159859397,3.60765250527757
2017-05-23,131.55095624827692,131.56038732852195,130.95646702513665,131.29617309570312,19687500,10.720000267028809,64.75383391028926,1.281188142169583,1.397713148356421,-0.11652500618683792,0.10659240923173993,0.03539418638975748,0.9963156383397803,12.621472916443608,0.8042465032383305,0.8962104872759895,2.9674954404537823
2017-05-24,131.69253221189337,131.96619200203355,131.3245183964565,131.90013122558594,15891900,10.020000457763672,67.13692024631811,1.3210328542579362,1.382377089536724,-0.06134423527878785,0.10528884215703982,0.03309299639054856,0.9730087289105408,13.029718300104307,0.6620492619908137,0.8956934413756288,3.586761511872738
2017-05-25,132.40027414473698,133.36277751336712,132.1171832247161,133.0230712890625,23928600,9.989999771118164,71.05549748003057,1.4267749801399816,1.3912566676573757,0.03551831248260595,0.10524787277563434,0.035413382395147436,1.0079828402584439,13.877232807865797,0.9809331995830073,0.8975885673059169,3.8453067288847453
2017-05-26,133.05132742387516,133.3155416739639,132.87203609732993,133.25892639160156,13851600,9.8100004196167,71.8156513926403,1.5121764831829978,1.4154406307625,0.09673585242049776,0.10348510588484634,0.03748390886078747,0.9676630357138395,13.961879838186519,0.5784105735437168,0.8951343145453269,3.8458579468995113
2017-05-30,133.19290100864367,133.53260719164763,133.10797806254283,133.3721923828125,20306400,10.380000114440918,72.19333084035947,1.5708891759408345,1.446530339798167,0.12435883614266752,0.10222381654328437,0.04089349298262854,0.9288748995274796,13.943351357922328,0.8560068526412346,0.8949506037895109,3.017494168296264
2017-05-31,133.8440250981112,133.8440250981112,132.64562940007903,133.3250274658203,33229400,10.40999984741211,71.76209515896089,1.5952248344276256,1.4762692387240588,0.11895559570356684,0.10188680987633185,0.043413435182656675,0.9481263851349565,13.788531345806076,1.3581616135234957,0.8940098629165549,2.808723362222243
2017-06-01,133.5986868685641,133.90063996361195,133.03250501727084,133.84402465820312,20120700,9.890000343322754,73.6288098931116,1.6375135185668626,1.5085180946926195,0.128995423874243,0.10193283807730157,0.045657800208808635,0.9424127109353965,14.116490941743939,0.8286565152911048,0.8847660122073486,3.540436192730878
2017-06-02,134.31583934243932,135.4010188346136,134.09880920344557,135.37271118164062,37222900,9.75,78.20009403649088,1.7739310590804678,1.5616006875701893,0.21233037151027845,0.10381554318670548,0.05137891798314506,0.9863113870407599,15.293299626167203,1.4648485385122438,0.8789448388866123,4.68480523342254
2017-06-05,135.36326743756607,135.58029757934852,135.1556683806949,135.34439086914062,15727500,10.069999694824219,77.93058043581487,1.8583359897212688,1.6209477480004053,0.23738824172086348,0.10381146867665095,0.05576247226642305,0.9461912307273938,15.14402389993136,0.6233504646542154,0.8797737331920744,4.28240792449095
2017-06-06,135.18394819506116,135.62745387080733,134.60833536474806,134.80650329589844,22393000,10.449999809265137,72.7987148084746,1.8603791803667207,1.6688340344736683,0.19154514589305238,0.10155231425408634,0.05778613905607496,0.9514003218225279,14.564783824477933,0.8717895511780721,0.880676414176846,3.6418986571815637
2017-06-07,135.18391621895205,135.44813046558926,134.56113372250516,135.33489990234375,18842400,10.390000343322754,74.57029905758938,1.8829303646587618,1.711653300510687,0.17127706414807475,0.10055202678852018,0.06067873783426527,0.9468000661983542,14.889274677320113,0.7475048657003236,0.8807935023568632,3.6870338541782344
2017-06-08,135.63691628694605,135.69353158902902,134.74045934196005,135.47650146484375,25417400,10.15999984741211,75.03945705486174,1.8904366266863235,1.7474099657458144,0.1430266609405091,0.10007903918351635,0.06298615519807772,0.9472480791176842,14.884779192467054,0.9986029129814371,0.8798863087508746,3.735540728049558
2017-06-09,135.63689728048286,135.7878665986819,130.32427473424974,132.08885192871094,109783700,10.699999809265137,50.86291328393596,1.604534314831966,1.7188348355630447,-0.11430052073107877,0.12642307553329366,0.061506944824552004,1.2698440637830029,11.90770056413571,3.7113487448166937,0.7851408827656472,1.2220913765699226
2017-06-12,130.97536627464746,131.61702540877093,129.72034125203717,131.38111877441406,104454000,11.460000038146973,47.425201473639966,1.3057941400753066,1.6362266964654972,-0.33043255639019065,0.12775354000299527,0.06083077727039674,1.3483202504180574,11.20449722423507,3.088864515377343,0.7811850286993265,0.4545202645826363
2017-06-13,132.117112731744,132.6361100750968,131.4282695661637,132.4473876953125,51193000,10.420000076293945,52.62082443093415,1.141916092117384,1.5373645755958747,-0.3954484834784906,0.12734317146246804,0.060049685142120106,1.3416538968655352,11.996876371094539,1.448097761095975,0.7850172862873006,0.9493697752883445
2017-06-14,132.98526794777948,132.98526794777948,130.80549316417446,131.87179565429688,60093800,10.640000343322754,49.76198092155773,0.9545921470879364,1.420810089894287,-0.46621794280635065,0.128172673827268,0.059967831129738434,1.4015196744897835,11.404170609808709,1.6125081287783642,0.7857686380953678,0.09307050913367476
2017-06-15,130.5413157753446,131.4283271876732,129.73924170996304,131.2867889404297,55145200,10.899999618530273,46.96895852023153,0.7502826272596224,1.286704597367354,-0.5364219701077317,0.12853942219446668,0.05320031663182982,1.453736408050073,10.808080818097542,1.480708766760283,0.7609691132103805,2.248853950343288
2017-06-16,131.2186618627624,131.31328738752794,130.23462281920945,130.71717834472656,48087400,10.380000114440918,44.358280267271425,0.5362218148906663,1.1366080408720165,-0.6003862259813502,0.12931844154431546,0.05033095314552961,1.4269455623549596,10.22706096650943,1.2795732715713153,0.7581212982183074,0.9226038412335269
2017-06-19,131.98505012717618,133.02585836477988,131.78634236629532,132.90286254882812,39626500,10.369999885559082,54.75131582955446,0.5367561369813245,1.016637660093878,-0.4798815231125535,0.13747173578638233,0.04642532391378694,1.4899265950476992,11.957546917058455,1.0503866999702856,0.7713732521578037,2.1783421034262895
2017-06-20,132.7704317006374,132.94074030966712,131.8147630461023,131.86207580566406,40935100,10.859999656677246,49.96534767784403,0.4480321632445907,0.9029165607240206,-0.4548843974794299,0.13966050514111827,0.04537170965432597,1.4639302142274926,10.975475906562721,1.0551126507530242,0.7805655911519712,0.5321447143254332
2017-06-21,132.16478944243084,133.2339966677812,132.07963517788622,133.1677703857422,35743400,10.75,55.25017843771808,0.47757127096997465,0.8178475027732115,-0.34027623180323685,0.14207258120248217,0.04370742508260208,1.4573581176481825,11.963728997546578,0.9026180630936678,0.7667222050751457,1.4254774118015234
2017-06-22,133.37605608306936,133.62206232791462,132.78940359484838,133.13003540039062,24099100,10.479999542236328,55.069146246119566,0.492261840630249,0.7527303703446191,-0.26046852971437007,0.14210136414941624,0.042847894822279624,1.4127367330351865,11.82501692470038,0.6023260902790561,0.7668288232159077,0.9324510623125892
2017-06-23,132.97856524152968,133.81122350474516,132.60954886357288,133.6409149169922,21654300,10.020000457763672,57.11775320634796,0.5389156462111373,0.7099674255179228,-0.1710517793067855,0.14231779159385213,0.042913192604600636,1.397660869330693,12.144853029147322,0.5427640730954268,0.7676499046944899,0.4644635114363638
2017-06-26,134.40732964609484,134.63440775838274,132.72309960344268,133.01641845703125,34411100,9.899999618530273,53.88355671501784,0.5195089028236737,0.671875720979073,-0.15236681815539932,0.14313200486358507,0.04293947239719771,1.4343499611599333,11.51214086539823,0.8408473055688287,0.7644870541116267,-0.18198250664099858
2017-06-27,132.5149296933541,132.67578149567402,130.59415040271242,130.60360717773438,65957800,11.0600004196167,43.60926083357559,0.30590888611953915,0.5986823540071663,-0.29277346788762715,0.1528079004349276,0.04624243848872529,1.5049155392427118,9.381309793197763,1.5265576308035167,0.781384009811553,-2.0758339168119644
2017-06-28,131.0861594359154,132.60008079688083,130.32921319325678,132.48654174804688,57427200,10.029999732971191,51.397680858063836,0.2852779112780013,0.5360014654613333,-0.25072355418333203,0.15809451163225782,0.04638325546455268,1.5596264009842362,10.849018222243354,1.292916921590998,0.7935142755130733,-0.6289034652465331
2017-06-29,131.93777266588077,131.93777266588077,128.919400537734,130.1873016357422,88769400,11.4399995803833,43.49745963018011,0.08244784611829914,0.4452907415927265,-0.3628428954744274,0.1481263877392906,0.0496616260207441,1.7030203159362824,8.824160929892976,1.8551905036676677,0.808407311825959,-2.732077903215402
2017-06-30,130.55632281521628,131.20920137930472,129.80883316686268,130.234619140625,68898300,11.180000305175781,43.689286284758424,-0.07362955891500178,0.34150668149118085,-0.41513624040618263,0.14605109765581592,0.04940025864641654,1.681402308543836,8.764863271356155,1.393771931208679,0.8063126138062736,-3.7955153562090005
2017-07-03,130.83070193806793,130.98208253010944,128.77745557316575,128.86260986328125,32797000,11.220000267028809,39.501587605148906,-0.3045213763341508,0.21230106992611456,-0.5168224462602653,0.14877676568543782,0.05148040060119075,1.718775497715254,7.535122164187823,0.6522034611507214,0.7887800810286705,-4.789102056047789
2017-07-05,129.2694502906351,130.4805814902114,128.83420768588067,130.1304931640625,42116600,11.069999694824219,44.770029597124946,-0.38080750699808164,0.09367935454127532,-0.47448686153935693,0.14955397545599242,0.05026482296709586,1.7136039481877874,8.502583128862724,0.821424527918255,0.7863891801019288,-3.468682902910225
2017-07-06,129.1370094196046,129.68580561146425,128.4936021560747,128.9572296142578,48430500,12.539999961853027,41.19496916975003,-0.5298298297876158,-0.0310224823245029,-0.49880734746311295,0.15164573565277484,0.04882138447935081,1.7081244524592167,7.437811473934067,0.9180782392491361,0.7903981259294932,-4.712509701997048
2017-07-07,129.39253582564663,130.69829327529112,129.3830790462402,130.3481903076172,36970400,11.1899995803833,46.63562660748099,-0.5295874367218403,-0.1307354732039704,-0.3988519635178699,0.15450594560126849,0.04203732417258822,1.7104772530716519,8.504010882192105,0.6932423571185207,0.7952345756062698,-3.785387946822172
2017-07-10,130.433350289,131.51201501976254,130.1021753402745,131.19976806640625,24853500,11.109999656677246,49.70370885221758,-0.4554302142543918,-0.19567442141405467,-0.2597557928403371,0.15362294799752868,0.04185488308746231,1.6890031406728228,9.120819305401131,0.5063547227380133,0.7922280371873239,-0.6730953061690137
2017-07-11,131.010457500321,131.72956210244675,130.51843096317072,131.56871032714844,31517700,10.890000343322754,51.017644298062734,-0.362708446914354,-0.22908122651411456,-0.13362722040023944,0.15378094922720983,0.04186196047482446,1.6548694262873378,9.337845102964028,0.6936668459283659,0.7921830696555086,0.14278425582330279
2017-07-12,132.6947924719849,133.28143052237237,132.42985822743356,133.13003540039062,36045800,10.300000190734863,56.22892957071782,-0.16137960971508392,-0.21554090315430843,0.05416129343922452,0.1578087611504367,0.042851266511283834,1.6590016240685235,10.534171019471742,0.8067726664906705,0.7979294380486656,0.5154104712495444
2017-07-13,133.29082700503275,133.74501216551317,133.03536409481785,133.4232940673828,31073600,9.899999618530273,57.15104984560108,0.021589596394420596,-0.16811480324456266,0.18970439963898325,0.15793464478587507,0.04470029308298654,1.5911906559704379,10.67081966484211,0.7188304708557498,0.7984880777002362,1.176520275156645
2017-07-14,134.0194010614862,134.64389481943203,133.5936151130056,134.47357177734375,34544800,9.510000228881836,60.371016073287045,0.24847834047832862,-0.08479617449998442,0.33327451497831306,0.15918706965033932,0.04861062712829541,1.5647199485474939,11.434705048168874,0.8186364393078104,0.8030561970688262,2.427344641935014
2017-07-17,134.61547717020974,135.01287825424225,134.28430238127103,134.53977966308594,25343200,9.819999694824219,60.57215882341886,0.4286900557544868,0.017901071550909836,0.410788984203577,0.15560673878255374,0.05146097353494107,1.5049953717206173,11.38299363717629,0.617212075810083,0.8019686382389731,2.9243297375027844
2017-07-18,134.4451800651941,135.46707495145756,134.01939413870747,135.43869018554688,25748500,9.890000343322754,63.29608460155106,0.636704175717,0.14166169238412787,0.49504248333287215,0.15686391782361803,0.05620106671750763,1.5009014746512943,12.012197649047444,0.6378622664901027,0.8010037711342178,1.9080308641110655
2017-07-19,135.83608883699915,136.43219778576486,135.77931930622637,136.23348999023438,33752300,9.789999961853027,65.56157156160431,0.8558251467086393,0.2844943832490302,0.5713307634596091,0.15725188074471622,0.06257340894476546,1.4646590550489147,12.554243815586538,0.8436445711421982,0.797547623311659,3.315141338297156
2017-07-20,136.58357679433144,136.6687310804953,135.7982313558976,136.4132537841797,36139400,9.579999923706055,66.07165474692489,1.0320882597181367,0.4340131585428515,0.5980751011752852,0.15692621003081483,0.06810082032885377,1.4222191028738274,12.585990349531901,0.9028637169048049,0.795779058143538,2.4371387979511994
2017-07-21,135.91179241966526,136.35650634765625,135.63740152941565,136.35650634765625,39697100,9.359999656677246,65.74063016080827,1.1538975896785075,0.5779900447699827,0.5759075449085248,0.15692398165663096,0.07273826846162751,1.3760500422945563,12.422152955289755,0.9727911035798019,0.7955326146539695,2.4235484784195904
2017-07-24,136.3375658753496,137.0755986163992,136.17671406643623,136.98098754882812,26712700,9.430000305175781,67.6607687022344,1.2859985840181025,0.7195917526196067,0.5664068313984958,0.1377864440445243,0.07801304432897121,1.3419667928422994,12.818657389804688,0.6505717377679121,0.7946253205753189,2.499288959455681
2017-07-25,136.52683810216953,136.95263854982443,136.26190394326315,136.63092041015625,28120900,9.430000305175781,65.44637198010403,1.3469156758258123,0.8450565372608478,0.5018591385649644,0.13685490231974493,0.08200965503041543,1.2974751366082047,12.413884188914919,0.6901539752467951,0.7930344661388672,2.717335194446391
2017-07-26,136.9715402596086,137.15132008856727,136.7539188845769,137.07562255859375,18610600,9.600000381469727,66.92715891070307,1.414768090925719,0.9589988479938221,0.4557692429318969,0.13548269103438057,0.08450368005932268,1.2419697467369775,12.65998396079811,0.48492286366250875,0.7923909621253884,4.955464493451411
2017-07-27,137.97455846370653,138.1070255669963,134.64393844663775,136.21463012695312,80665900,10.109999656677246,61.43747815443527,1.3831229447799558,1.0438236673510488,0.339299277428907,0.1362824593124393,0.08639444975973534,1.4006209877099471,11.840759178856185,2.0400875964614427,0.7919146166968387,2.8139374231656245
2017-07-28,135.4008667977289,136.3281362967314,135.18323097946555,136.10104370117188,38013200,10.289999961853027,60.729763685669475,1.3335066288509267,1.1017602596510243,0.23174636919990244,0.13540419521881436,0.08489304599935005,1.3823555826782261,11.62943466777026,1.0273115943203992,0.7912361035653849,4.542487624465896
2017-07-31,136.4889441424753,136.65925270587746,135.2305001519851,135.52381896972656,33848600,10.260000228881836,57.12829895190025,1.2333903727929396,1.1280862822794075,0.10530409051353207,0.13536959280352506,0.08198614327322046,1.3856696520506646,11.040882253376664,0.9602408389305964,0.7912689093037012,4.0612855967201655
2017-08-01,135.98746985410042,136.025311391438,135.41974572926682,135.83607482910156,20149400,10.09000015258789,58.55998511464731,1.1658052792185458,1.1356300816672351,0.030175197551310706,0.1272476884537782,0.07463704599681356,1.3299479384878448,11.178370905933924,0.5820542562937754,0.7914420544448195,5.411550311776958
2017-08-02,136.7160173599149,136.74440211647388,134.9371622805061,136.20506286621094,41769700,10.279999732971191,60.24929125770383,1.1290034079627844,1.134304746926345,-0.0053013389635605535,0.12470689377903017,0.06958157554470806,1.3640402168792687,11.360870533765617,1.207203155802579,0.7918518889713065,4.668060155961995
2017-08-03,136.33756716415255,136.41326468162,135.4292258301934,135.67523193359375,27112800,10.4399995803833,56.67654995050142,1.0450381819215693,1.11645143392539,-0.07141325200382065,0.1226474961535215,0.05789360789103724,1.3368972622040793,10.809932501618238,0.8085045537424811,0.7964198116485494,5.209480956927437
2017-08-04,135.97800283053326,136.22400889924668,135.36296600201493,135.9212188720703,29472900,10.029999732971191,57.92405671947494,0.986967083312777,1.0905545638028675,-0.10358748049009048,0.12265922578409107,0.04874475517334217,1.3029076647060562,10.896428717504033,0.8888187232487215,0.7969603712077697,4.275493623118942
2017-08-07,136.1672650908275,136.78228759765625,135.97802850702064,136.78228759765625,17933900,9.930000305175781,62.04416712625521,0.9989115387707557,1.0722259587964451,-0.07331442002568944,0.12342191163537229,0.04108022112849118,1.2713477404831905,11.480113055057963,0.5465377975324294,0.7972854511073596,4.254976676806654
2017-08-08,136.51737633796873,137.64335369110873,136.1578166620878,136.54576110839844,30810400,10.960000038146973,60.297535935844955,0.9780179131201692,1.0533843496611899,-0.07536643654102071,0.12257877165682501,0.03151356378670848,1.2866469753787424,11.169422180308613,0.9399637595438566,0.8005474813226057,3.7828529054320326
2017-08-09,135.41978453501622,136.43222281226704,135.107537620663,136.36598205566406,36169500,11.109999656677246,58.93937949627272,0.9361614111744245,1.0299397619638369,-0.09377835078941232,0.10879207587237368,0.026082724805886824,1.2974738691185057,10.908215237320167,1.103251020986461,0.8039564710656706,2.4306661119267936
2017-08-10,135.59007155049335,135.68468261470926,133.30973266686937,133.44219970703125,63331700,16.040000915527344,42.265769254988925,0.6594631506573307,0.9558444397025356,-0.2963812890452049,0.12067910031029633,0.026003831084902063,1.4231006919525195,8.4368734115719,1.8411782875873521,0.8306026071624831,0.01416966938239117
2017-08-11,133.62199258046752,134.74796975099463,133.31920249455308,134.45465087890625,45862500,15.510000228881836,47.77529035859866,0.5159268502803229,0.867860921818093,-0.3519340715377701,0.11022840784548656,0.026050377904657897,1.4235054465588786,9.159598183930614,1.3117340888692874,0.7961210416205864,-0.014070347197159272
2017-08-14,135.52383725306075,136.39433704947515,135.48599571314065,136.18617248535156,34161000,12.329999923706055,55.582152144935414,0.5357172063363578,0.8014321787217461,-0.2657149723853883,0.11535114817616898,0.024294653027247017,1.4603754982738804,10.453095305263304,0.964886884729615,0.8013754826959404,1.223721955237722
2017-08-15,136.5267524709822,136.5362236807498,135.91173022451918,136.28074645996094,25509200,12.039999961853027,55.9693067146301,0.5526617943110921,0.7516781018396154,-0.19901630752852328,0.10960490039719409,0.024015157377830745,1.4006696381279335,10.414986086672293,0.7207579865442046,0.805307461495736,0.6217250574857669
2017-08-16,136.62140098584672,137.1607402720587,136.06314815254893,136.51731872558594,31913000,11.739999771118164,56.97944255904247,0.5785111901894311,0.7170447195095786,-0.1385335293201475,0.10698328476799059,0.02416893519146533,1.3790212439409208,10.487719787427546,0.9040453572244026,0.8021055657322869,0.2083399136085573
2017-08-17,135.98746980800192,136.19563435784872,133.72605895996094,133.72605895996094,70191000,15.550000190734863,44.118653440570796,0.36950624907345286,0.6475370254223535,-0.2780307763489006,0.12106107696939371,0.028349147061851543,1.479895424061212,8.124158947423108,1.8969105040699623,0.8230590623976585,-1.969892770441628
2017-08-18,133.8017469505965,134.54923637161642,133.08262785218307,133.6314239501953,60751900,14.260000228881836,43.75803865634002,0.19399581010873135,0.5568287823596291,-0.3628329722508977,0.11772203433536838,0.031829213831895214,1.4789463594449364,7.94022062029666,1.5964009445142546,0.8220479667130204,-1.9984982531842221
2017-08-21,133.6220335088512,133.91535247078306,132.63797986603993,133.461181640625,37111500,13.1899995803833,43.075925771308874,0.04069626987026709,0.45360227986175666,-0.4129060099914896,0.11661999602894152,0.03416889103253798,1.4645482341090934,7.6925824392167055,0.9620489492288884,0.8184983274426887,-2.5695579884386976
2017-08-22,134.18023918799452,135.63739114107733,134.13292643458854,135.49545288085938,36294200,11.350000381469727,52.586859736612375,0.08240406497424146,0.37936263688425365,-0.2969585719100122,0.12400348141755028,0.033507541683335355,1.5153811817050389,9.208877855689542,0.9309989997215534,0.8290980979834726,-0.8310472665252311
2017-08-23,134.81417065679992,135.3156540090079,134.71955960114786,135.01287841796875,25702300,12.25,50.434118715299164,0.07564606620721293,0.3186193227488455,-0.2429732565416326,0.12027195223303982,0.032097967608819195,1.4625606172769297,8.69592393549853,0.6533586620615358,0.8299040830542238,-1.5048220114727284
2017-08-24,135.31567053548216,135.46706556840363,133.85853304763165,134.61549377441406,38160800,12.229999542236328,48.667334393979154,0.03778907491005157,0.26245327318108674,-0.22466419827103518,0.1205618391819915,0.03214715751640335,1.47298718181229,8.265409191264707,1.0254565046666564,0.8302386819230486,-1.1739828174467393
2017-08-25,135.135892667546,135.47650980335249,134.15183948247056,134.3316192626953,26380400,11.279999732971191,47.39016837411816,-0.014946865928948228,0.20697324535907977,-0.221920111288028,0.11858665724140403,0.0324754435755522,1.4623931203172638,7.931295067772662,0.7201495638970857,0.8342215409413539,-1.3000814618009615
2017-08-28,134.7385298826034,135.06024803318815,134.3127438583295,134.7480010986328,15362100,11.319999694824219,49.48421783898064,-0.02287821880858587,0.16100295252554664,-0.1838811713341325,0.11892256199093068,0.032636062677972096,1.4113296242130768,8.160312023150466,0.4302204214183515,0.8336883514751775,-0.5724586843786184
2017-08-29,133.59361702504478,135.50493987013144,133.47060673943304,135.27784729003906,24498300,11.699999809265137,52.0971269917315,0.013435411370068095,0.13148944429445095,-0.11805403292438285,0.11785837046534788,0.03241068763027462,1.4558298746763143,8.469807700870568,0.6819298729810518,0.8337065635125237,-0.4109567651780388
2017-08-30,135.39139637301884,137.0945547550884,135.30624206337234,136.86746215820312,33642700,11.220000267028809,58.95628319904679,0.16854003519412686,0.13889956247438612,0.02964047271974074,0.12158331306652752,0.033532385562871525,1.4816068454172453,9.620720089216396,0.9471852850076742,0.8356351252505955,0.48632501468968137
2017-08-31,137.2554113215988,138.3435471432398,137.17971378669807,138.33407592773438,38480700,10.59000015258789,64.06833245915195,0.4051348983215064,0.19214662964381019,0.2129882686776962,0.1253381529726388,0.03885896104111897,1.4812124268186324,10.659282757684949,1.0663313658658242,0.8391602332360621,1.9597121421852437
2017-09-01,138.51385287707672,138.7030894914642,137.77581997448578,138.14483642578125,22293600,10.130000114440918,62.978347931279124,0.5707882935125781,0.2678749624175638,0.3029133310950143,0.12542871231534877,0.0425814939736933,1.4416450761157598,10.379752224305475,0.6239805799563284,0.837830478997903,1.6359605749296735
2017-09-05,137.7379776377966,138.03129655409137,135.87396739920885,136.9053192138672,44794300,12.229999542236328,56.2303748682754,0.5951901412900611,0.3333379981920633,0.2618521430979978,0.12769471395166845,0.042746594922770935,1.500875358291234,9.270883609764093,1.2083362612690682,0.8868925828946024,0.08994703800599968
2017-09-06,137.2553840118155,137.63387161101127,136.3281146599807,137.32162475585938,30722700,11.630000114440918,57.8633747023866,0.6407351633681628,0.3948174312272832,0.24591773214087964,0.12774663879425663,0.043824731897514645,1.4869383292011857,9.486244380305319,0.8288497456070373,0.8891379352142302,0.5682077870180269
2017-09-07,137.57708506286235,137.99341419525774,137.14184237923112,137.64332580566406,22721100,11.550000190734863,59.132250192735754,0.6947795218084707,0.4548098493435207,0.23996967246495,0.12758433148570678,0.045565541773331816,1.4415550068315741,9.622590834846617,0.6243046635114063,0.8869466734110607,0.936702637083342
2017-09-08,137.46353438273553,137.5297751199371,136.30917259062213,136.45111083984375,27890100,12.119999885559082,52.78798775054155,0.6340987851728244,0.49066763650938144,0.14343114866344292,0.12881077572916583,0.04331452795922047,1.4338834502751714,8.564332007680624,0.805556093104505,0.8826370056694197,2.2548422758456255
2017-09-11,137.5203213618835,138.2583541504726,137.4824798199826,138.0218048095703,27126300,10.729999542236328,59.025259133092554,0.7046282251638445,0.5334597542402741,0.17116847092357035,0.13294429441947195,0.04458902395722298,1.4605520117290054,9.698865327104706,0.8052845509147001,0.8831470068052215,2.65305358152077
2017-09-12,138.40976636497916,138.53277665761345,137.70011825423262,138.35299682617188,30256700,10.579999923706055,60.218681756242326,0.7782762581032046,0.5824230550128602,0.19585320309034437,0.13227732469862097,0.04714079029991906,1.4157024682755643,9.843495985514037,0.9034508509891492,0.8846233715722897,1.591075144617471
2017-09-13,138.1164503403505,138.56116432073196,137.889357742551,138.542236328125,28450900,10.5,60.919102816744505,0.8422044919510654,0.6343793424005013,0.20782514955056408,0.13220787173001047,0.04971765156470862,1.3625670475545213,9.875965086898738,0.8458157820962071,0.8796162099829429,1.6594346060677667
2017-09-14,138.00289042639847,138.4192051361054,137.64333081028812,137.72848510742188,35296400,10.4399995803833,56.32651521417585,0.8177783157706244,0.671059137074526,0.1467191786960984,0.13340330392925603,0.0506554546642917,1.329448366860404,9.116178638531993,1.044074494770221,0.8745100602564456,0.8871888146810836
2017-09-15,137.70013082420348,138.7030979355621,137.47303821041643,138.2016143798828,46422400,10.170000076293945,58.29514224350856,0.8270640933096729,0.7022601283215554,0.12480396498811752,0.13304279605514732,0.04911128594864521,1.322349178166495,9.376072415932265,1.4232154852064676,0.8873451378316173,3.346808733264095
2017-09-18,138.36183922288797,138.79803456353648,137.60322164460686,138.0204620361328,24858200,10.149999618530273,57.23141831680444,0.8104631440931485,0.7239007314758741,0.08656241261727438,0.1331133829384136,0.04611563747830985,1.3132394453638607,9.113099729710902,0.806474715462677,0.8847860661759891,3.2844356186560564
2017-09-19,138.26703057679075,138.45668138689211,137.79289631682263,138.25755310058594,20871200,10.180000305175781,58.303798950532865,0.8071339024799613,0.7405473656766915,0.06658653680326976,0.13203651379190626,0.041673244199085295,1.2668498471285479,9.171748328773377,0.695445411007265,0.8852543670586377,3.593832604357039
2017-09-20,138.2101427009032,138.36186914325518,136.76877043741908,137.83084106445312,34236200,9.779999732971191,55.60160906508135,0.7612877085618095,0.7446954342537152,0.01659227430809429,0.132284258520353,0.04089280333718996,1.2901533370362301,8.709474669030758,1.1447029711080878,0.8874745110801857,1.7235915552437309
2017-09-21,137.73598786711904,137.74546534231555,136.50323602846754,136.9868621826172,28841800,9.670000076293945,50.60585398316156,0.6493667317722327,0.7256296937574188,-0.07626296198518612,0.13353683942134323,0.03858012504519456,1.2928284583897554,7.926717860866117,0.9593038097517258,0.8829956052477018,1.4620707207926076
2017-09-22,136.55064264112372,137.05322370995705,136.40840817614324,136.85409545898438,21702400,9.59000015258789,49.84710854656812,0.543688088450466,0.6892413726960283,-0.14555328424556224,0.11686790066914277,0.03478785678801355,1.2465418209200452,7.707063206653306,0.7421545921721608,0.8763324953803814,1.6629599029081454
2017-09-25,136.31361782247896,136.38948105046845,134.74898034481083,135.4127655029297,54947700,10.210000038146973,42.41264626155499,0.3397176666931614,0.6193366314954548,-0.2796189648022934,0.11958269910240035,0.03145424864673029,1.3078684847238666,6.470955798485842,1.7915319429333252,0.8617241640440624,0.8048337734395394
2017-09-26,136.10495751305007,136.36099402349515,135.28944613892205,135.76358032226562,29628800,10.170000076293945,44.57925817587643,0.2040255820531911,0.5362744216070021,-0.332248839553811,0.11372677298972324,0.028474209627476495,1.2909884418559552,6.644327976734902,0.9440696530491132,0.8620341186888665,0.7536877841248568
2017-09-27,136.48426660864675,137.49892076235636,136.14290386843916,136.9868621826172,33249400,9.869999885559082,51.43992933014779,0.1929727800179819,0.4676140932891981,-0.2746413132712162,0.11673227834479696,0.025057722419041525,1.3227278703012968,7.500569472353827,1.0448662672743865,0.8882936745996148,1.263336848430141
2017-09-28,136.65495446323294,137.08167233298647,136.34202416689982,136.93943786621094,24149400,9.550000190734863,51.17543580467131,0.1783309209321544,0.40975745881778936,-0.23142653788563494,0.11664993026204055,0.024992533904690896,1.2810793200002508,7.356994152977192,0.7703891423154645,0.8924972088985959,0.05258788821891347
2017-09-29,137.21445775957628,138.029969300081,136.85412554593225,137.9256591796875,43102400,9.510000228881836,56.21713412782488,0.24350004299770944,0.37650597565377336,-0.13300593265606392,0.10070652243901004,0.024503304425824,1.2735624938680012,8.025038629394038,1.3649459593832434,0.8917925975606104,-0.2952394377942258
2017-10-02,138.13424509548918,138.6083792577457,137.432521326356,138.0489044189453,27351300,9.449999809265137,56.81724197860412,0.30161507175910174,0.36152779487483905,-0.05991272311573731,0.10057042009392066,0.024390322208083997,1.2665835965481216,8.015036008424095,0.8592665291381967,0.8830421974069278,-0.06944306375683551
2017-10-03,138.2290774217512,138.50406886872761,137.9256246132277,138.34286499023438,19715200,9.510000228881836,58.285870381010284,0.3671594267974001,0.36265412125935126,0.004505305538048843,0.10035462939739338,0.024818791985082033,1.217430786473249,8.1380077211799,0.6447715818050347,0.8871644398796156,1.0500291622135727
2017-10-04,138.07737594164752,138.76960789058444,137.94461893131128,138.47564697265625,26381100,9.630000114440918,58.96475093528866,0.42491998359557215,0.37510729372659546,0.04981268986897669,0.09112240863100832,0.025560515304561507,1.189399227387528,8.132543157898573,0.8689441188144249,0.8904144034333719,0.8403790873058536
2017-10-05,138.97822996057107,139.90752904525377,138.83599547240553,139.83168029785156,31562400,9.1899995803833,65.19454141441378,0.5735051867026186,0.4147868723218001,0.15871831438081851,0.09382237816738055,0.029387153072945173,1.206719430616813,9.077529923275668,1.0246862096521931,0.8885150243614307,1.5898733043381963
2017-10-06,139.35751635048263,140.02130126953125,139.35751635048263,140.02130126953125,23561100,9.649999618530273,65.97248357312456,0.6985088827557888,0.4715312744085979,0.22697760834719094,0.09300176197867961,0.03179896139541668,1.1679383940762282,9.112655491073712,0.7703339794442248,0.8863049486177119,2.616461242208512
2017-10-09,140.20148461463702,140.3531965574213,139.6799341160524,139.860107421875,13704800,10.329999923706055,64.6496270331429,0.7756272677963238,0.532350473086143,0.24327679471018082,0.09273513286837577,0.03427718125716884,1.1326043974542765,8.874939330379013,0.4581324969939317,0.884319173436316,1.3318928953588216
2017-10-10,140.33420998937663,140.47644442538612,139.3480030016314,139.96438598632812,19223100,10.079999923706055,65.13665094479566,0.8355271157155357,0.5929858016120216,0.2425413141035141,0.0926026641376432,0.03655004727998503,1.1323070421900217,8.842361835772824,0.6546750804844632,0.8829996475489638,1.1646940775564163
2017-10-11,139.8980259326728,140.41009893508883,139.7178526343941,140.3816375732422,12439100,9.850000381469727,67.09039041803673,0.9062205463380906,0.6556327505572355,0.2505877957808551,0.0924070942688954,0.03940421636993381,1.1008741320832154,9.051531512374368,0.43550886450703064,0.8897680116697858,1.3276826575548517
2017-10-12,140.17307245217262,140.67565365640024,139.9834071552009,140.1256561279297,14513500,9.90999984741211,64.69506845409941,0.9308596653326902,0.7106781335123264,0.2201815318203637,0.08723524637232694,0.041299993472597586,1.0716864441629392,8.74137262128903,0.5273211659671021,0.8890118185598153,1.7405048916628418
2017-10-13,140.69455406736597,140.82731104212178,140.13507927871117,140.66610717773438,18409900,9.609999656677246,67.3458532960056,0.9826686352948286,0.765076233868827,0.21759240142600167,0.08260207729544541,0.04406598533549847,1.045255620593593,9.043244033594275,0.7047539568455485,0.8883661834764358,1.7832590515746594
2017-10-16,141.0170080100076,141.1876893862194,140.7135551597267,141.14976501464844,21809400,9.90999984741211,69.54930181077648,1.0506435972093868,0.822189706536939,0.2284538906724478,0.08279630073236745,0.04736445455183067,1.0078503768715528,9.297763513842298,0.8397917444005605,0.8881922924971296,2.2672746724296644
2017-10-17,141.10235036613673,141.34889495783324,140.8842526708118,141.32992553710938,13138200,10.3100004196167,70.35184484447359,1.1062989669147214,0.8790115586124956,0.22728740830222582,0.07751918698132435,0.050515939073875867,0.9690497990251157,9.311313881368326,0.5135447415820283,0.893399371013751,2.2222094689381633
2017-10-18,141.47217104455447,141.49114046481657,140.95062050805743,141.15924072265625,17218200,10.069999694824219,68.50962027555241,1.1236803230304417,0.927945311496085,0.1957350115343568,0.07755963947261783,0.05251388056396408,0.938440524577546,9.05870855790882,0.6961782208482294,0.8988135198610878,2.4148439003188527
2017-10-19,140.33425692438635,140.65666473345354,139.65150246434484,140.6376953125,27680300,10.050000190734863,63.07457300734938,1.0828879588005975,0.9589338409569875,0.12395411784360999,0.07857180464072895,0.05218391646986796,0.9791046484156789,8.540635029131177,1.121823299749923,0.8990895857067783,2.6650972740844825
2017-10-20,141.2066337953459,141.3298988331893,140.84628721682114,141.01698303222656,30173300,9.970000267028809,65.23460540698566,1.0688440959912953,0.9809158919638491,0.08792820402744617,0.07350803265203995,0.05156744454255932,0.9586117107209378,8.719256677803692,1.2022226534220153,0.898291089063901,3.041843621325757
2017-10-23,141.31098105284977,141.32045852919947,139.8980557275479,140.09719848632812,29297100,11.069999694824219,56.58946005395738,0.9722873839067461,0.9791901903524285,-0.006902806445682419,0.06981969154052363,0.04524707263831486,0.9917396457874117,7.904982492742994,1.2301745929104697,0.9005060371821288,3.4593732474188954
2017-10-24,140.37216814333883,140.62820465921973,139.81269326777786,140.33424377441406,20289500,11.15999984741211,58.12950110493263,0.9044669357800217,0.9642455394379472,-0.05977860365792553,0.06968300875771177,0.038440151333103724,0.979151913334159,7.983013515237201,0.8689875788248763,0.9015609750732,3.3666344400309134
2017-10-25,140.05922863773168,140.51439338206194,138.76010566335557,139.80319213867188,36179100,11.229999542236328,53.54641888854948,0.7986608480912878,0.9311286011686154,-0.1324677530773276,0.0707070998915834,0.03414245037459904,1.034518756575031,7.473681076157381,1.539869044031646,0.8997534184460051,2.0559124511518867
2017-10-26,139.71789143128967,140.06876065094534,139.31962035738883,139.35755920410156,28230200,11.300000190734863,49.98497777214487,0.6711137265108391,0.8791256262370601,-0.20801189972622103,0.06907499440114086,0.028710613667316098,1.0141345806451363,7.034014595286695,1.191199951390272,0.8969484401719134,1.7658326743338337
2017-10-27,141.6997293492333,143.68162115209807,141.4816316851688,143.41610717773438,60165100,9.800000190734863,69.73077646321393,0.8872944385366566,0.8807593886969795,0.006535049839677121,0.10802235223381017,0.033051659295823224,1.2505579640273774,10.033572865891134,2.4505077876246406,0.8694972354729094,3.9807299314002176
2017-10-30,143.31180750575055,144.31696969172114,143.17905050891343,143.738525390625,31733400,10.5,70.71974540617033,1.0722751451289128,0.9190625399833661,0.1532126051455467,0.10777927745496019,0.03663190402380529,1.242512336797401,10.163616031190495,1.2810602635318433,0.8591164381638522,4.121453187642143
2017-10-31,144.20312773035144,144.48759656669986,143.78588747781106,144.2789764404297,26319300,10.180000305175781,72.35050541130917,1.2480962936385822,0.9848692907144094,0.2632270029241728,0.10799783377673589,0.04075146945036936,1.2072665396029338,10.456550753360643,1.0485189972433815,0.8601263715215638,4.290869247658224
2017-11-01,144.85745923582255,144.92384496165977,143.66264639558523,144.2316131591797,29481600,10.199999809265137,71.97219347652043,1.3678463186830072,1.0614646963081291,0.3063816223748781,0.10728591465883264,0.0430315970890469,1.2111188272080486,10.300512632344201,1.1672908641482584,0.8597827252725332,4.156663147896333
2017-11-02,144.07040683713802,144.12731509378642,142.9704265221955,143.9566192626953,31017400,9.930000305175781,69.69359757136246,1.4241427360930459,1.1340003042651126,0.2901424318279333,0.1053485635888407,0.04565860430660955,1.2146950993349148,9.971839577480205,1.2294256095521139,0.8592135158900549,2.9499316292683764
2017-11-03,144.4781824623032,145.36006518061424,143.98507881399118,145.3411102294922,26199200,9.140000343322754,74.13366204490906,1.5624637928272307,1.2196930019775363,0.3427707908496944,0.10748468700442657,0.05115899863650042,1.2281773006623442,10.905447650159116,1.0330472848460546,0.8310645466666757,3.7992854742298743
2017-11-06,145.22727638057947,145.89107572966086,145.1798745437238,145.83416748046875,28693900,9.399999618530273,75.50973146783187,1.6923613382914482,1.3142266692403188,0.37813466905112936,0.10070653677484354,0.056171063257098884,1.1912504353248237,11.155814900297981,1.0989393555246272,0.8349965597916512,4.271453932588187
2017-11-07,145.72041292035576,146.10920646270844,145.40748259134713,145.9195556640625,21333100,9.890000343322754,75.75033184598476,1.7816583433914843,1.407713004070552,0.3739453393209322,0.10085732433910359,0.05992485457198781,1.1562842521845726,11.098183777259454,0.8137422738140466,0.8258606828032864,4.2547749813413915
2017-11-08,145.8437221590309,146.54543170390173,145.67302627687894,146.50750732421875,17373500,9.779999732971191,77.39696920452506,1.878218712375343,1.5018141457315104,0.3764045666438327,0.09904893015754611,0.06428329004384112,1.1360071932444449,11.425388860141926,0.6565263789566923,0.8260048432266801,4.3637258097808385
2017-11-09,145.3032156701537,145.8152888950726,144.24115930651857,145.7394256591797,40594500,10.5,70.64792836077045,1.8711957494122657,1.5756904664676614,0.2955052829446043,0.10116286529484453,0.06533876878939855,1.216745823562712,10.725423043585518,1.4619792478862355,0.8289030458575333,4.006239604062811
2017-11-10,145.3980493112289,145.84373678170468,145.14201269704574,145.7299346923828,20150800,11.289999961853027,70.56604387770798,1.843612145757561,1.6292748023256416,0.21433734343191935,0.10016423862298021,0.06626491271939003,1.1799585564981565,10.603644027553385,0.7234474366295078,0.7920813731158006,3.599891698325175
2017-11-13,145.17986284681666,146.09968413074077,145.17986284681666,145.91001892089844,12522400,11.5,71.24702469849535,1.8153569286930633,1.6664912275991262,0.14886570109393715,0.10014059432487071,0.06735607208159383,1.1613773227428672,10.621223431184108,0.4571970176167842,0.7925818173951923,3.372484471196957
2017-11-14,145.39804352238357,145.55924746728581,144.6773645093913,145.3790740966797,25173800,11.59000015258789,66.37144865391704,1.7301772492468217,1.6792284319286652,0.05094881731815648,0.10139674757182404,0.0673459073688735,1.166468543368886,10.101511865308396,0.8993442065985895,0.7957895153329915,2.865032684466473
2017-11-15,144.75316759343625,145.0850673260709,143.9281787035637,144.69627380371094,24808000,13.130000114440918,60.62572012700215,1.5892555140678155,1.6612338483564955,-0.07197833428867995,0.10305495414630603,0.06606884969287702,1.1867847469222501,9.474201065557956,0.8744209490223654,0.7761514719514069,2.5057042407900854
2017-11-16,145.42644510995638,146.8772946314104,145.39799821498102,146.54539489746094,34790600,11.760000228881836,68.56284743049682,1.6082438086390027,1.650635840412997,-0.04239203177399431,0.10548192135597079,0.06540335059817466,1.2578016098349079,10.753652366727264,1.2111066204511616,0.7894097792293268,4.200651590481419
2017-11-17,146.58332985521247,146.68763995716898,145.8436816665852,145.9859161376953,28725800,11.430000305175781,64.33699407478721,1.5601623285794233,1.6325411380462824,-0.07237880946685915,0.10663921804632177,0.0637652422139836,1.228241372745541,10.215714448057485,1.0025087322273414,0.7902499156739641,3.5236416200545184
2017-11-20,146.09022903066756,146.2229860293824,145.66351113975756,145.87213134765625,21143900,10.649999618530273,63.4800584712607,1.4956351762951101,1.6051599456960481,-0.10952476940093803,0.10656695239554656,0.05894064574470436,1.1804723382369204,10.01609298248084,0.7485558705038952,0.794974667507602,4.122090180048588
2017-11-21,146.56434448704218,147.5221047197196,146.49797323088902,147.45571899414062,20147800,9.729999542236328,69.55737778094182,1.554361519651792,1.5950002604871971,-0.040638740835405196,0.10998050346133921,0.055407259426554646,1.21400812636738,11.090898886088516,0.7134699780482217,0.8056655106399614,5.07465250689223
2017-11-22,147.5885089740146,147.7781597804022,147.30402552971861,147.63592529296875,17299000,9.880000114440918,70.16580529687077,1.597034097177925,1.5954070278253427,0.0016270693525823887,0.109929277638211,0.0479946554388454,1.1611599923899665,11.10731925882544,0.6337752492062239,0.8045850959860409,5.60268548555567
2017-11-24,147.78764305316105,148.22383843531225,147.70228789628086,148.17642211914062,8280600,9.670000076293945,71.97498030311536,1.6553837654508072,1.6074023753504358,0.04798139010037139,0.10954865017780878,0.034711100118016223,1.1202137888152186,11.394110692354833,0.31487942759980586,0.8008754888127871,6.328227162850242
2017-11-27,148.12901580650112,148.46090107084015,147.76866917777465,148.11004638671875,22653400,9.869999885559082,71.4023430673282,1.6769396150389184,1.6213098232881324,0.05562979175078597,0.10958634129857803,0.03479862810553724,1.0896436534045242,11.226478098542927,0.9275778905171955,0.7929391043931817,3.2729512056600463
2017-11-28,148.44193305004544,148.58418199561228,147.6453910448115,148.48934936523438,25227300,10.029999732971191,72.73718645180011,1.7049754656799792,1.638042951766502,0.0669325139134771,0.10949786913531626,0.03546720910697173,1.0788684603613996,11.394786558367791,1.0469151602941387,0.7561632632133608,3.3051848568075304
2017-11-29,148.31864548506894,148.35656984980795,145.19883473388916,145.9005584716797,71986300,10.699999809265137,54.157006526863334,1.5009977222157147,1.6106339058563446,-0.10963618364062988,0.122771187307478,0.033618042408436674,1.2368431868602436,9.350708804221727,2.728806077449536,0.7118081922152028,1.1239212193326908
2017-11-30,146.5169187271945,147.40829317679228,146.1755415862725,147.12380981445312,56595500,11.279999732971191,59.43047928080522,1.4216620163926734,1.5728395279636103,-0.15117751157093684,0.1243484428700134,0.03171306371928468,1.256192581021126,10.162763322091314,2.0405186935027024,0.7163033746249271,2.0052446144948055
2017-12-01,146.2229646792386,147.20917178520412,144.38332191606398,146.4979705810547,59015800,11.430000305175781,55.88825500349688,1.2933786383241284,1.516947350035714,-0.22356871171158565,0.1245582650728863,0.02802869944640618,1.368310958743913,9.592447247049218,2.025545240625266,0.7224725613321488,1.7653591278924408
2017-12-04,147.41778088759756,147.57898474542964,144.66779442316246,144.81004333496094,51319100,11.680000305175781,47.64077514989583,1.0434828935583766,1.4222544587402468,-0.37877156518187016,0.12996299258150876,0.02897493800546385,1.4785166275670032,8.238355237418835,1.688586262951909,0.7188467767423403,-0.3653934483455523
2017-12-05,144.78161244548954,146.55488419366554,144.23162950628634,144.90489196777344,40604200,11.329999923706055,48.1042165433159,0.8433703588972321,1.306477638771644,-0.4631072798744118,0.12804324624895083,0.030184282015576477,1.5388550604107318,8.2200118199628,1.310350992520477,0.6939574332038277,-0.6372138496417601
2017-12-06,144.36439108796392,145.78679373390753,144.19369524634817,145.5592041015625,28647800,11.020000457763672,51.30616388161961,0.7291718155316858,1.1910164741236524,-0.46184465859196666,0.1284068147487103,0.030463660641622335,1.542729590921348,8.616720718902112,0.9137178398051479,0.6899431138244029,-0.24695220654975536
2017-12-07,145.54974122660133,146.4695628541347,145.39801478981803,146.0523223876953,32666200,10.15999984741211,53.628291206693156,0.6707274432355916,1.0869586679460403,-0.4162312247104487,0.1276433065583791,0.030501974744193257,1.5090737675924417,8.888702418370181,1.0170797107134895,0.6911878226583772,-0.3106905201220256
2017-12-08,147.12380030073396,147.48414683435686,146.4695074199159,146.69708251953125,28081700,9.579999923706055,56.546198984532545,0.6687279319451136,1.003312520745855,-0.3345845888007415,0.12712318064107886,0.03033397193819779,1.503555958954521,9.271496197865245,0.8917090054617045,0.6912538027071131,0.6571021232038454
2017-12-11,146.76353407895724,147.88248407252362,146.75404213259895,147.83506774902344,20821500,9.34000015258789,61.18820141765238,0.7503199806434395,0.952714012725372,-0.20239403208193252,0.09913632209130656,0.031213497697685038,1.480830644242939,10.016627481441443,0.6604646043278884,0.6934887999266443,1.444544019788574
2017-12-12,147.768682304383,148.07212070071742,147.3229949511861,147.63592529296875,20310300,9.920000076293945,59.980663504205204,0.789808711982289,0.9201329525767554,-0.13032424059446646,0.09930021559005002,0.03170189529001479,1.4285660089063945,9.765503567592598,0.6363886745169111,0.6944686162868554,1.1828566570236454
2017-12-13,148.23332520996505,148.39452910378336,147.7022827445647,147.92039489746094,24418500,10.180000305175781,61.15981885926604,0.8344392396062972,0.9029942099826638,-0.0685549703763666,0.09898484874514091,0.031728212589583374,1.3807115661855522,9.878368574848082,0.7660185590531655,0.6929500222894978,1.7480650613383553
2017-12-14,148.17643327150108,148.55574935999468,147.65489716264497,147.81610107421875,24594700,10.489999771118164,60.45650114554217,0.8515771629322444,0.8927108005725799,-0.04113363764033551,0.09902983784806668,0.0297466743382523,1.346435896982992,9.700403244480961,0.7718042458381058,0.6867425950648749,2.156121362696628
2017-12-15,148.39452649338423,149.6557251963475,148.14796745000007,149.4945068359375,49816200,9.420000076293945,67.02786470653113,0.9891896460975431,0.9120065696775725,0.07718307641997058,0.10320715671337465,0.03349929487789646,1.3816636273505463,10.838600037483898,1.5272713225731487,0.6953103699250145,2.0124221170785273
2017-12-18,150.48185549625808,150.87146216206182,150.20628889098825,150.7479248046875,26844500,9.529999732971191,70.91502724753586,1.1857206358726842,0.9667493829165948,0.21897125295608932,0.10240025262962442,0.03946672068082292,1.3813273201201015,11.653491877245205,0.8253823402400372,0.7015245351429203,3.2619644366930656
2017-12-19,150.46280509909508,150.61484880494265,149.4365318341527,149.85464477539062,31415000,10.029999732971191,65.03090337956682,1.254926615429298,1.0243848294191356,0.2305417860101624,0.10424168874156158,0.041326951650137646,1.376332009435437,10.881176586561466,0.9508957610601603,0.7059732101917754,2.7301400143683763
2017-12-20,150.37726680631692,150.40577318507326,149.10393355625393,149.69308471679688,38972600,9.720000267028809,63.996638551057124,1.2819586845908475,1.075899600453478,0.2060590841373695,0.1044005479529728,0.043397462945821585,1.3710111251057147,10.652825228557116,1.146977898677723,0.7077632113428924,1.5173136300974166
2017-12-21,149.90220564314657,150.3773314930456,149.5411053573224,149.712158203125,18638700,9.619999885559082,64.06929237934895,1.2900499720502978,1.1187296747728421,0.17132029727745568,0.10398693791837486,0.045215066036534336,1.3328121972926774,10.558621394906343,0.5474645030128068,0.7029923340946872,1.4063195702781472
2017-12-22,149.4840943950029,149.59811996046585,149.1420031989236,149.54110717773438,23330400,9.899999618530273,62.84449851897846,1.268042779606418,1.1485922957395573,0.11945048386686064,0.10260618795293308,0.04647467523775945,1.278336683500444,10.327140831694786,0.6704526138510606,0.7043281124737475,0.9209866448904203
2017-12-26,148.70489204680226,148.92344587538153,148.191748014863,148.7333984375,21918700,10.25,57.27645071721942,1.1719174412387474,1.1532573248393954,0.018660116399352056,0.10418620589030068,0.0468010747407101,1.283409717741224,9.630940117586485,0.6305498220000719,0.7042327622814549,0.42087087674906876
2017-12-27,148.7428830748995,149.15149880627285,148.6098484297361,148.75238037109375,22388200,10.470000267028809,57.372038108567274,1.0847646102546094,1.1395587819224382,-0.05479417166782885,0.10418629219536137,0.04697436366077649,1.2304269076551901,9.543513844536774,0.6466971669989235,0.7103148573513419,0.17713796106171298
2017-12-28,149.22746744785357,149.25598832841223,148.75234176704703,148.93289184570312,25393800,10.180000305175781,58.32689479762863,1.0185202636090196,1.1153510782597547,-0.09683081465073506,0.10339095744919988,0.04591537124176604,1.1785140257773337,9.577438911200684,0.786437272353666,0.7097696521652247,2.078356248795332
2017-12-29,149.06594918580365,149.09445557102387,147.9541566631533,148.01116943359375,33186000,11.039999961853027,51.930357253024766,0.8814846399023963,1.0685777905882832,-0.18709315068588683,0.1041710512205473,0.04563916071187542,1.1757843744982794,8.804412264869883,1.0664157604333917,0.7170343378748271,0.6031380102647699
2018-01-02,148.77136904646022,150.64336561772686,148.40077155010061,150.60536193847656,32573300,9.770000457763672,63.92255137658617,0.971019269696626,1.0490660864099517,-0.0780468167133257,0.10968749155509692,0.04715410551375754,1.2798137894721957,10.604350732443137,1.09317124133346,0.7250218884587656,2.803718946501954
2018-01-03,150.74789188783635,152.20177546989225,150.7193855038499,152.06874084472656,29383600,9.149999618530273,68.67063749354719,1.146838516105845,1.0686205723491304,0.07821794375671454,0.11158968535932162,0.047553365950961594,1.302428056753874,11.565619696855764,1.0238082918659894,0.7351828302584879,5.012564973118261
2018-01-04,152.59136501774546,152.79090968337664,152.11623933809113,152.3347930908203,24776100,9.220000267028809,69.45764718861638,1.2927427941364158,1.1134450167065875,0.17929777742982833,0.11140389139801866,0.04689859807733915,1.2609809697464598,11.63859819104729,0.8877493873815834,0.731209428033295,5.127432912823449
2018-01-05,153.05702570888025,153.9692590865347,152.77194734098018,153.86473083496094,26992300,9.220000267028809,73.56940050172335,1.5143694668366834,1.1936299067326068,0.32073956010407656,0.11083229532070911,0.05047296820001608,1.287658471601311,12.633760303880015,0.9700348036367995,0.7406967351181409,5.705944041575917
2018-01-08,153.8647006423144,154.53938549729583,153.80768787985954,154.46336364746094,23159100,9.520000457763672,74.98826159948031,1.7185050106407687,1.2986049275142393,0.4199000831265294,0.11105575751565504,0.05452363401071715,1.2479469820180946,12.941959391913752,0.8467442952225094,0.7407196352122418,5.7589233243676485
2018-01-09,154.76741492011206,154.92895589105572,154.00722552736153,154.47283935546875,24782400,10.079999923706055,75.01112892315369,1.8596120600076347,1.4108063540129185,0.44880570599471614,0.11094600924301024,0.057610149490284444,1.224645794994959,12.8201705661345,0.9115937201762906,0.7377407114977836,5.300553155106025
2018-01-10,153.78865816859735,154.14026098939257,153.104476111521,154.1117401123047,34004000,9.819999694824219,72.2984400856318,1.9201682182049922,1.5126787268513335,0.40748949135365864,0.11135567456602247,0.06010115072475973,1.2349113270630159,12.430609043282313,1.2211922318325927,0.740269450487013,4.245726307601805
2018-01-11,154.37782339268693,155.176030957271,154.14026058182145,155.16651916503906,20473500,9.880000114440918,75.12791631928198,2.029872161532694,1.6161174137876058,0.41375474774508825,0.11244748104501924,0.06328085167123186,1.222724149770394,13.072467807827751,0.7350533585513702,0.7419195899614796,5.1007868559949765
2018-01-12,155.03352151738278,156.46841051675975,154.8339768285244,156.30686950683594,37762700,10.15999984741211,77.77139339675003,2.183658216630363,1.7296255743561573,0.4540326422742056,0.09824565991240418,0.06797961463305409,1.2521319739464611,13.77282930526772,1.3240643766245013,0.7451366567583688,5.6695864117916495
2018-01-16,157.34261926877707,158.1408269177584,155.39460111377264,155.8602294921875,41231800,11.65999984741211,74.43450487619303,2.243631469836032,1.8324267534521321,0.4112047163838999,0.09761416274921156,0.06944233035753329,1.3588529618064114,13.320464002709237,1.4047286833722032,0.7467197915245942,5.4419838972276535
2018-01-17,156.6014508420993,157.77975342788366,155.8412467385591,157.5421905517578,33849900,11.90999984741211,78.2237143444706,2.399224143397788,1.9457862314412633,0.45343791195652483,0.09904369741302002,0.07571639560712766,1.4002567994862787,14.407668587173388,1.185476694369897,0.754686422244934,5.383263830992946
2018-01-18,157.29512817624658,157.93179493537957,156.92453067467102,157.57070922851562,26432200,12.220000267028809,78.28249068452374,2.496060643697291,2.055841113892469,0.44021952980482215,0.09010841334786375,0.0813884174845596,1.3721859038592983,14.292554584746775,0.9263659913542865,0.7570690430417912,4.525955785240754
2018-01-19,158.03634346509588,158.3214218489824,157.3046456630479,158.06484985351562,38937600,11.270000457763672,79.32383556173059,2.5829031864539047,2.1612535284047563,0.42164965804914845,0.08987354574916342,0.08580205763755126,1.3467994954360987,14.513820206985246,1.346886275008998,0.7487930812704687,5.478779179938575
2018-01-22,158.00784233341997,159.7563018798828,157.82729220096218,159.7563018798828,26081400,11.029999732971191,82.42954841775094,2.7564380675095492,2.280290436225715,0.4761476312838342,0.09257676848831081,0.09201454541799624,1.3883859371135656,15.591736323978283,0.922752463887484,0.7561682583133377,6.722566498061311
2018-01-23,160.2503582576658,161.21961852022395,160.17433642337866,161.0770721435547,37989700,11.100000381469727,84.40000980495316,2.966346635609483,2.417501676102469,0.5488449595070142,0.09377040691424195,0.09899401878061773,1.393738130201249,16.393766262633598,1.2995780186563954,0.7508358029594197,7.591176345885087
2018-01-24,161.41923482803801,161.77083778020958,159.11013039737182,160.03187561035156,54287400,11.470000267028809,77.03724217826735,3.0136228941717604,2.536725919716327,0.4768969744554332,0.09786553868568806,0.10099398648483233,1.4842359339609996,15.49037559409382,1.7637125962693208,0.7528667763436824,7.015307449976671
2018-01-25,161.13413082260007,161.19114358451495,159.4616791414426,159.97482299804688,28925000,11.579999923706055,76.6441991069601,3.01176821150338,2.631734378073738,0.38003383342964225,0.09720550127825196,0.09945447898078054,1.5017522560403815,15.301932035964505,0.9291530813832094,0.76517821566629,7.558103747135636
2018-01-26,160.86801081303688,162.44543120205267,160.55444069323858,162.42642211914062,32038200,11.079999923706055,81.10526658306732,3.1715621283432824,2.7396999281276466,0.4318622002156358,0.10307748739902933,0.10037244216863374,1.5709562523236258,16.907198065951523,1.0134501629076647,0.79732425241974,9.192486005221646
2018-01-29,162.08439093178814,162.40747293319353,161.29568051681434,161.6377716064453,37277800,13.84000015258789,76.07157880668483,3.1977013427653276,2.831300211055183,0.36640113171014477,0.10565206596448251,0.09715840984044592,1.539512348752387,16.180272200173565,1.1574368464194342,0.7990832249332774,8.530607042737515
2018-01-30,160.16487165852013,160.99158571230205,159.4711922168374,160.30740356445312,44987700,14.789999961853027,68.36370323185946,3.075613517748849,2.880162872393916,0.19545064535493273,0.11009211004104953,0.08622656060821074,1.5843028516706383,15.06996424446796,1.3716897602957074,0.8038587338383811,8.307639334189677
2018-01-31,161.21014280398256,161.53323929692547,159.96531580079017,160.9725799560547,42449200,13.539999961853027,70.00043291854108,2.9979734408665593,2.9037249860884446,0.09424845477811461,0.10712832658376986,0.08050236994334442,1.583132897703829,15.394590927725178,1.2750923070083637,0.8012597719628779,6.8836978206746835
2018-02-01,159.73725213364457,161.28615192004625,159.09107369846686,159.60421752929688,38037900,13.470000267028809,62.80235943401296,2.793822264640596,2.881744441798875,-0.08792217715827899,0.11019013000438103,0.07483935574623025,1.626843277980655,14.267350794825811,1.127924659724684,0.8010116747846,4.9553094493394845
2018-02-02,158.977077266998,159.3571720633385,156.28786380881212,156.4208984375,68478100,17.309999465942383,49.937476018228594,2.3480963470024108,2.7750148228395823,-0.4269184758371716,0.12532497804852538,0.06833149975524264,1.7475225953023765,11.858768985501538,1.9069954672790683,0.8291269405449814,2.6823191627953324
2018-02-05,154.95750990892995,157.50417681860608,150.13972812874667,150.25375366210938,105372200,37.31999969482422,34.985306045962005,1.4801559867475476,2.5160430556211755,-1.035887068873628,0.17248606446555245,0.07767276309802658,2.1487316020564506,7.352065460174891,2.645688737214048,0.8896299105074013,-2.3468517789985155
2018-02-06,148.05874478970668,154.42542955830476,147.38407406704812,154.23538208007812,118537900,29.979999542236328,46.18790533655203,1.1009006382747657,2.2330145721518937,-1.132113933877128,0.18859558458185655,0.0780026751396958,2.498204736999321,10.08220014641008,2.6579893683026348,0.9006650153347742,-0.14759588422736947
2018-02-07,153.74119181742685,155.4136438243872,152.23029533361074,152.23980712890625,91028300,27.729999542236328,42.25778367430801,0.6320262165769464,1.9128169010369043,-1.280790684459958,0.1928443229521073,0.08198851761668428,2.547143576554831,8.558558986066233,1.9000200901185318,0.8984622064408626,-1.4455824311119914
2018-02-08,152.6293711736915,152.80042396098423,145.81607055664062,145.81607055664062,94184800,33.459999084472656,32.63217654476327,-0.25496294255879093,1.4792609323177655,-1.7342238748765564,0.22900152205116706,0.10385745344563216,2.864087135682601,3.910134515167822,1.849728873772258,0.9244420309934022,-5.3828926658143095
2018-02-09,147.87809746788633,149.41751437955793,142.66122729406774,148.334228515625,113836600,29.059999465942383,38.54206531924877,-0.7461132107654294,1.0341861037011266,-1.780299314466556,0.2347643268568911,0.11491274453415525,3.142101417811715,5.625563496175767,2.047924741195316,0.9273627393415834,-4.403199018821235
2018-02-12,149.85463830000486,151.99270388465845,148.67633587981655,150.9664306640625,63050600,25.610000610351562,44.06571162728231,-0.9124385975389941,0.6448611634531025,-1.5572997609920967,0.24032232454725144,0.11978022955386065,3.1789852714704105,7.41243880305043,1.1090555325469522,0.9298933400830282,-3.4166373235054004
2018-02-13,150.10172035205449,152.04972415900994,149.87365479187048,151.7456512451172,31785600,24.969999313354492,45.62376696105165,-0.9701923032456534,0.32185047011335133,-1.2920427733590047,0.23980175995682781,0.12298134899043635,3.107348421161057,7.876966812063841,0.5637903378075346,0.9294265220830443,-2.6399154296616434
2018-02-14,150.8524175680183,154.82446166602278,150.13972898108278,154.58689880371094,52107400,19.260000228881836,50.985026997192975,-0.7777323836323262,0.10193389936421582,-0.879666282996542,0.24054489788396385,0.12334147379361433,3.220018725716696,9.798783777670844,0.9095171202319097,0.9307811289668236,-1.8758732106596954
2018-02-15,155.97427507183772,157.4566650390625,154.35885047934113,157.4566650390625,51633900,19.1299991607666,55.732523453963104,-0.3891544291649893,0.0037162336583747985,-0.39287066282336414,0.2446678814954799,0.12330916738279833,3.21128985671703,11.726896445530825,0.8818564691019586,0.931913832378708,-0.07237651592195693
2018-02-16,156.94351110871725,158.463904517202,156.48738003645585,156.7534637451172,62256300,19.459999084472656,54.34352578657603,-0.13637403325412834,-0.02430181972412583,-0.1120722135300025,0.2452261863362336,0.12296080158031726,3.1230923298619673,11.119564035758627,1.042516992563294,0.93110668983787,-0.8296506842689899
2018-02-20,156.20237489149216,158.38794214305224,156.1358503144272,157.0670928955078,36785600,20.600000381469727,54.88359416212895,0.0882462551203389,-0.0017922047552328853,0.09003845987557178,0.24377246298349656,0.12144241854137217,3.0608780083450453,11.232474676818773,0.6105239433178801,0.9261924389085263,-1.6833195014722802
2018-02-21,157.83678896917795,159.37619184724448,156.5254371843432,156.62046813964844,41161800,20.020000457763672,53.90569940934147,0.22759697055747097,0.04408563030730789,0.18351134025016308,0.24381237871574912,0.11810883579091716,3.0458691979562063,10.810892419609091,0.6813613686819057,0.9262296236389796,-2.76675255180604
2018-02-22,157.3046325437706,158.1408585335124,156.20235178419645,156.60145568847656,37074400,18.719999313354492,53.86170376710669,0.33266452107076816,0.10180140845999994,0.23086311261076822,0.24381631634577525,0.1157915555368913,2.966771880196187,10.693545688969184,0.6225711251792913,0.9260483116811125,-2.1435854005907196
2018-02-23,157.86528062146579,159.8037872314453,157.21910208501484,159.8037872314453,50096900,16.489999771118164,59.8113513832748,0.6666480011562328,0.21477072699924654,0.45187727415698625,0.2503114794088353,0.11559336627562407,2.9835975703942275,12.840334441570642,0.8265579436473689,0.9287981270006053,-0.10691417774135736
2018-02-26,160.55448643750137,161.92283630371094,160.42145181857742,161.92283630371094,39266700,15.800000190734863,63.19364927971034,1.0897597932996064,0.3897685402593185,0.6999912530402879,0.25222289209310444,0.1146743092804664,2.921844106242184,14.210321943870541,0.6440280079779586,0.934752177928096,-0.31003934511363296
2018-02-27,161.9703937605913,162.2364630674096,159.8418393060449,159.9178466796875,42209900,18.59000015258789,58.202443565759886,1.2488965288938232,0.5615941379862195,0.6873023909076037,0.2547477182075773,0.1121554804371741,2.8841855101795066,12.679201211825635,0.6895117033495058,0.9517513499680472,-1.0640612708677222
2018-02-28,160.83006241858322,161.35270363066368,158.7870275437167,158.8915557861328,42936300,19.850000381469727,55.77411337852674,1.2774745093875595,0.7047702122664875,0.572704297121072,0.2554105764301358,0.11050157705618713,2.861434837091469,11.845326609178631,0.7025548102153139,0.9510894313856967,-0.8832079784456437
2018-03-01,158.97709500215046,159.70879279140402,154.89101023706323,156.29737854003906,76809900,22.469999313354492,50.08566503343246,1.0783636367596614,0.7794888971651224,0.29887473959453903,0.25824045932860124,0.10602729229974898,3.0011739597521347,9.92217086779771,1.2224538696540352,0.9530230413403011,-2.9043464528505147
2018-03-02,154.41587102458183,158.0078205875171,153.90274158688567,157.7322540283203,57445100,19.59000015258789,52.94438646914903,1.024539047449565,0.828498927222011,0.19604012022755402,0.25964963114688544,0.10405635768196111,3.080024319814942,10.830039288970337,0.9003522801426863,0.959349831919206,-1.1728784677215387
2018-03-05,156.99104355019156,159.8892987827744,156.40187780973443,159.48069763183594,38540200,18.729999542236328,56.23372258249149,1.1101701091258178,0.8848331636027724,0.2253369455230454,0.26145586871887416,0.10654771306672761,3.1091240807595875,11.936346995289112,0.618563021679125,0.9601701011658987,1.9561319650382325
2018-03-06,160.25992376198803,160.69704587027346,159.14813114922381,160.1553955078125,29480900,18.360000610351562,57.46922197998887,1.2184305138318337,0.9515526336485847,0.266877880183249,0.2599150068680544,0.10503825064626356,2.9976805550660197,12.289188534372656,0.5038483490113175,0.9608314735343024,6.589946410237402
2018-03-07,158.9295549831289,160.65901958165878,158.65398844254184,160.52597045898438,34609400,17.760000228881836,58.167721085095216,1.3189262057738347,1.0250273480736347,0.29389885770019997,0.25888271280302455,0.10753288670902704,2.926777025355371,12.428968961095944,0.637197475542221,0.960674436595519,4.078563747221242
2018-03-08,161.19115996899987,161.52373928053723,160.54498143568418,161.4097137451172,25828400,16.540000915527344,59.86075806274897,1.4531296886019618,1.1106478161793003,0.3424818724226615,0.25859789162547364,0.10846543724701156,2.788990725083763,12.92831371086316,0.5058932973016276,0.9610349620392092,6.023330421357209
2018-03-09,162.55954047411075,164.54556274414062,162.32197758536014,164.54556274414062,38310500,14.640000343322754,65.23707570422759,1.7918681814680042,1.246891889237041,0.5449762922309631,0.264377499712939,0.09664987157155502,2.813766316079454,14.988525580079651,0.7938137622427236,0.9629358697054005,12.844600815261131
2018-03-12,165.03016272415204,165.79986405604734,164.6595652495474,165.41976928710938,37635000,15.779999732971191,66.5809345323039,2.1065787114264367,1.4188292536749203,0.6877494577515164,0.26126216210622616,0.08973327551870892,2.702375958638544,15.46420908830862,0.8466580459847689,0.9620863325366945,11.518272581088485
2018-03-13,165.79984933984073,166.49354325612575,162.7495506656866,163.16766357421875,55638900,16.350000381469727,60.1318064823186,2.149485038867823,1.564960410713501,0.5845246281543222,0.26411038387222396,0.0820332210550765,2.7767771466243016,13.772527607611798,1.2622067435250224,0.9600315284731109,8.082083451589984
2018-03-14,164.02287085183343,164.1464081557455,162.42644119244116,163.13912963867188,40536400,17.229999542236328,60.05243959363733,2.1563293399948975,1.6832341965697803,0.47309514342511716,0.2628388246915951,0.07320408668835315,2.701290704958589,13.634254969904521,0.9105580313846956,0.959328689602044,7.508273416778599
2018-03-15,163.2532303211019,163.94690993998674,162.39799516797626,162.9966583251953,28810400,16.59000015258789,59.629240413975126,2.1257528974667537,1.7717379367491752,0.35401496071757843,0.2626720170529317,0.06934419355318774,2.618978138319438,13.417998582128096,0.6645484910103245,0.9590136038988547,5.44015022396096
2018-03-16,163.27221273454535,163.63329842937603,162.43598681026822,162.5120086669922,31176700,15.800000190734863,58.12855771564072,2.0389103797607504,1.8251724253514903,0.21373795440926013,0.2615029759888855,0.068921750579049,2.5174305298043214,12.96605229741157,0.7365070350599574,0.9575000848349876,3.210625365827191
2018-03-19,160.94820270627963,161.0624132192765,157.6549925238525,159.04461669921875,71395100,19.020000457763672,48.68775250368737,1.6710348555845371,1.7943449113980998,-0.12331005581356269,0.26248815175638357,0.06633557439576648,2.6845437878997034,10.459035199215354,1.6686000618172279,0.9570984032102539,1.461628278802829
2018-03-20,159.11122816025596,159.9392833920879,158.5782264237569,159.56808471679688,34075700,18.200000762939453,50.007812077322015,1.405528291258065,1.7165815873700931,-0.31105329611202803,0.23333911290354725,0.06376613911029407,2.590009015073368,10.729556739640229,0.7989251600103442,0.9571524794394785,1.5923079590916656
2018-03-21,159.14930384235376,160.62457128036806,158.17847097733167,158.87327575683594,43863500,17.860000610351562,48.23408624769929,1.1260665555494427,1.5984785810059632,-0.4724120254565205,0.22218591426335485,0.060576609603146175,2.579729821356441,10.157476246432292,1.0251591516725342,0.9572600122341564,1.4383864663070733
2018-03-22,156.6746935994984,157.77877729831016,154.75206709270043,154.9519500732422,66607300,23.34000015258789,39.680018435810055,0.5814700806699307,1.3950768809387566,-0.8136068002688259,0.2310559663966539,0.0645224999205477,2.689835452983517,7.363574953618611,1.5047851894759718,0.959868477718515,-1.0533143564870118
2018-03-23,154.7711020583771,155.4278417292373,150.7925986931602,150.86874389648438,80110400,24.8700008392334,33.09781834275607,-0.17756035768834977,1.0805494332133354,-1.2581097909016852,0.20901335028096044,0.08338348466978494,2.8287931374902016,4.478165092243841,1.7504985050039512,0.9629158590569343,-5.5912588116702295
2018-03-26,153.92391868717024,156.6650863476608,151.48733166593607,156.47471618652344,57481500,21.030000686645508,46.27469364661561,-0.32301877648228583,0.7998357912742112,-1.1228545677564972,0.22925238538625406,0.08501648030245125,3.0407609456106464,8.28163010508728,1.23152453424017,0.9657104855193773,-3.3646397515966986
2018-03-27,157.6360074180263,157.6360074180263,150.07876601811535,151.41128540039062,78889100,22.5,38.834726449687885,-0.8372212040438853,0.47242439221059196,-1.3096455962544773,0.24460615766315064,0.09678699417365164,3.363366692346383,4.7076958407426295,1.6262764245877082,0.9613971444758486,-5.319332054498805
2018-03-28,150.54512736355125,152.07751498286373,148.51780321813723,149.6694793701172,89369700,22.8700008392334,36.65168961409434,-1.3694928610550505,0.10404094155746346,-1.473533802612514,0.24643833407556806,0.1107391831911854,3.3773913403735345,3.4377488298877283,1.7581833657432058,0.958974055896424,-5.804006619727787
2018-03-29,150.4784904980858,153.9144640690621,149.07935352033692,152.41062927246094,68692600,19.969999313354492,42.1619501581847,-1.5522408296254753,-0.22721541267912426,-1.325025416946351,0.24616602455332207,0.11573452185045084,3.48151414097008,5.259566975721644,1.3622770047460735,0.9615863938198012,-2.486765487613374
2018-04-02,151.32557094618875,152.03941568037564,146.46190824300035,148.01332092285156,85549400,23.6200008392334,36.65391962193029,-2.0285125157435004,-0.5874748332919995,-1.441037682451501,0.2527680976173703,0.1302162202352675,3.6577432044336873,2.1657013671937375,1.6505751344466064,0.9630327701543326,-6.161665009696593
2018-04-03,149.30777162704723,150.30715723767622,146.99492147861758,149.67897033691406,64090000,21.100000381469727,39.85892102152569,-2.245670578494895,-0.9191139823325787,-1.3265565961623165,0.25549241463643635,0.13859713583739405,3.633064101192612,3.249871734201827,1.2067965107406113,0.9632370948211462,-6.146027350312533
2018-04-04,146.78552695053716,152.50579801572323,146.6141966475801,152.0394287109375,65768700,20.059999465942383,44.16988534650501,-2.201918300631661,-1.1756748459923951,-1.0262434546392658,0.2601650383449302,0.14164945741510995,3.794388191689079,4.801064556162628,1.1974942252125675,0.9634397213290817,-5.067557525078259
2018-04-05,153.5527902469376,153.79073853384045,151.79196711457212,152.9055633544922,43054900,18.940000534057617,45.70773858662828,-2.0734530025277706,-1.3552304772994703,-0.7182225252283003,0.2608026745617671,0.14274036730420145,3.6661298508018834,5.325481940078038,0.7779476841389551,0.9630243163745531,-4.747149064231482
2018-04-06,151.22091095887507,152.72474598446567,148.36553130797915,149.07937622070312,59870900,21.489999771118164,40.412046808689304,-2.2543973636600185,-1.53506385457158,-0.7193335090884385,0.2701662996263853,0.14719936549448584,3.728551436209823,2.629043202527341,1.0495135226478616,0.9648245651699578,-7.639154570266415
2018-04-09,150.36421466713244,153.12442235768228,149.8692928935482,150.1262664794922,41810400,21.770000457763672,42.37917241649369,-2.2869591374794993,-1.685442911153164,-0.6015162263263354,0.26340586580330566,0.1434407814090427,3.7511582005504893,3.2894492455978557,0.7306785773766531,0.9649517609902292,-8.76310246485933
2018-04-10,152.48677503958757,153.93349005785967,151.4017315142786,153.43856811523438,48296800,20.469999313354492,48.20520785872892,-2.022179096025525,-1.7527901481276362,-0.2693889478978886,0.26899845427668956,0.1321174441521171,3.7551628703945603,5.494667807252255,0.8362442216543773,0.9657856833833232,-7.2429076787550954
2018-04-11,152.47723006416774,154.19046030553756,152.38205948160768,152.55337524414062,41622100,20.239999771118164,46.842122941462904,-1.8622992459021077,-1.7746919676825308,-0.08760727821957692,0.2673843749881842,0.12395160821502761,3.616108438504225,4.817917662348966,0.7295265257675329,0.9657491170513928,-6.5051420713946095
2018-04-12,153.47662266317172,154.92335210299123,153.3909647779531,154.39035034179688,30467900,18.489999771118164,50.00173615326072,-1.569275147606021,-1.733608603667229,0.16433345606120797,0.26973593304890736,0.11313529635295143,3.527099039957538,6.002248627723792,0.5387765957493839,0.9659518969108535,-5.362771835458602
2018-04-13,155.16133360377893,155.38975467997562,152.924613744607,153.5908660888672,44604900,17.40999984741211,48.64651748164595,-1.3855909067518724,-1.6640050642841577,0.2784141575322854,0.266076231408491,0.1001029941141339,3.4512448896297583,5.370182501191765,0.777903616121973,0.9655932721259403,-5.770542987183569
2018-04-16,154.66639629081936,155.3231359280143,153.69556315221772,154.76158142089844,28180800,16.559999465942383,50.75147620934317,-1.132498145615756,-1.5577036805504774,0.42520553493472146,0.2656243229926994,0.08542219243381341,3.328460957452426,6.092282054798168,0.49275674271160813,0.9656129685638427,-4.769141252801424
2018-04-17,156.32251387239995,158.4354958500738,156.00842038672292,158.0928497314453,35536100,15.25,56.24717334747199,-0.6555579331080139,-1.3772745310619847,0.7217165979539708,0.2712443717344525,0.08337184363579253,3.3531362054326364,8.272374125157617,0.6414790223357218,0.9645772400589524,-0.5984276535265565
2018-04-18,158.09282148120732,158.94942936310235,157.340896885954,158.4164276123047,29573900,15.600000381469727,56.75200829937121,-0.24860360024160855,-1.1515403448979094,0.9029367446563008,0.27101165263320726,0.08058585962980112,3.2285216534123298,8.389381681754775,0.5360305205290107,0.9643337752065794,-0.7217339899367459
2018-04-19,157.6169446469958,157.98814337854748,156.41767603489774,156.960205078125,34705700,15.960000038146973,53.746439964738464,-0.04309754616127748,-0.9298517851505831,0.8867542389893056,0.2721253220983827,0.07657936894814077,3.1406809336976598,7.289896422564257,0.6343093482847355,0.9648650108974701,-1.204148822133555
2018-04-20,156.56045772806604,156.67466825663695,153.93349938524963,154.4760284423828,49197100,16.8799991607666,48.98090574289966,-0.07976532605880493,-0.7598344933322275,0.6800691672734226,0.2749707591872893,0.0762219724314985,3.132539845067496,5.504054964091627,0.9137030006048068,0.965378207753398,-0.3071414271549444
2018-04-23,155.22790298763857,155.8370498721763,153.2576992060897,154.08575439453125,33040600,16.34000015258789,48.25698017704675,-0.13871760955575496,-0.6356111165769331,0.4968935070211782,0.2678475651679094,0.07531421750660229,3.093026332283145,5.147277187353006,0.6416877168072227,0.9651863390868926,2.1323240420521916
2018-04-24,154.81864880636707,155.0565970501283,149.80269576138235,150.8211212158203,70256800,18.020000457763672,42.58686162051803,-0.4437510469555832,-0.5972391026526632,0.15348805569708002,0.2724897347586795,0.07373929163537382,3.247374543459059,2.8476670731852383,1.3477509221368869,0.9645355344960067,-3.6131044736734563
2018-04-25,151.08762553234595,151.63013998842462,148.92705136322655,151.001953125,52089300,17.84000015258789,42.98647064330403,-0.6632550288362324,-0.6104422878893772,-0.052812740946855286,0.27082072595425705,0.07405825846631062,3.2084969778689874,2.901503272838555,1.0256034139722967,0.9645924548319394,-0.2703446274220478
2018-04-26,152.95313287107112,154.69491581155097,152.4581964423862,154.1809539794922,43005500,16.239999771118164,49.62456022926973,-0.5740771113891014,-0.6031692525893221,0.029092141200220634,0.27922059810651495,0.07180709072056583,3.2431016713462717,4.986970370567497,0.8872469812703422,0.9636397576036898,3.014291643400857
2018-04-27,156.44620991323706,156.48428976602713,153.40047523441388,154.276123046875,51043400,15.40999984741211,49.81294541310704,-0.4900743489097579,-0.5805502718534092,0.09047592294365137,0.27929379723580183,0.07198076466465765,3.2317240185081992,4.976196147801983,1.0726048819603826,0.9638754036984123,1.223991911403477
2018-04-30,154.63782183060397,155.5991276065904,152.80085364647556,153.18157958984375,35615300,15.930000305175781,47.60784536577895,-0.5059893338654149,-0.5656380842558104,0.05964875039039552,0.2797145752900255,0.06498752653942355,3.200763300051531,4.161401719894498,0.7898441293497197,0.9655007992955473,3.491752387398983
2018-05-01,152.781814404942,154.95190125437148,152.42012842230096,154.932861328125,36513500,15.489999771118164,51.32093948349516,-0.37298869242795263,-0.5271082058902389,0.15411951346228625,0.27594375719724784,0.06141399525953921,3.1529782666243156,5.27901731322174,0.8353058708527241,0.9635941984746393,3.5101063157936485
2018-05-02,155.19936380196503,155.68478752539755,153.83830678708944,154.01914978027344,38646800,15.970000267028809,49.35557243748066,-0.3374239977693776,-0.48917136426606667,0.15174736649668907,0.276066268643726,0.06062137815697192,3.0596570146017297,4.588918142466601,0.9124143124211826,0.9642724644707321,1.302110305281312
2018-05-03,153.23869989084025,154.57120451538916,151.54450921539467,154.00013732910156,60337100,15.899999618530273,49.31325431249779,-0.3072312958053658,-0.4527833505739265,0.1455520547685607,0.2758961994459808,0.060392382280284596,3.057302606415498,4.510142990068158,1.396021748352556,0.9624425644688696,0.7158496725666819
2018-05-04,153.33388462560146,157.28382044938786,153.21965957006645,156.92213439941406,41543200,14.770000457763672,55.612356588339885,-0.04698105024385768,-0.37162289050791275,0.32464184026405507,0.2721724006564662,0.05561792898627134,3.1292210544802055,6.41841128752151,0.9820075283020474,0.9642710372209695,5.260793529951591
2018-05-07,157.65497740333103,158.74002074236202,157.53123967731287,158.22605895996094,32500200,14.75,58.113919053964075,0.261470885441895,-0.2450041353179512,0.5064750207598462,0.26068428526195814,0.054298130356965305,3.035554289370759,7.22337602310428,0.7767947732789022,0.9594777326226064,5.395319999898351
2018-05-08,157.89295497021274,158.4069168481155,156.91260925029442,158.0642852783203,26040200,14.710000038146973,57.67959731237338,0.48725075919082883,-0.09855315641619519,0.585803915607024,0.23808772339634685,0.0570450232698889,2.925465239974352,7.035021737629379,0.6393995779602328,0.9588096146189338,3.014703030604382
2018-05-09,158.34977081533668,159.90119779854618,157.78821652292316,159.7869873046875,29122700,13.420000076293945,61.020434976202466,0.7960146309357583,0.08036040105419552,0.7156542298815628,0.21849776097993825,0.06154251681707705,2.867430671092113,8.11808371150369,0.7262328542519461,0.9581317702620232,4.741692570859524
2018-05-10,160.30098175195806,161.5573555335311,160.17724400956428,161.44313049316406,27067600,13.229999542236328,63.96551000275841,1.1609662419997733,0.2964815692433111,0.8644846727564621,0.21602936891259028,0.07036035449053842,2.7890690680743626,9.147071545196649,0.6778587131538163,0.9582693195405073,4.568148291491925
2018-05-11,161.25278318060256,161.6715744629178,160.58653092383284,161.29086303710938,24688800,12.649999618530273,63.490544227192856,1.4215199152336027,0.5214892384413694,0.9000306767922333,0.2110216672433215,0.07602931110650549,2.667352958860833,8.954941564872433,0.6340992463637688,0.956029679084971,5.013316966249137
2018-05-14,161.6620796598461,162.58532021902448,161.30039359903478,161.56689453125,21821700,12.930000305175781,64.01222836703833,1.6314773577244637,0.7434868622979882,0.8879904954264755,0.18974310396741575,0.08165701641863812,2.569288974793281,9.048028518029081,0.5650761220205206,0.9549643420599048,4.39728842770315
2018-05-15,160.29145741542408,160.3771152970751,158.93038591751122,159.77748107910156,49361600,14.630000114440918,58.20584608102977,1.63463636226561,0.9217167622915127,0.7129195999740973,0.19231563561606396,0.08335423102136263,2.5740903775751027,7.754184452934923,1.2557471593330205,0.9562588460411007,1.0655961673902148
2018-05-16,159.98688914747214,161.20518308092323,159.91074396123028,160.833984375,22941200,13.420000076293945,60.48488018850335,1.702762496410628,1.077925909115336,0.6248365872952921,0.18851497633299802,0.08626449530010549,2.4922054935927145,8.374198809936845,0.5885842940622674,0.9604055166979837,1.526077061030473
2018-05-17,160.27245255696766,161.43364139522004,159.4348699134515,160.21534729003906,27480200,13.430000305175781,58.47417155603874,1.687383005029801,1.199817328298229,0.48756567673157214,0.188892966102345,0.08862018021253776,2.4569602070338443,7.868744607492756,0.7116339389946664,0.9605246191969444,2.0738646526957893
2018-05-18,159.5966644516339,160.14870620768974,159.14933504361318,159.3872833251953,26217900,13.420000076293945,55.80023579093242,1.5900477253561007,1.2778634077098032,0.3121843176462975,0.1726158008915716,0.08875834756989633,2.3576067812761328,7.227550856508596,0.6997657652079128,0.9605994628728195,3.1792990358010975
2018-05-21,160.62459800052747,161.32893012144874,159.59665971183568,160.28195190429688,22954600,13.079999923706055,58.033170555432115,1.5670372621172248,1.3356981785912876,0.23133908352593724,0.172328027097924,0.08887331985359356,2.327895353774511,7.7402604424135255,0.6210260270036724,0.9585164311157289,4.021265647894023
2018-05-22,161.01478988736358,161.28129071555523,159.78698353770957,160.072509765625,19477700,13.220000267028809,57.30333910516848,1.5144435119121908,1.3714472452554685,0.14299626665672238,0.16196833866063717,0.08163559260711913,2.2683533412081642,7.512205786909461,0.5658269042083988,0.9578125966192127,6.134013906822933
2018-05-23,158.85426501405885,161.4431434475723,158.8352396084787,161.4241180419922,26557800,12.579999923706055,60.735137878589086,1.5637995699869691,1.4099177102017686,0.15388185978520053,0.1616923526080223,0.07398667113237638,2.292606948199982,8.330362628156404,0.8012164051787727,0.9570413317024002,6.902006696803897
2018-05-24,161.37652587890625,161.66206671862517,159.74895325875565,161.37652587890625,27696500,12.529999732971191,60.55058724226591,1.580851242705478,1.4441044167025106,0.1367468260029674,0.15892182861915993,0.07194837440606142,2.2655002704620917,8.208266335274422,0.8553212646766354,0.9586372886610912,4.666965480296059
2018-05-25,161.35744133583066,162.1188785234788,161.05287517469526,161.5382843017578,27460500,13.220000267028809,60.98452611316281,1.5890992223824298,1.4731033778384943,0.11599584454393552,0.15766111722162646,0.0690784775491998,2.179821918913624,8.2253946320461,0.8800806223780941,0.95711048832565,4.707248997096136
2018-05-29,160.80540770731938,161.7286479830771,159.86314203025216,160.82444763183594,41220500,17.020000457763672,57.95486174304192,1.5205076860970337,1.4825842394902022,0.037923446606831446,0.1576135421330131,0.061110738283373205,2.1573707784787186,7.648405630438653,1.3093140748126382,0.9521255268593651,4.989417175652977
2018-05-30,161.40506813439072,162.26167607526875,161.0624220533976,161.97613525390625,22665800,14.9399995803833,61.2956940637506,1.5413126724078552,1.4943299260737328,0.04698274633412236,0.14674306541383764,0.05715537797623699,2.105932040261154,8.319520808742372,0.7361384963298304,0.9476335905573349,4.546016813608467
2018-05-31,161.9761279913045,162.94696093112356,161.4526534526889,161.87144470214844,35670900,15.430000305175781,60.82258503000765,1.5316966755321744,1.5018032759654212,0.029893399566753187,0.14675987191207576,0.04814152835883379,2.062244571559261,8.156621585603995,1.1641431419355586,0.9452956155620729,5.09825884188897
2018-06-01,162.68044958310168,164.50789030782025,162.63285703086885,164.4127197265625,45543300,13.460000038146973,67.40028348643818,1.709430336046836,1.5433286879817043,0.1661016480651316,0.1497910640630134,0.039914010504305125,2.1032589311387286,9.751460669980661,1.523103494807727,0.9463312738589099,6.761411111737536
2018-06-04,164.83150394222054,165.93558730225357,164.72682065502582,165.89752197265625,20459600,12.739999771118164,70.51514544103335,1.9476454305994082,1.6241920365052451,0.32345339409416307,0.14178630672815615,0.043910625770667885,2.0618024057496096,10.634130307949448,0.709233896288634,0.9462678317705615,5.719644081820308
2018-06-05,166.28777579852147,166.6875271503015,165.67862880677905,166.4114990234375,24779300,12.399999618530273,71.52925213991566,2.1530868172132216,1.7299709926468405,0.4231158245663811,0.14101656663372455,0.049715446303759674,1.9865949727333836,10.856074139390232,0.8706276777476317,0.9447947577291342,5.173256616059607
2018-06-06,166.58282155251896,167.41087684802903,165.7452390317764,167.38232421875,25036600,11.640000343322754,73.39089721965853,2.3669533115684374,1.85736745643116,0.5095858551372774,0.12184070441631761,0.05536055786703823,1.9636694615561867,11.377588282799854,0.8812216573440652,0.9456383240775748,5.895094469963569
2018-06-07,167.41083358315464,167.4488989046195,165.18364193572063,166.02120971679688,39600300,12.130000114440918,66.79629379728024,2.398959769251462,1.9656859189952205,0.43327385025624165,0.12629645512133442,0.05812880547413038,1.9852114263663794,10.352348276637127,1.3685894511583157,0.9432326045929316,3.9015832999102384
2018-06-08,165.2407566546155,166.44953763611576,164.83147817857102,166.03074645996094,31780300,12.180000305175781,66.81879101448436,2.3974582467284336,2.052040384541863,0.34541786218657045,0.11462103106609982,0.061359834562485296,1.9589862857362628,10.24680629259767,1.0894575748896456,0.9444453066710473,2.8416297136849122
2018-06-11,165.90703728109173,166.88738291972237,165.87848465264298,166.47811889648438,22319700,12.350000381469727,67.91696586045256,2.404648208386277,2.122561949310746,0.28208625907553087,0.11448313794767395,0.06456443528733075,1.8911228558322004,10.428506834357421,0.7682593116551873,0.9444286589680144,3.216087856248584
2018-06-12,166.70654819331705,167.51557810138596,166.52571971190812,167.35377502441406,22511800,12.34000015258789,70.00922748912237,2.452730881333281,2.188595735715253,0.26413514561802787,0.11096993458400276,0.06870802987438075,1.8301468807657275,10.88894508542959,0.773952312741121,0.9448430253247637,3.581724158252464
2018-06-13,167.6107391371777,168.60059738445088,166.97302509991422,167.34423828125,37858600,12.9399995803833,69.95571995141131,2.4616903762805578,2.243214663828314,0.21847571245224362,0.10832754407582504,0.06983835204280225,1.815677266749365,10.761484926081993,1.3278289176829616,0.9424169000140094,4.735809546529479
2018-06-14,168.1152268999305,169.31448102750596,167.9914891443514,169.03846740722656,35916000,12.119999885559082,73.78845687355157,2.5758086530119897,2.3097334616650493,0.26607519134694035,0.10736180532654971,0.07433511583977488,1.8267176581426934,11.756036709212049,1.2316705586464107,0.9406631151920031,5.101212324067661
2018-06-15,168.4007869454476,168.78151299146555,167.6203239667348,168.44837951660156,49615700,11.979999542236328,70.41895259360679,2.5887910762358786,2.3655449845792154,0.2232460916566632,0.10868358443674027,0.0753228419014451,1.7975337854533422,11.243934412729681,1.6392579815027306,0.940624347114082,5.138728820815253
2018-06-18,167.38766519055852,168.49409714908666,166.8630556754884,168.3510284423828,31633200,12.3100004196167,69.85223509803453,2.5616947001774975,2.4047749276988717,0.15691977247862576,0.0979838021726589,0.07321439672726385,1.7856414774636935,11.064181834653253,1.0358657191457117,0.9388741689191336,5.623877219174944
2018-06-19,166.22402303910349,167.9122923188102,165.68988035935698,167.8741455078125,38236000,13.350000381469727,67.00740976948748,2.4732303002210188,2.418466002203301,0.05476429801771765,0.09742932802137937,0.07075460636628401,1.848177663575275,10.641763688122483,1.2215191966137633,0.933300458576258,4.736773862130694
2018-06-20,168.64673384603202,169.7627135560203,168.49411750424846,169.06642150878906,33038000,12.789999961853027,70.26768137427237,2.4708459607292923,2.4289419939084995,0.04190396682079278,0.09808751580791039,0.06805275051703397,1.851062691049026,11.314136547442686,1.033082530905234,0.9208023950443648,5.618648546419847
2018-06-21,169.49560093240066,169.66729791364193,167.273175117485,167.5974884033203,43469400,14.640000343322754,62.12257571687002,2.3236402508823915,2.407881645303278,-0.08424139442088663,0.09952136434705314,0.06495131675535373,1.889852698556733,10.235602661949663,1.3242530220315851,0.918105666979955,3.8243172310362006
2018-06-22,168.1602898077619,168.22705036251608,166.62462239686622,167.2255401611328,30073200,13.770000457763672,60.21912891596649,2.152156826401864,2.356736681522995,-0.20457985512113108,0.09654149452616159,0.06047681427595457,1.8693223604919569,9.882892988744295,0.9128461301582498,0.9198274355661249,3.624451728881284
2018-06-25,165.7089102517301,165.9569154090208,161.96989775682712,163.45787048339844,77799700,17.329999923706055,45.133451190521804,1.6927228662471236,2.2239339184678206,-0.531211052220697,0.1184721225124131,0.05702561190073302,2.1112023636215094,7.316162029788581,2.1939266630655676,0.9207159953177283,1.1883165590980127
2018-06-26,164.05875897197603,165.06981643695403,163.45784141836847,164.1255340576172,39008100,15.920000076293945,47.63682593826127,1.3667381071889508,2.052494756212047,-0.6857566490230962,0.11888681383009296,0.05027323699106743,2.0755432675475123,7.656705683473178,1.1034581278628262,0.9083016932756921,2.052602371337353
2018-06-27,164.8218817835984,165.56586826694422,161.77916074192478,161.89361572265625,52843500,17.90999984741211,40.91607913793777,0.9177168121784973,1.8255391674053372,-0.9078223552268398,0.1212330738122998,0.05048204605102845,2.197769285938364,6.109622508421743,1.4336404622288974,0.911676017142539,-0.05094548719825065
2018-06-28,161.6933142741953,163.83943241923856,161.3594678521372,163.2862091064453,46407700,16.850000381469727,46.03219297558112,0.6665512605246988,1.5937415860292097,-0.9271903255045109,0.12224237612426486,0.047307051168564936,2.2179260917357224,6.934991128971222,1.24096372655195,0.9094180357450409,0.8740049283554097
2018-06-29,164.06835509794772,164.93634421918136,163.48651799577198,163.7249755859375,36408500,16.09000015258789,47.57255699465877,0.4971744220030132,1.3744281532239704,-0.8772537312209572,0.12167358204989792,0.048273116993820045,2.177369593235746,7.133993527942092,0.9856182065070266,0.9113336605604552,-0.41830348757005975
2018-07-02,162.18927309606073,164.86954805628739,161.83636059620693,164.8218536376953,31770000,15.600000381469727,51.31370515574068,0.44630620880568017,1.1888037643403124,-0.7424975555346323,0.12151809508512132,0.04890590693424261,2.238499440867511,7.756220854607003,0.8470807310330706,0.8987962362977754,-0.6483932503453693
2018-07-03,165.44184401811793,165.44184401811793,162.75205044285275,162.91419982910156,25512700,16.139999389648438,45.26411239243171,0.24918857317857146,1.0008807261079644,-0.751692152929393,0.12615012620853988,0.05206135038746186,2.270734736181631,6.423075728883526,0.6795784449129574,0.8957346475124934,-2.1015970740359546
2018-07-05,163.97296176034806,165.0698607260621,163.1335864830259,164.9363250732422,31626200,14.970000267028809,51.75676753302333,0.2532210596337734,0.8513487928131263,-0.5981277331793529,0.1305620790101254,0.05196504818949103,2.2625151762372675,7.6493830277411785,0.8350938953189779,0.8887987598686531,-1.461324639220063
2018-07-06,165.31788635065504,167.6261540944598,165.0126536468645,167.5021514892578,37005600,13.369999885559082,58.4857749966392,0.458176014576992,0.7727142371658995,-0.3145382225889075,0.13560138383403317,0.05253816027438984,2.293037593735863,9.219792367287807,0.980496503932852,0.8905468789177537,0.8920196250751022
2018-07-09,168.3701212644921,169.04733259745663,167.70244299456414,169.00918579101562,27362100,12.6899995803833,61.85145724627382,0.733751139933986,0.7649216177195168,-0.031170477785530837,0.1373338652966159,0.05469866067973415,2.23961927334036,10.09054803966967,0.7292518000356336,0.8881250592041954,1.793908293830948
2018-07-10,169.32397239282264,169.51473555712965,168.55137211708652,169.13320922851562,23902500,12.640000343322754,62.1236083415106,0.9511893483768006,0.8021751638509736,0.14901418452582693,0.13734584904043107,0.05674513374120354,2.1484581423905587,10.056108080567533,0.6357060552647379,0.8852433262008149,1.594858441235858
2018-07-11,167.80735242519586,168.89473290518475,167.68336438700888,168.2747344970703,30280600,13.630000114440918,58.98674910211982,1.0422248396810687,0.8501850990169928,0.19203974066407592,0.13760759141961987,0.05739901884258459,2.098557192327429,9.385669953649419,0.7971019547695722,0.8850932161906392,0.5503069605223398
2018-07-12,169.01872689915598,171.1743927001953,168.90427192009034,171.1743927001953,27930100,12.579999923706055,65.3508235313804,1.3329835018960523,0.9467447795928048,0.3862387223032475,0.1441191140267443,0.06242614737989722,2.1557786930986844,11.141387227978727,0.7449627840010413,0.8842992849045243,2.288787745717369
2018-07-13,171.1648427668921,171.59406348687722,170.68792762150966,171.3174591064453,28049800,12.180000305175781,65.63416717307516,1.5570078821710638,1.0687974001084566,0.4882104820626072,0.1439570320580789,0.06598956281196666,2.0665184911178898,11.106036044421524,0.7560872193932768,0.8842765606075476,1.3482089220132831
2018-07-16,171.35557365547487,171.64172559969356,170.62113494894098,170.9072723388672,21405300,12.829999923706055,64.01776391730179,1.6820604279110967,1.1914500056689845,0.49061042224211215,0.1383634644883044,0.06898910919174453,1.991809359663225,10.718231083001118,0.5997879966184816,0.8821849643597711,1.4597307669696358
2018-07-17,169.09501814593418,172.30942129020517,169.09501814593418,171.9469757080078,31034100,12.0600004196167,66.28430865426574,1.8438065894575857,1.3219213224267048,0.5218852670308809,0.1371965331006733,0.07358947525378844,2.079137487135208,11.265609749269439,0.8703226512981392,0.8782355709938328,2.1359817631620093
2018-07-18,171.9660448684594,172.1091281347918,171.09807042493716,171.62266540527344,23220800,12.100000381469727,64.91080716643404,1.923647841853267,1.4422666263120174,0.4813812155412496,0.13736742171381822,0.0772709546360868,2.00284607447231,10.934803837261637,0.665211483125567,0.8758358536168286,2.232934610700066
2018-07-19,171.00269402380664,171.57499802219192,170.56394023876715,170.7642364501953,31094100,12.869999885559082,61.29054373651004,1.8958009538168312,1.5329734918129803,0.36282746200385096,0.13768783480115862,0.07889560191795247,1.9354088667604514,10.263339999840863,0.8932468069703707,0.8633104963306046,1.004229536684198
2018-07-20,171.27935871900044,171.8516483159847,170.53535750061235,170.72613525390625,35897300,12.859999656677246,61.127584367486854,1.8493396104510964,1.5962467155406035,0.2530928949104929,0.1351627288631356,0.0808369207428864,1.8911861488041588,10.123603398201125,1.0425686059562445,0.8643952026911575,1.8667623723912286
2018-07-23,170.22057073775355,171.3460835651732,169.53381172111588,171.269775390625,22184700,12.619999885559082,62.653374532633066,1.8352304821341363,1.64404346885931,0.19118701327482635,0.13528363318457998,0.08313960496602327,1.8855494127508123,10.357547114992874,0.651778629069338,0.860263069840239,2.4184315539332646
2018-07-24,173.03433802915356,173.64478876776414,171.26974635829976,171.9755859375,36900300,12.40999984741211,64.59633013979422,1.859565989532399,1.6871479729939278,0.17241801653847122,0.13549538365998087,0.0825304421337982,1.9205131982303532,10.697697608144157,1.153415520033008,0.8596605866513544,5.210954620240615
2018-07-25,172.051878900986,174.48413402394092,171.96602313032184,174.3792266845703,35026600,12.289999961853027,70.26899579587852,2.049184056467908,1.759555189688724,0.289628866779184,0.140087760913383,0.08547877603888199,1.9631987479009767,12.120898361973085,1.101703591578368,0.8607839524635252,6.247469466483824
2018-07-26,172.01377177200172,172.56699515350527,171.50824282161517,171.73716735839844,40873500,12.140000343322754,59.066000347499404,1.963630127831351,1.8003701773172494,0.1632599505141017,0.14806441870207732,0.07846555354691107,2.028040541833417,10.309084127510342,1.3102738051827838,0.8558908603842639,6.08025930596634
2018-07-27,172.82455450615365,172.93900951134935,168.44647590583267,169.41937255859375,59456100,13.029999732971191,51.33398830186287,1.689327833583775,1.7781617085705546,-0.08883387498677964,0.1510813945677342,0.07177946725686868,2.204075760667936,8.717490347648761,1.866926743124833,0.8590754089084512,3.756081720379867
2018-07-30,169.42884822921118,169.52422250827323,166.2239784560167,167.0251922607422,60193000,14.260000228881836,44.80890787400113,1.2641782877368826,1.6753650244038203,-0.4111867366669377,0.15634656122615653,0.06627076334743379,2.2823734957814064,7.089582259661144,1.8220277289173383,0.8608477068068826,2.0157075382017275
2018-07-31,167.68337608826835,168.95197218248552,166.74862643358577,168.30335998535156,47285100,12.829999923706055,48.5675723818422,1.0186394217261068,1.5440199038682776,-0.5253804821421708,0.1580010486551357,0.061559914529346185,2.2767286567184306,7.81170176644199,1.3984699230525235,0.8513862382996366,2.112284427591238
2018-08-01,168.69440746220417,169.44792690607719,167.96950175959887,168.94239807128906,37101900,13.149999618530273,50.38679334443347,0.8656346370149208,1.4083428504976063,-0.5427082134826855,0.1581224528617578,0.0496161611103607,2.2197069774155653,8.123133656940519,1.0788106416457446,0.8468908421846126,3.700228861886279
2018-08-02,167.75012756619992,171.44146066608434,167.67381939688423,171.24114990234375,47178200,12.1899995803833,56.36575687530564,0.9192705256926956,1.3105283855366243,-0.3912578598439287,0.1616527961845076,0.04155661642993942,2.3302737125430326,9.488905285534896,1.341467939811343,0.846499517403606,3.822581124140978
2018-08-03,171.56546680302114,171.77531065219998,170.8119472022766,171.76577758789062,28934400,11.640000343322754,57.6209866956721,0.9926675697922178,1.246956222387743,-0.25428865259552524,0.15943622364503207,0.03916058851961144,2.2326372652130573,9.717587653640782,0.8322727759756253,0.8422666674773466,2.545415721962385
2018-08-06,171.65131215071875,172.82451937840878,171.44146831431294,172.77682495117188,24808800,11.270000457763672,60.00861762738641,1.1195132764021025,1.2214676331906151,-0.10195435678851261,0.15980259024206872,0.039778042889508564,2.1719525365618275,10.252073794297482,0.7162336241326687,0.8397722346907583,2.2292511158624517
2018-08-07,173.2632430371259,173.7306250558668,172.8912498562646,173.4063262939453,29895700,10.930000305175781,61.46437373284525,1.2563524610453385,1.22844459876156,0.027907862283778506,0.1432652864018802,0.040968581568753513,2.084941648571334,10.538201029560486,0.8556903867246445,0.8434071185152178,2.5264802133898367
2018-08-08,173.1679094917296,173.93097671140026,172.70052736303586,173.6162109375,22680700,10.850000381469727,61.96155374367083,1.3659881760089831,1.2559533142110446,0.11003486179793853,0.1431458755363099,0.0404139972532947,2.023906484270839,10.557121116085098,0.6563172565164895,0.8431549717481491,3.1742593184853174
2018-08-09,173.51126098632812,174.19801991767278,173.2537227485003,173.51126098632812,18852900,11.270000457763672,61.53403721699414,1.4279462109894894,1.2903518935667335,0.13759431742275585,0.1356671940731525,0.042037660554454064,1.9467915331923844,10.372865684728865,0.5528115526586366,0.837303072352753,1.36519735765952
2018-08-10,172.33805711386768,172.85313364269908,171.53684312934755,172.18545532226562,33818500,13.15999984741211,56.25367382175517,1.3544536644992604,1.3031722477532388,0.0512814167460216,0.13731855128069148,0.04224978749819484,1.9487648420343984,9.418656224307176,0.9833217512161223,0.839759196094454,0.5066595199039181
2018-08-13,172.50020354200464,173.60663555154844,171.91836651742548,171.9946746826172,26089200,14.779999732971191,55.51542764691446,1.266219696257167,1.2957817374540246,-0.02956204119685757,0.13754743158025237,0.04226978345786783,1.9301579986121524,9.185741810759875,0.7534505207675265,0.8386169056640548,0.6362528222871422
2018-08-14,172.6527916498647,173.27278998510408,171.72757523231573,173.07247924804688,20913000,13.3100004196167,58.804619703917496,1.268639376543291,1.2903532652718779,-0.021713888728586817,0.1374157833919909,0.043010779809620446,1.9026620524818811,9.75250301010914,0.6129206594091953,0.8380719699291569,0.6545643128672118
2018-08-15,171.69900363128997,172.24269394081432,169.89626477250923,170.95501708984375,58528000,14.640000343322754,50.84981515134263,1.087163348460166,1.2497152819095356,-0.1625519334493697,0.1379809510587308,0.04309563117042265,1.9936300827001503,8.315153137325506,1.6309606081548031,0.8462676367721241,-0.3890210619052481
2018-08-16,172.27128071832138,172.63374086792604,171.18391482380187,171.51776123046875,27711800,13.449999809265137,52.681817923296755,0.9774832197444994,1.1952688694765286,-0.21778564973202919,0.13427803025037216,0.04292830010960581,1.9711367752274458,8.576151108196688,0.7758826211481897,0.8391755307921817,0.44126615498509825
2018-08-17,171.06947523393765,171.98514419886922,170.03933673266778,171.55592346191406,36092600,12.640000343322754,52.81027436449373,0.8834563656267846,1.1329063687065797,-0.24945000307979504,0.12734598143944575,0.04272256247544909,1.9693275388684455,8.506628896930549,1.0102543647877962,0.8376532613532914,0.486034669954738
2018-08-20,171.9374323962027,172.00420749850997,170.73561154332083,171.40328979492188,24939000,12.489999771118164,52.199896553002525,0.7875448185593825,1.0638340586771404,-0.2762892401177579,0.12503807199761766,0.04270395811448803,1.9192752828913522,8.317015184449112,0.6953776583264009,0.8365736029512908,0.07795561358818759
2018-08-21,171.91839718179634,173.06299075523953,171.81347525523006,172.03285217285156,26258700,12.859999656677246,54.53410262028066,0.7536470745829433,1.0017966618583012,-0.24814958727535785,0.12537575690813946,0.04272014236337027,1.9007342598503736,8.618503842195521,0.7432012189556261,0.8391773569549004,0.03329904941993256
2018-08-22,171.67033174963083,172.90078068908878,171.4509549089546,172.70046997070312,18042400,12.25,56.93570717826089,0.7717577026398885,0.9557888700146188,-0.18403116737473024,0.12453883386273358,0.04050225730350057,1.8685265112992167,8.94592814896997,0.5232308688348569,0.8509289707253289,-0.9627045295388603
2018-08-23,172.39530241500805,173.6448178427656,172.16637789183795,172.45252990722656,25776200,12.40999984741211,55.757763401748015,0.7573732870494325,0.9161057534215816,-0.1587324663721491,0.11461758111338916,0.040790092331763755,1.8406631855583906,8.698255968194655,0.7642417340467703,0.8666081665370384,0.41654497965208925
2018-08-24,173.02479327325764,174.19801490387525,172.98664646896722,174.054931640625,23136100,11.989999771118164,61.32656754280769,0.8652993300682112,0.9059444687509075,-0.04064513868269626,0.11756062478787546,0.041126293785938885,1.8338647434934114,9.611071115773798,0.7250011829476297,0.878461142985517,2.7361446403822764
2018-08-27,174.93245306836903,175.8290557861328,174.6558487139261,175.8290557861328,29343600,12.15999984741211,66.37326080576292,1.0815213830143762,0.9410598516036013,0.1404615314107749,0.12044155695541556,0.037897899369191884,1.8295975579230117,10.626188607278735,0.9662244882503209,0.874597382487611,5.270979429047418
2018-08-28,176.29643743606317,176.47766750256878,175.71460043247376,176.0865936279297,20277000,12.5,67.04554067818154,1.2591454246054354,1.004676966203968,0.25446845840146737,0.11947921566737917,0.03688583380790782,1.7534168087924409,10.682557576499645,0.6987506605600792,0.873226700888982,4.624526594867473
2018-08-29,176.39181073899042,178.21362990203036,176.32505019366258,178.11825561523438,29175600,12.25,71.83013580050456,1.5460302262682433,1.1129476182168232,0.43308260805142007,0.12311572251282803,0.041463050541537365,1.780103913457315,11.845747713368926,1.019319684920528,0.8751022649955181,5.43135272655082
2018-08-30,177.77486831545906,178.86223410612894,177.2120974647432,177.80348205566406,29315500,13.529999732971191,70.13121230514332,1.72806880143699,1.2359718548608567,0.49209694657613334,0.12203644835121419,0.04671694462242271,1.770820536880773,11.536405874217204,1.0571959774947137,0.8770242641641784,3.8322168223366315
2018-08-31,177.5840930674533,178.53792323209782,177.39332994538307,178.0323944091797,28653200,12.859999656677246,70.67442429887068,1.8692593395113306,1.3626293517909516,0.506629987720379,0.12194293797195992,0.05138328739885187,1.7260900190117714,11.565740228209402,1.0338358513354928,0.8830511792276646,3.648350043466908
2018-09-04,177.48874029257166,177.7939584140133,176.31553312308571,177.2693634033203,29063500,13.15999984741211,66.34324555728622,1.8977080359453282,1.4696450886218269,0.42806294732350136,0.12292521718346955,0.05414714087175593,1.7254308238033573,10.974317641714801,1.0406521589678661,0.8860943798833316,2.600197366410728
2018-09-05,176.95461468911537,176.98322843593172,174.37927559556778,174.9801788330078,42623300,13.90999984741211,55.378294209647805,1.7157575841129074,1.518867587720043,0.1968899963928643,0.12913805394331226,0.05433286713619629,1.8086206083711558,9.443831159793351,1.4921752634560193,0.8807946131675697,0.9076096430268743
2018-09-06,175.056482920557,175.26632676184002,172.2426862997295,173.4158935546875,46091400,14.649999618530273,49.373184250614884,1.428864728319951,1.5008670158400246,-0.07200228752007365,0.12555584398907133,0.0543786275581718,1.8954077407811094,8.372462343475954,1.5500683956573171,0.8823287516175332,-0.11537942322944472
2018-09-07,172.16637762785692,174.23618773426355,172.10915013572617,172.7482147216797,46629500,14.880000114440918,47.0290425507266,1.1345456354978012,1.42760273977158,-0.29305710427377885,0.11786265912660979,0.05468653279783035,1.9119527306208433,7.864628426782485,1.4981892535657078,0.88633712351221,-0.4397675749175489
2018-09-10,173.74015707080906,173.83554590811374,172.38571999598256,173.33001708984375,26132000,14.15999984741211,49.28843810500932,0.9374360435904237,1.3295694005353489,-0.39213335694492524,0.11072410859946556,0.05401082161718898,1.8789436721572965,8.1405520100479,0.8501092077380368,0.8901005285105879,0.6647261613566213
2018-09-11,172.6337565686077,174.95155728313483,172.1854551494176,174.6654052734375,30116500,13.220000267028809,54.12510580307935,0.8788491125127393,1.239425342930827,-0.36057623041808773,0.10297778937777459,0.05304141964618866,1.9423121336972915,8.881892846515006,0.9733542398268702,0.8898111211189877,1.5527984199212197
2018-09-12,174.40782198966428,174.5318099932214,172.65276372168177,174.15028381347656,36204000,13.140000343322754,52.062340813583226,0.7818399860873342,1.1479082715621285,-0.3660682854747943,0.10206481664791447,0.05274721925990228,1.947335663558609,8.472962824994315,1.1418840803463248,0.8902383646575781,0.6227475160189844
2018-09-13,175.23769948767116,176.3441461009668,175.16139131906854,176.0102996826172,31133200,12.369999885559082,58.24966222394047,0.845303161655977,1.0873872495808983,-0.2420840879249213,0.10550276476949319,0.05061419832985772,1.9649447081251545,9.53633328580274,1.0262872969537102,0.8935525758139284,2.9570834941431867
2018-09-14,176.134319116168,176.4109235187907,174.798947869389,175.49525451660156,31224100,12.069999694824219,56.09077171155227,0.8443057143235819,1.0387709425294351,-0.1944652282058532,0.09958002370745256,0.04844645587699935,1.9397326325020505,9.124105639074017,1.0233594886103115,0.8955013717405412,2.3189979029566876
2018-09-17,175.19953437851893,175.32353696913253,172.80542567629075,172.9675750732422,33071200,13.680000305175781,46.903194645120934,0.63226427475729,0.9574696089750061,-0.32520533421771614,0.10864207265153879,0.046572141096304816,1.993310933059819,7.461946263928497,1.089290949035418,0.8954341077783035,0.8228521538875988
2018-09-18,173.11065335420415,175.24722375060705,173.0247975724032,174.3983154296875,31877300,12.789999961853027,51.72344268064433,0.5730627847308085,0.8805882441261667,-0.30752545939535814,0.1099288879227712,0.0433010494670557,2.0137636290816077,8.259118357896469,1.038104562722474,0.8989553113187658,1.7473559803601546
2018-09-19,174.42691989146243,174.83707443599516,173.12971026796944,174.2647705078125,31843400,11.75,51.25571345009421,0.5094960647629989,0.8063698082535331,-0.2968737434905342,0.10951764640912748,0.04086864162531208,1.9918779532919013,8.083070836317551,1.0276556365766327,0.8831007528966273,1.297379138211574
2018-09-20,175.4666225559688,176.42998588738155,175.04693490924012,176.1915283203125,33295800,11.800000190734863,57.260783504690934,0.607588333993192,0.7666135134014649,-0.15902517940827288,0.11394502408946072,0.03951302218711946,2.0042591980259834,9.171847456601743,1.0487156809385583,0.886218250979503,2.021452721119754
2018-09-21,176.6684585200125,176.91644917136577,175.00878847213602,175.22817993164062,38605400,11.680000305175781,53.69873872209045,0.6006688633935084,0.7334245833998737,-0.13275572000636526,0.11522507754553785,0.03694213801204976,1.997359305254824,8.473032657561122,1.1918712168784875,0.8788461263578099,1.6095153987635058
2018-09-24,173.9572670589382,175.7823646231423,173.24060708581473,175.71546936035156,34945600,12.199999809265137,55.21631393217336,0.6272744877109631,0.7121945642620916,-0.08492007655112854,0.11287662858026701,0.036443677384100204,2.036244893260021,8.673248645636868,1.0595658628870424,0.8654558698657967,0.9540308361702277
2018-09-25,175.63899835233477,176.08810636998956,175.0369993966523,175.95433044433594,25277500,12.420000076293945,55.97799009027555,0.660025368303593,0.7017607250703919,-0.04173535676679885,0.11275944809332059,0.036491855339762944,1.9658778989798233,8.720445359590075,0.771178619642898,0.863753393223749,0.07124798438062907
2018-09-26,176.1072632575969,177.7221395458579,175.7346006203433,176.07859802246094,36210600,12.890000343322754,56.393516573914596,0.6880763166718395,0.6990238433906815,-0.010947526718841916,0.11155510156984268,0.036487710712096146,1.9674251151608808,8.698560405363805,1.078517192994788,0.8599211626149446,-0.0045407235746974806
2018-09-27,176.79525389337147,178.1999087038592,176.69969339151407,177.56924438476562,33113300,12.40999984741211,61.13280864176162,0.821124190401548,0.7234439127928548,0.09768027760869324,0.10689878276762056,0.03549428940956454,1.9784169413206933,9.518266053339062,0.9805155647625803,0.8568892767788436,-0.30822850166167814
2018-09-28,177.07239320757037,177.9992748643998,176.74751076180235,177.5310516357422,28076800,12.119999885559082,60.950029217698614,0.912959721858499,0.7613470746059836,0.15161264725251544,0.10681074109577221,0.03502222180468519,1.926513167126177,9.393858700555166,0.8329076357975139,0.8515354690216209,-0.15321995765897878
2018-10-01,178.56298368988018,179.19364792829145,177.44499594750584,177.89410400390625,27371300,12.0,62.10975006390839,1.0034679798979198,0.8097712556643708,0.193696724233549,0.10680068818060577,0.03474836605345914,1.9138087966732795,9.516433372484197,0.8135255801815916,0.8424526781066113,-0.07767710237924774
2018-10-02,177.741265302539,178.8592533735636,177.08195022000237,177.49282836914062,25618600,12.050000190734863,59.98912694495633,1.0309328837948044,0.8540035812904576,0.1769293025043468,0.10710942345444027,0.03509309011099687,1.9040583935938478,9.16967182056096,0.7653502639736337,0.8415943022219985,0.12605955227125154
2018-10-03,178.23813304591667,178.65857594628193,177.40681204414022,177.6839141845703,29128700,11.609999656677246,60.6776422569313,1.055945760913005,0.8943920172149672,0.16155374369803777,0.10684966610892355,0.036940608132324096,1.8574659299186946,9.192541277854358,0.8881158815804838,0.8447070618883864,1.5451666409272535
2018-10-04,176.96726315875787,177.0819386886563,173.01130001870573,174.2726287841797,80557300,14.220000267028809,45.593704172430414,0.7913838433999842,0.8737903824519706,-0.08240653905198636,0.12155550309527927,0.035944238694388626,2.0585479467719727,7.018838570756644,2.3335328702127263,0.861602123070362,0.4940350113999292
2018-10-05,174.25341092057263,174.83629470353836,170.4981066583894,172.1416473388672,83325600,14.819999694824219,39.06122286865746,0.4050945466522933,0.7800512152920351,-0.37495666863974186,0.12682811396836322,0.037251979194048504,2.2213793823703294,5.63793804075076,2.29190945970738,0.857174902113768,-0.3511280181909604
2018-10-08,171.53973001747403,172.6099375456091,169.06485323793555,171.0906219482422,66864500,15.6899995803833,36.2988376603807,0.013987293861049466,0.6268384310058381,-0.6128511371447887,0.12483015294749651,0.04196105148246462,2.315929734177703,4.924068783841202,1.7415789087786366,0.8541350245928893,-1.2919834539915853
2018-10-09,171.2148440219723,172.97306096248855,170.80396595564886,171.6448516845703,49097900,15.949999809265137,38.75833682849964,-0.24838310806441655,0.45179412319178724,-0.7001772312562038,0.12120800698942588,0.04578092906297565,2.3054415393678447,5.193213594861638,1.2479733862740694,0.8474280629268588,-1.72933706256172
2018-10-10,170.57462873688905,170.67973945252928,163.87625191068068,164.0960235595703,114471100,22.959999084472656,24.744595865302685,-1.0532991069169952,0.15077547717003076,-1.204074584087026,0.17398405754877813,0.07192426869944613,2.695667127547973,0.522051956521707,2.646396547395404,0.9027281466398871,-5.773324070304042
2018-10-11,163.4176045768632,165.69179586185507,160.3502931819921,162.06072998046875,143084500,24.979999542236328,22.393633251444157,-1.8342874928760864,-0.2462371168391927,-1.5880503760368936,0.1712659083168454,0.09551773330729599,2.8846553812847584,-0.7652375024989936,2.9288769733296967,0.8727694575602233,-7.925428072847096
2018-10-12,166.42750585697797,167.08683517066996,163.3315304372208,166.5708465576172,102078400,21.309999465942383,36.737253769577684,-2.065488039904807,-0.6100873014523156,-1.4554007384524912,0.19331106839976064,0.10230401997683483,3.0376160819216476,1.9408326294589888,1.9482194544823683,0.8811715203137517,-5.085270244808893
2018-10-15,165.98802280126662,166.3033403797845,163.9335886587575,164.55470275878906,64885300,21.299999237060547,33.73555114592028,-2.383921728339203,-0.9648541868296932,-1.41906754150951,0.19515897892038825,0.11211562029482429,3.0090190688457943,0.6588415470072584,1.20188132409904,0.8824046463466361,-4.863843590852646
2018-10-16,166.2842635559955,169.75288863660163,165.9784815715466,169.34201049804688,71979700,17.6200008392334,45.18784272169944,-2.2243461178174755,-1.2167525730272497,-1.0075935447902258,0.21549204084696147,0.11362792377741052,3.165388126629135,3.519721777965168,1.2855454209933228,0.8972601351250694,-2.899285419806241
2018-10-17,170.1637645986841,170.33575601263402,167.6697870330076,169.40887451171875,66987600,17.399999618530273,45.32996003153169,-2.068639936200526,-1.3871300456619051,-0.681509890538621,0.21276632941550797,0.11482632205561398,3.1297153304146557,3.5011104514345357,1.1599830472594441,0.8974238702267208,-2.7865046859118614
2018-10-18,168.76865030162486,168.82598076966468,164.7744721696743,165.4815673828125,82486200,20.059999465942383,38.94309607475194,-2.2363631268555366,-1.5569766619006313,-0.6793864649549053,0.22122635148744843,0.11894460806669652,3.2371929741024976,1.060297006521554,1.3700138826385966,0.9015590321624579,-6.0785901794492165
2018-10-19,166.81938624247152,168.2431564295522,164.7267361146611,165.3287353515625,82923700,19.889999389648438,38.714494025182546,-2.3544762943703574,-1.7164765883945767,-0.6379997059757807,0.2211147901787485,0.12276491436640484,3.2571377841588256,0.9269167806591372,1.32839005892105,0.9090253777700796,-5.649459227357189
2018-10-22,166.32244909142517,167.45955194823082,164.91779433660466,166.1791229248047,52909300,19.639999389648438,40.7969736211739,-2.3523462768156946,-1.8436505260788003,-0.5086957507368943,0.22150481724916193,0.12397153606394368,3.206039200406493,1.4079295641922525,0.835554309024477,0.8989565087359794,-5.427152469991158
2018-10-23,163.0545037113365,166.38936725841307,161.31541613486758,165.56759643554688,77567000,20.709999084472656,39.7509217172519,-2.3726528345490863,-1.9494509877728576,-0.42320184677622863,0.2199313822021791,0.12457416846354344,3.3394614806307072,1.0005363050495117,1.1763828037333286,0.899928549939951,-5.903085182705947
2018-10-24,165.37648396343562,165.65358610710055,157.7034301031678,157.99009704589844,102997400,25.229999542236328,29.61727596984221,-2.9659966378215756,-2.1527601177826012,-0.8132365200389744,0.2543783327093364,0.13716123632774008,3.668796803723711,-3.6322736526203334,1.4867643596553564,0.9212450277115853,-10.272969673608545
2018-10-25,160.4458443776004,164.43047222988636,159.72918437725073,163.455810546875,83481100,24.219999313354492,41.251131313597284,-2.9610552740645915,-2.3144191490389994,-0.6466361250255921,0.27431062671178735,0.13433260432581462,3.866766688028298,-0.32680848349418273,1.162776866226708,0.9280219785375937,-7.9481296926110385
2018-10-26,157.85629932254852,162.40471058296865,156.92941793110077,159.25140380859375,130970900,24.15999984741211,36.28289682400232,-3.2588338852966388,-2.5033020962905272,-0.7555317890061115,0.282581352556075,0.13560308594509862,4.056739968581579,-2.9026931338740103,1.7022625821743516,0.9325416062119256,-10.29659186870282
2018-10-29,161.68804064995535,162.30914008490015,152.97344606399542,155.97386169433594,111871900,24.700000762939453,32.95119844762222,-3.7164548589343838,-2.7459326488192985,-0.9705222101150852,0.28528710743652386,0.13920067673781625,4.433808115176089,-4.900080635765394,1.378338158009919,0.9270647266919336,-12.322073534876111
2018-10-30,155.5152451094762,158.6589877349845,154.80813521299837,158.54432678222656,92584000,23.350000381469727,37.776931147071835,-3.827585701822386,-2.9622632594199163,-0.8653224424024697,0.28914217798947617,0.13392058839021764,4.392168429948234,-3.340733639282705,1.095505220789254,0.928010369781368,-10.675643495581655
2018-10-31,161.124297744705,163.63739050997168,161.04785225057472,162.27096557617188,73828600,21.229999542236328,44.06277299950765,-3.5737530885928948,-3.0845612252545123,-0.4891918633383825,0.2991627476910742,0.11912973265047493,4.442232379790869,-1.0829832047516923,0.8510736896467452,0.9285014045192302,-8.674363506191185
2018-11-01,162.50983310643386,164.58336768095936,161.27716970716986,164.41136169433594,52706800,19.34000015258789,47.35243907876087,-3.1634110022650646,-3.1003311806566227,-0.06307982160844183,0.30004706308846474,0.10845322350226785,4.361087065076485,0.20086641968449687,0.6175004825430708,0.9296744698145433,-5.6585289145181905
2018-11-02,163.90494473143505,164.87960656955846,160.7420870927514,161.85052490234375,75966800,19.510000228881836,44.01706610796031,-3.010150923708295,-3.0822951292669574,0.0721442055586623,0.3024447024004803,0.10158355822155525,4.345117951628668,-1.3712189591542185,0.8938623475188333,0.9287853377343217,-5.978287413658235
2018-11-05,162.06072226374,162.11805273148673,159.65274055498068,161.4491729736328,39573500,19.959999084472656,43.499913662220436,-2.88778832742895,-3.043393768899356,0.155605441470406,0.30203551295023,0.0952984833715229,4.210846110548482,-1.620869981849658,0.47323937665882965,0.9241964071428748,-5.635287816959411
2018-11-06,161.45876879966607,163.5800841884273,161.2198820629181,162.6723175048828,34410400,19.90999984741211,45.5976563103652,-2.661438144632598,-2.9670026440460044,0.3055644994134066,0.30328609769565984,0.0847832086821673,4.078657254474248,-0.8803638115235974,0.41514227415455107,0.9255277350754195,-5.227383222758242
2018-11-07,164.62156516675302,167.77487182617188,164.22978756599383,167.77487182617188,51169600,16.360000610351562,53.37477273241967,-2.0467271080410683,-2.7829475368450174,0.7362204288039491,0.3186741375613154,0.08790314439469504,4.151792759246734,2.2046190573322373,0.6418412923676421,0.9314009940107899,2.241887516101859
2018-11-08,166.99130316808566,167.50730644957397,165.9115455243836,166.70465087890625,40296500,16.719999313354492,51.70519864710308,-1.627165122367586,-2.551791053949531,0.9246259315819452,0.31757764655984944,0.08896961446427407,3.9883308694282733,1.531852615177374,0.5402853584632091,0.9304097869471051,2.865543613802779
2018-11-09,165.14710354949574,165.5484313303356,162.59579614098917,163.8953399658203,50602700,17.360000610351562,47.5045540014692,-1.504009848910954,-2.342234812941816,0.8382249640308621,0.3204544584646914,0.08762942773619234,3.9969397171774745,-0.18362970926180477,0.7027181660312221,0.9340537778365983,-1.6062274083907035
2018-11-12,162.74873305718282,163.05450044209078,158.79275542744506,158.93609619140625,62578400,20.450000762939453,41.14915288604808,-1.7859901511541807,-2.230985880584289,0.44499572943010834,0.3300393555914074,0.09102114961055163,4.075914347263031,-3.195969468080838,0.8704185800867812,0.9386336372471099,-3.4144308689972758
2018-11-13,159.68138870220764,161.9460294187879,158.62073142093266,159.06983947753906,64128100,20.020000457763672,41.376933870985916,-1.975892745172871,-2.1799672535020056,0.20407450832913465,0.3302660368838406,0.08735801237491744,4.022298893733903,-3.1108581484309497,0.8968711026016396,0.9386676231685364,-6.06593189149971
2018-11-14,160.64653358508227,161.20075251405015,156.94857189923988,157.85633850097656,75270700,21.25,39.86909829729696,-2.1989630292702884,-2.183766408655662,-0.015196620614626344,0.3301961160393823,0.0831017519727296,4.038719016667929,-3.8408733579244876,1.0466448579443457,0.9385355021745658,-6.819321622931296
2018-11-15,157.56964727794258,161.04783673305485,156.19367225763918,160.6178436279297,73254300,19.979999542236328,44.79894552376458,-2.1283827798544337,-2.1726896828954163,0.044306903040982615,0.33237360042099845,0.08153802311859928,4.096965120864196,-2.161706643726469,1.025186837205758,0.9405864403156783,-2.939133241124947
2018-11-16,159.05070467722368,160.82802166851488,158.4104903013932,160.0540313720703,65390700,18.139999389648438,44.00568135879089,-2.0938062654819873,-2.1569129994127305,0.06310673393074318,0.3311151708534489,0.08000806999179386,3.977005567025445,-2.515932610282618,0.9265034461549492,0.9387905418980145,-3.190433876044485
2018-11-19,159.28964780017876,159.4807542430691,154.35902283897835,154.8559112548828,67280500,20.100000381469727,37.42580572428789,-2.4575202163848076,-2.217034442807146,-0.24048577357766154,0.3424373725183601,0.08421433259569913,4.099720064601625,-5.695167269332553,0.9436719154286617,0.9403472685321993,-6.813859328795213
2018-11-20,151.3299031478074,154.20610760793213,150.1450347519137,152.0847930908203,102652800,22.479999542236328,34.46706658923135,-2.935533219879062,-2.3607341982215293,-0.5747990216575327,0.34451389510071667,0.09393766097994947,4.143374095913589,-7.376669651887065,1.4149095698964524,0.9377778152945467,-8.143382905226403
2018-11-21,154.17750485027446,154.76993928827503,152.1517354194691,153.24105834960938,42965800,20.799999237060547,36.71519982293218,-3.184353777814465,-2.5254581141401165,-0.6588956636743486,0.32406363125574184,0.10127413925730247,4.039214960309383,-6.675321450266582,0.6177755734231614,0.9378651379481223,-3.005909094991821
2018-11-23,152.01792335644814,153.69013010732868,152.01792335644814,152.13259887695312,23503700,21.520000457763672,35.45934294970711,-3.431433844923731,-2.7066532602968394,-0.7247805846268918,0.3229767392865297,0.10895878832801219,3.8701429453501808,-7.368196400563777,0.35317177591968546,0.9374788540439531,-6.927384001852088
2018-11-26,154.26346227010205,155.72544756119512,153.61368292934645,155.6490020751953,42012600,18.899999618530273,42.212288906450325,-3.3053996384410027,-2.826402535925672,-0.47899710251533056,0.31947435793512446,0.11128412029605537,3.850336212413882,-5.248199283595514,0.6765050379679246,0.9406949902201656,-2.2620847585922754
2018-11-27,154.79855579260743,156.56632291008725,154.01500054860483,156.17454528808594,36608100,19.020000457763672,43.16934415320726,-3.1270628427217844,-2.8865345972848946,-0.24052824543688978,0.3183946353873301,0.11108228385410483,3.7575495087759205,-4.943341908789374,0.6275039968816867,0.9408036126756979,0.1286648875458818
2018-11-28,157.30205231854285,161.20068359375,156.20317973054395,161.20068359375,70141000,18.489999771118164,51.45059783350608,-2.550758732316467,-2.8193794242912094,0.26862069197474225,0.32109324872604394,0.11121037765235625,3.8481629942679305,-1.9123740304658434,1.2258752106888362,0.9449098668440346,1.6754663288407468
2018-11-29,160.52232499698025,161.73585903191739,159.4043369013792,160.67520141601562,44885700,18.790000915527344,50.620088419822956,-2.1120887485154185,-2.6779212891360515,0.565832540620633,0.3210862123291414,0.11042105725513314,3.7398315040015206,-2.2502264732692985,0.8048368713357833,0.9468628989781405,-0.9833947524070075
2018-11-30,160.89494529728887,161.93648761866612,160.09227505154962,161.84092712402344,36722800,18.06999969482422,52.45364545985113,-1.651339687650534,-2.472604968838948,0.8212652811884142,0.3153458200629843,0.10782380857428647,3.6044301513668766,-1.5541643397285194,0.6680427321919563,0.9474527680649274,-1.5634166299840602
2018-12-03,165.41465187079527,165.60575825085454,161.9746787077996,164.66932678222656,50771700,16.440000534057617,56.658730917126505,-1.0459079471430641,-2.1872655644997714,1.1413576173567073,0.31963637005002876,0.1107703789130927,3.6158873639000353,0.14220636882969678,0.9452759938470682,0.9484351438183208,1.7416081174797649
2018-12-04,163.8093742911743,164.26804723454896,158.16210401305588,158.35321044921875,70594700,20.739999771118164,46.72144292533936,-1.0634973969894759,-1.9625119309977124,0.8990145340082365,0.3379669252635816,0.11052505601376737,3.822411321419367,-3.7026502709081477,1.277453745826249,0.9507225459750601,-1.9176081657102606
2018-12-06,155.16163641171562,159.4902606413185,154.5787524970206,159.4711456298828,71715500,21.190000534057617,48.444989791271595,-0.9759786621211219,-1.7652052772223943,0.7892266151012723,0.3387660875496122,0.10904701651313553,3.9002039516249782,-3.0312193808243637,1.2553631324570855,0.9485915956255041,-1.9678651685182458
2018-12-07,158.77365874789388,159.69097550481584,153.70925782495092,154.20614624023438,80432200,23.229999542236328,41.61679828133736,-1.3162875401065435,-1.6754217297992242,0.35913418969268074,0.32590461592778136,0.10103956417190099,4.0488835036421165,-6.225850745463289,1.37278744777837,0.9515081255387381,-8.087459962416643
2018-12-10,153.91950128161147,156.49947507731073,152.32373965767715,155.821044921875,73960800,22.639999389648438,44.21404573497397,-1.4390870506467763,-1.6281547939687349,0.18906774332195853,0.3103951307156181,0.09067705836180448,4.057944354784364,-5.232340195924884,1.2270836803617635,0.95006023350286,-6.528675654608507
2018-12-11,158.36276007586386,158.4009901112454,155.01834642381291,156.33700561523438,59058300,21.760000228881836,45.05507103116828,-1.4777383833587692,-1.598071511846742,0.12033312848797273,0.3019226451615902,0.08461626805642732,4.009708592830657,-4.902388535454398,0.9730112583246261,0.9502288205817028,-4.61168350006913
2018-12-12,158.62077929930126,160.14966011269456,157.62701697693723,157.7130126953125,53780000,21.459999084472656,47.335370869938664,-1.3814134965217022,-1.554739908781734,0.17332641226003176,0.2968573627054801,0.08432607514417724,3.995633300304195,-4.05894903443321,0.8925178196543112,0.9514639463364125,-0.7695441912835221
2018-12-13,158.74495397348997,159.4042834298389,156.73830037420913,157.7607421875,46378500,20.649999618530273,47.41689035629815,-1.2863951955315258,-1.5010709661316923,0.21467577060016652,0.29298620232888145,0.08393643887105516,3.9006582828274503,-4.026612880755426,0.7811902571408456,0.951230935033431,-0.8229701459049443
2018-12-14,155.9547832471006,156.52810251853242,153.55635169974812,153.91946411132812,56547400,21.6299991607666,41.8080174959802,-1.503717624529827,-1.5016002978113192,-0.0021173267185077282,0.2924526367984346,0.08635513160594804,3.9223534403220524,-6.356672407017455,0.967732964613829,0.9526650912580547,-2.49396028504999
2018-12-17,153.26015724246645,154.48325603248904,149.22774840706805,150.43173217773438,74834100,24.520000457763672,37.4736962889141,-1.9350717317008446,-1.5882945845892245,-0.3467771471116201,0.2951482141117954,0.09240703303694725,4.017578739257691,-8.458250152067295,1.2789564232678017,0.9528089733130046,-6.341830533966942
2018-12-18,151.59750301779664,152.83971684788722,150.05907199493964,151.3777313232422,63642100,25.579999923706055,39.31150463170487,-2.1755108099658287,-1.7057378296645456,-0.4697729803012831,0.2937168624554261,0.09537017925198128,3.9292263188069683,-7.859867698149976,1.0893065852691892,0.952252755722486,-5.420856928407336
2018-12-19,151.14840010740136,153.5754973738109,146.52355665771609,147.66065979003906,81856500,25.579999923706055,34.96299043301896,-2.635615386070384,-1.8917133409457132,-0.743902045124671,0.30087151739089885,0.10715233535859733,4.152277347184671,-10.088173247007175,1.3838047517789185,0.9540003009637132,-4.6464170508808245
2018-12-20,147.2975046625452,148.94104600446855,143.7046546441811,145.5201873779297,99002100,28.3799991607666,32.718547147357086,-3.136810612348256,-2.1407327952262216,-0.9960778171220346,0.30105962434531275,0.120800169475406,4.229714062406298,-11.351025091013119,1.6788359910382584,0.9529360686268101,-4.31641164082095
2018-12-21,146.2464007170609,147.24016270225601,140.19778937524282,141.010009765625,141129400,30.110000610351562,28.558450685215902,-3.853524053720207,-2.483291046925019,-1.3702330067951882,0.2923686685111548,0.14642832937893346,4.430618295592505,-14.04515665383842,2.209328720017859,0.9548138198942757,-7.98157407401876
2018-12-24,139.98560994553935,141.80633695237339,137.4749198446589,137.51324462890625,56163300,36.06999969482422,25.817614930017555,-4.650081102126279,-2.9166490579652713,-1.7334320441610078,0.29761546261133004,0.1771175697624561,4.423532496458361,-16.107545331162736,0.8572999934057721,0.95287891989859,-9.609613163758024
2018-12-26,139.0273417603228,146.1761063623662,138.07863876676348,146.09945678710938,98982100,30.40999984741211,40.83331102116377,-4.536231881252974,-3.240565622622812,-1.2956662586301615,0.35600926855391535,0.1834774652351755,4.726341727672761,-10.816811710393576,1.4479468094902723,0.9599956553886029,-6.135307750622443
2018-12-27,144.09662623616936,146.78939195455402,140.94388999712163,146.66482543945312,85824300,29.959999084472656,41.67054603225856,-4.350238190282084,-3.462500136154667,-0.8877380541274174,0.3474247715613284,0.18792257600373408,4.8062817440841625,-10.426577690106885,1.2118460417001282,0.9593012962533857,-6.089161220921624
2018-12-28,147.71895997689802,149.09888648634418,145.3903449588596,146.58819580078125,77856600,28.34000015258789,41.5846539871929,-4.161054179184333,-3.6022109447606003,-0.5588432344237328,0.34733514432649204,0.18655760484349476,4.727871728612764,-10.428107408756796,1.0933855361358564,0.9593618427659688,-9.064780289514418
2018-12-31,148.02560143340713,148.51431926214764,146.33903288718403,147.82435607910156,53015300,25.420000076293945,43.60410774956868,-3.8668025906897867,-3.6551292739464376,-0.2116733167433491,0.34838813863746926,0.18280575548995745,4.54554420335211,-9.630868238300259,0.7402987583955151,0.9592840640630563,-7.998026592567342
2019-01-02,144.69079188863182,149.25220224377492,144.58538043859568,148.4185028076172,58576700,23.219999313354492,44.59552262824335,-3.5448011502419092,-3.6330636492055324,0.08826249896362315,0.3440131067993695,0.17465270240061354,4.554206889196904,-9.228546639150865,0.8056643956048792,0.9604953284219039,-8.293590845608701
2019-01-03,146.23361402780253,146.8660680617067,143.2533610088618,143.56959533691406,74820200,25.450000762939453,38.62739322760323,-3.6389316586622726,-3.6342372510968803,-0.0046944075653923,0.35503297984549115,0.16135022870963345,4.597845097022511,-12.152524753930805,1.01233545449201,0.9621976039231815,-12.813395097689728
2019-01-04,145.9844625272902,150.45005361526265,145.40950294284573,149.71217346191406,74709300,21.3799991607666,48.102514267766004,-3.1812050936507603,-3.5436308196076567,0.36242572595689637,0.3681906667031612,0.15414919714547967,4.76088889568866,-8.36636880688829,1.0080290243837773,0.9655739909397076,-5.456811998185362
2019-01-07,150.08590941687405,152.23246331817364,149.59719155362285,151.4945831298828,52059300,21.399999618530273,50.49106937763304,-2.6441478387906727,-3.3637342234442604,0.7195863846535877,0.3663403930771572,0.14344150598314942,4.609059100607384,-7.2544745795931105,0.7118595049939201,0.9661280063228239,-5.001884490447461
2019-01-08,152.88406902300784,153.43029594269427,150.64169609652765,152.8649139404297,49388700,20.469999313354492,52.308397874578326,-2.08392960763112,-3.107773300281633,1.0238436926505128,0.36661999269729134,0.14213051970385387,4.479026296718758,-6.409574175971127,0.6899862739550917,0.9638415461544537,-0.8697657859338626
2019-01-09,153.45901848053262,154.78145007552388,152.81697238472913,154.11065673828125,46491700,19.979999542236328,53.9628197071929,-1.5218882106532305,-2.7905962823559527,1.2687080717027222,0.3666299266918577,0.13977760103468728,4.299415682009901,-5.656240108067144,0.6622202625865856,0.9688279431574485,-1.0976618623314338
2019-01-10,152.9415788779107,154.63772489291745,152.07911762510338,154.55148315429688,38943400,19.5,54.56348598950443,-1.029033291394029,-2.4382836841635678,1.4092503927695388,0.36051226258716457,0.13700775253432682,4.175072223853055,-5.3808040570314475,0.5627654893312939,0.969366997791815,-1.1420984135591672
2019-01-11,153.64116334456406,154.14905100184842,153.12368352101097,153.98614501953125,30176600,18.190000534057617,53.59766691688636,-0.6762647210566683,-2.085879891542188,1.4096151704855195,0.36051827127088903,0.13045752710881164,3.978838467383973,-5.7343441274635945,0.4436438288335704,0.9693086246039995,-2.363069230679926
2019-01-14,152.68286071151192,153.28658221194868,151.9737277526212,152.6253662109375,30710200,19.06999969482422,51.2463014566469,-0.500724524229355,-1.7688488180796214,1.2681242938502664,0.347858915829609,0.12145789061025522,3.838379810207265,-6.575824287930299,0.4567491762096654,0.9682560507551694,-3.2551672268751553
2019-01-15,153.32493871300696,155.81647481597557,153.23869694431025,155.60565185546875,40874200,18.600000381469727,55.817972066077296,-0.11974318442511844,-1.4390276913487208,1.3192845069236023,0.3531374098610364,0.12432322423891015,3.7921461526951794,-4.76086174999357,0.6150861502385039,0.9684569550175092,1.0955000096160905
2019-01-16,155.86436157165468,156.94722352211082,155.51937990916804,155.57688903808594,33812200,19.040000915527344,55.76362494063978,0.1778165941992711,-1.1156588342391223,1.2934754284383934,0.3523145347329503,0.1299280845199704,3.6232673998557225,-4.800501588896636,0.5250202207363749,0.9679256276325858,3.4202603306279666
2019-01-17,155.07857380042944,157.5030229011579,154.82942607219695,156.80348205566406,39329000,18.059999465942383,57.65700519175373,0.5067689510001117,-0.7911732771912755,1.297942228191387,0.34900605672685653,0.13672240440904543,3.555433787648952,-4.070844096011708,0.6224316425515092,0.9679101973437925,3.5842462989725155
2019-01-18,157.90548765257216,159.09376094751372,156.98554639769057,158.3558807373047,57183200,17.799999237060547,59.991018193209406,0.8825580832000242,-0.4564270051130156,1.3389850883130396,0.33222073263321933,0.14524144523839835,3.465065580806145,-3.1398331264798176,0.923018466277088,0.9692745574937711,7.243107922227443
2019-01-22,157.21554103501978,157.2922052514054,154.05321156458305,155.18399047851562,56711700,20.799999237060547,53.501836147394954,0.9138938432458303,-0.18236283544124643,1.0962566786870767,0.3366161110625836,0.145165450737619,3.5248944088001086,-5.086569395697456,0.9477559946568954,0.9698483411323948,6.640867686273744
2019-01-23,155.97935210114505,156.68847045396996,153.63156733364625,155.3852081298828,38106100,19.520000457763672,53.84293052296019,0.9440814582825681,0.04292602330351647,0.9011554349790516,0.32237415184705515,0.13515085775956467,3.491466459623223,-4.9818240546672765,0.696807386731382,0.96786714989004,10.194452427987954
2019-01-24,155.89304752263442,156.62134998049336,155.298918357285,156.391357421875,32417800,18.889999389648438,55.59694292575204,1.0372365821508254,0.24178813507297828,0.7954484470778471,0.32150141605056026,0.10929966757925146,3.336535399879304,-4.384878570806464,0.6059466427960074,0.9682953641588169,13.728214212320644
2019-01-25,157.6467412645518,158.7391805984683,157.1101064510071,158.26004028320312,36515900,17.420000076293945,58.73347807659437,1.2474697241803199,0.4429244528944466,0.8045452712858733,0.3231705192516217,0.10803768735756956,3.2659130982160174,-3.2566552457065248,0.7248652734668728,0.9677045911490403,8.323496721698076
2019-01-28,156.2189187715702,156.31473806515905,155.00189822759123,156.30516052246094,33491200,18.8700008392334,54.4039842489315,1.2420212964327675,0.6027438216021108,0.6392774748306567,0.32432242084167934,0.10316273100402981,3.2653580237442945,-4.462616143815891,0.7012473862510813,0.9712610850119846,6.573038255166086
2019-01-29,156.39139420524148,156.4297336184612,154.2736022242101,154.82940673828125,30784200,19.1299991607666,51.327998805213014,1.105874547790762,0.7033699668398411,0.402504580950921,0.32544514927068113,0.09533475283012227,3.186127550209067,-5.365901312371511,0.6779787932588855,0.969814289256271,5.622015396587665
2019-01-30,156.58302029478352,159.3428726807034,156.09430252735993,158.7678985595703,41346500,17.65999984741211,58.1316244111614,1.300785992031166,0.8228531718781061,0.4779328201530598,0.32562943808856526,0.09275818748901084,3.280937435367145,-2.973985824148705,0.9224516176675481,0.9715885366765359,7.403071300789432
2019-01-31,159.7453740963102,161.93984487249068,159.5249736511459,161.14447021484375,37258400,16.56999969482422,61.61814925905532,1.628254680195397,0.9839334735415644,0.6443212066538326,0.31984648580706715,0.09385295604296158,3.2731523551923756,-1.5408217027360456,0.851494258337449,0.9713325812830014,8.574380664466208
2019-02-01,160.3490765717567,161.56609689150133,160.02326471362034,160.4640655517578,32143700,16.139999389648438,60.07571503324245,1.8119855632665747,1.1495438914865665,0.6624416717800081,0.32021222772782176,0.07184465283846148,3.1495580568129915,-1.963650368714998,0.7722643420357634,0.9719354562313384,11.767442943053208
2019-02-04,160.49281271624795,162.45729064941406,160.3490764913187,162.45729064941406,26718800,15.729999542236328,62.997840276687896,2.094288564194983,1.3384928260282498,0.7557957381667331,0.31123362308821206,0.0723938941333517,3.0751763497617324,-0.7581295482038026,0.6811999243303826,0.9740392391407576,8.51308006074889
2019-02-05,162.6776940142957,164.0863675329117,162.6106219821807,163.89471435546875,28156400,15.569999694824219,64.98801650164404,2.406265871226509,1.5520474350679019,0.8542184361586072,0.30691175685049465,0.07815132468972552,2.971883530742869,0.09876182271792541,0.7404124251094489,0.9738378312391907,8.185197760473573
2019-02-06,163.93304778598355,164.2205202305644,162.6681105410293,163.40599060058594,27970000,15.380000114440918,63.73287894067772,2.5842841926283597,1.7584947865799936,0.8257894060483661,0.2892701111570338,0.08211723165945681,2.8704925420851706,-0.22693440938619935,0.7568242711947325,0.9728516124035683,6.89568089134176
2019-02-07,161.97815995607462,162.38063603181257,159.98493466037186,161.21153259277344,42036200,16.3700008392334,58.28917540837718,2.5192502250963003,1.9106458742832553,0.608604350813045,0.28081823056249666,0.082150306190064,2.909818499094378,-1.5882440324437732,1.1443315148232776,0.9734101844652275,4.607647520801406
2019-02-08,159.80284794493437,161.5565029819942,159.6207869359673,161.5277557373047,29020700,15.720000267028809,58.834822670626004,2.464814060068278,2.02147951144026,0.4433345486280178,0.22292755373290388,0.08225431423804455,2.8402397524467027,-1.4274181810011155,0.8008328239714224,0.9735407592530275,4.513882649733647
2019-02-11,162.11231552721998,162.5052140539009,160.97195935681466,161.3744354248047,21434100,15.970000267028809,58.435676463341736,2.381844913706516,2.0935525918935114,0.28829232181300446,0.22328534414868315,0.08028381806877047,2.746883677063811,-1.5521400411602693,0.5987007355236338,0.973291484550696,4.798022837922411
2019-02-12,162.55314602527997,164.00014449548956,162.26565891523651,163.7605743408203,29722100,15.430000305175781,62.679222800429045,2.480044328931939,2.170850939301197,0.30919338963074194,0.22541435910338756,0.07748026281920425,2.7382283480367446,-0.12563944268549895,0.8313497402355474,0.9736844023786494,7.295778156884669
2019-02-13,164.4888789067929,164.97761142973005,163.69351878075645,163.87557983398438,26094100,15.649999618530273,62.875953025961785,2.537892806652337,2.244259312771425,0.293633493880912,0.2251460239177653,0.07894036054844378,2.634361512389377,-0.08474764304538161,0.7452770951269992,0.9732741213853983,5.314670694736057
2019-02-14,163.29098522737547,164.6613338945286,162.74477296640356,164.0767822265625,30326800,16.219999313354492,63.241028786135274,2.5703441660218402,2.309476283421508,0.2608678826003321,0.22523960913129992,0.07928796227175763,2.5830900420847818,0.004710144789886875,0.8705005935270461,0.9729108399312766,5.463467768915065
2019-02-15,165.3225432937017,165.36086807699874,164.0001116258704,164.76673889160156,32521700,14.90999984741211,64.52919552117774,2.6215166269438157,2.37188435212597,0.2496322748178459,0.19750781104462603,0.0812937318672436,2.4957804998736073,0.39515122240507555,0.9427131675535785,0.971683689586033,5.07849489790706
2019-02-19,164.2588908399811,165.59090036762788,164.23014359006228,165.09259033203125,19487700,14.880000114440918,65.15033601230121,2.6577280246013686,2.4290530866210496,0.22867493798031902,0.16115153803011795,0.08436502634571899,2.4147073768516063,0.559772981584575,0.5975401681619454,0.9735250258152628,4.254158142634457
2019-02-20,165.20753320653387,165.8591714745647,164.17260325399965,165.0637969970703,32593000,14.020000457763672,65.04195096533246,2.653514374682601,2.47394534423336,0.17956903044924077,0.15934875137177884,0.08141323244286088,2.3626974371168523,0.5083683351146536,1.037753360925671,0.9734633737381259,6.366511447533951
2019-02-21,164.62301947434352,165.07341253059042,163.58808928360776,164.46011352539062,25207400,14.460000038146973,62.68725958374492,2.5718165158979502,2.4935195785662785,0.07829693733167176,0.15935312214916425,0.07621170786374222,2.300027852107267,0.1178050835241452,0.8194241431932914,0.973710825682615,5.84026337173762
2019-02-22,164.81466219630002,165.79209774117504,164.7284058417056,165.67710876464844,27735400,13.510000228881836,65.40621910641539,2.5755820129629967,2.5099320654456223,0.06564994751737441,0.1591364624174297,0.07313001962705595,2.2308818780842063,0.8358016918080318,0.9085169244254864,0.9736758273076196,5.937509268958241
2019-02-25,166.9420845423759,167.37330792612013,166.1658649049929,166.28086853027344,32608800,14.850000381469727,66.70255193162824,2.597343998941767,2.5274144521448516,0.06992954679691543,0.15916965061227223,0.07311308463582367,2.192690255469027,1.1779682878353877,1.0750321598424943,0.973100217558041,5.068132317366536
2019-02-26,165.87834861961747,166.98036526748166,165.6004391059202,166.45330810546875,21939700,15.170000076293945,67.08196289629515,2.5985504896935083,2.5416416596545828,0.05690883003892555,0.1581724054425604,0.06722633297651578,2.134635677332772,1.262356167329921,0.7373379216498851,0.9730257255876749,6.492522415182522
2019-02-27,165.6866997363869,166.54916099684866,164.59426050422923,166.34791564941406,25162000,14.699999809265137,66.58259923365789,2.5614752595750474,2.5456083796386757,0.015866879936371703,0.1547468703288384,0.05172571120094831,2.1217974498532475,1.1831446412391704,0.8536964987145527,0.9717767274644697,7.439483980328965
2019-02-28,165.83047141921327,166.55875945805786,165.49506733876237,165.96463012695312,25085500,14.779999732971191,64.69639451770453,2.4726616300884814,2.531019029728637,-0.05835739964015563,0.1471364328009023,0.04580677270574603,2.046218497670551,0.935659179712248,0.8752447784237359,0.9717773869357081,4.532863149714461
2019-03-01,167.1624341560214,167.3636648501944,165.95499150218984,167.11451721191406,31431200,13.569999694824219,67.65665844258449,2.466628706298593,2.5181409650426283,-0.05151225874403531,0.14758157316206463,0.04616794133488386,2.0006795584086943,1.6178500179692419,1.1079118914097454,0.971748618238051,3.704779313314832
2019-03-04,168.21651877722266,168.45608885414387,165.2746058361728,167.14324951171875,38063500,14.630000114440918,67.72947284805765,2.4360843630709894,2.5017296446483006,-0.0656452815773112,0.14679506972851245,0.04375804820729532,2.085022662663149,1.6125655998980484,1.3278387399878357,0.9706306865332703,4.162417259586726
2019-03-05,167.26785278320312,167.7853177841175,166.44373102456245,167.26785278320312,22319900,14.739999771118164,68.06524123137575,2.394331826779535,2.4802500810745474,-0.08591825429501254,0.1449938485583031,0.04448165522586036,2.0319200981554273,1.6684333112291867,0.78464631522182,0.967570079456578,2.9611241912007147
2019-03-06,167.43079238670592,167.45953963575136,166.05086594371738,166.31918334960938,27194600,15.739999771118164,62.71497788140412,2.2586565591786893,2.435931376695376,-0.1772748175166865,0.131494429908111,0.04494126106310678,1.9874024977181806,1.0730656651772768,0.9576332184414805,0.9701422908770405,1.479284431883654
2019-03-07,165.89754230066424,165.95503680040704,163.66474662003608,164.27804565429688,39407400,16.59000015258789,53.05232700795662,1.963792797652502,2.341503660886801,-0.37771086323429914,0.13814755385089916,0.044332118493234506,2.0350477999935457,-0.1821783725543628,1.3603023032082953,0.9685260288967382,0.5336738576754652
2019-03-08,162.43813561785805,164.1151266304428,162.27522967415683,164.0288848876953,39303200,16.049999237060547,51.999121647321076,1.6905187034212759,2.211306669393696,-0.5207879659724202,0.13778555129808653,0.039655818907005896,2.032745527146867,-0.34491641932305706,1.3631353583782992,0.9707032417008177,1.7476121277493206
2019-03-11,164.7092326287204,167.55532646204267,164.68048538775335,167.44032287597656,30518400,14.329999923706055,62.86828542297882,1.729287401269147,2.1149028157687866,-0.38561541449963954,0.14570526863079658,0.0363612726594353,2.1394381019469018,1.7049258793947717,1.0557141535207162,0.9715416971751705,3.6604031992418573
2019-03-12,167.8811959600256,168.7915596885872,167.47871982599423,168.36033630371094,33953500,13.770000457763672,65.15953431319726,1.8133461428066084,2.054591481176351,-0.2412453383697426,0.13956414703518072,0.032454802193996705,2.0831380098514543,2.242213253879443,1.1496490715128211,0.9716764122298052,4.329000972500041
2019-03-13,169.23234498312806,170.50684520193695,168.99277485411582,169.62522888183594,42426100,13.40999984741211,68.07619602951897,1.9594423295276044,2.035561650846602,-0.07611932131899746,0.13553298911835748,0.03662941791213659,2.087664501878209,2.9845658601157767,1.4062815151780828,0.9717604898068047,3.581237159568107
2019-03-14,169.74024464559398,169.94147537994655,169.28985160101263,169.3377685546875,23751500,13.5,66.70941729954623,2.0286440186159496,2.0341781244004715,-0.005534105784521959,0.11836939152822423,0.03862241627461526,1.9850901645250458,2.785704008736919,0.7903502827528341,0.9704342652730127,3.333131590586369
2019-03-15,169.9989541066176,171.41721976839037,169.88396512622518,170.90933227539062,38192000,12.880000114440918,70.22859375115556,2.1851103223325197,2.0643645639868815,0.12074575834563817,0.11409901270061913,0.043657378869596,1.9918302394663188,3.7078798402194066,1.2544537097482766,0.9689122432314597,4.1642394226097945
2019-03-18,170.83640911193126,171.83484310073237,170.490799600241,171.31642150878906,32935100,13.100000381469727,71.08137871627741,2.315270694890586,2.1145457901676226,0.20072490472296334,0.11257073323654003,0.04878905533713337,1.945559758110966,3.9254509509683686,1.0810517171798735,0.9710911618556256,3.9751242643070617
2019-03-19,172.01718824723434,172.80441539323317,171.16276700152025,171.89239501953125,36893300,13.5600004196167,72.290757690679,2.4368099483797323,2.1789986218100443,0.25781132656968797,0.10841347751638328,0.053986278188156205,1.9238518033682486,4.24316830077585,1.1773427271922217,0.9703440591007298,4.118782480682115
2019-03-20,171.90197568288826,173.63002262274787,171.11476325122536,172.57398986816406,50105000,13.90999984741211,73.69282087099336,2.5586353349259525,2.254925964433226,0.3037093704927267,0.10660515657326514,0.05904244634506475,1.9660952010935535,4.630624921401387,1.555491914034275,0.9684737246229378,4.549872841727409
2019-03-21,172.0556097332078,175.52129912011057,172.0364051395682,175.27169799804688,42428500,13.630000114440918,78.35999173796313,2.84012612580122,2.371965996706825,0.46816012909439486,0.1129005334798745,0.0682636870140863,2.0745808281970413,6.236040283986964,1.2828847210375436,0.9668974065589396,6.573985777400715
2019-03-22,174.51326204357724,174.98367934804182,171.23957480267364,171.42198181152344,70794500,16.479999542236328,61.57253553390841,2.721201367296487,2.4418130708247574,0.2793882964717298,0.12530362946428572,0.06868168421407793,2.2144052829953407,3.8868673963289044,2.0097409035480784,0.9692612865002627,3.467511649443278
2019-03-25,170.79796054778006,171.69077629213518,169.85712600034697,171.09556579589844,46336500,16.329999923706055,60.3911510889791,2.570976972722434,2.467645851204293,0.10333112151814117,0.12583494915448568,0.06878160655773216,2.1872084979091175,3.6773840443876527,1.29027650035211,0.9548757451610912,2.895520878728397
2019-03-26,172.42041144077294,173.4668346627171,171.01876918155062,171.89239501953125,33248100,14.680000305175781,62.29311946947849,2.4875456389987107,2.471625808763177,0.015919830235533894,0.1257614396646418,0.06939658169520121,2.205841139570358,4.141706825992384,0.9114689634621241,0.955669478029049,3.2676352161268962
2019-03-27,172.15163910092946,172.5356431277955,169.54037070155923,170.78839111328125,37096700,15.149999618530273,58.128366647269495,2.3057624233148886,2.438453131673519,-0.13269070835863062,0.1221966366101855,0.06836285203139017,2.262229088617924,3.4579310125188503,1.0006062163133551,0.9561912482037739,2.669390503951785
2019-03-28,171.22998047594476,171.82519101332932,170.1547576603308,171.18197631835938,30368200,14.430000305175781,59.176254574277635,2.1684602915082394,2.384454563640463,-0.21599427213222366,0.12220192233595534,0.06662134643910252,2.219957964645109,3.6815801239380357,0.8133244202477024,0.9560574077367914,3.1436494555588723
2019-03-29,172.5067811265342,172.64118395217727,171.45074846161788,172.4779815673828,35205500,13.710000038146973,62.50387654970557,2.1395606321344474,2.3354757773392603,-0.1959151452048129,0.12346284377457378,0.06696060980529313,2.165618655300308,4.45033642473168,0.9381359991419529,0.9567289222781435,3.2094544776546607
2019-04-01,174.25402088933498,174.9740391782567,173.5436122195037,174.76283264160156,30969500,13.399999618530273,67.52905897790737,2.274803313678035,2.3233412846070154,-0.04853797092898038,0.1277665177014431,0.06998700641581776,2.189221437841278,5.810243221822311,0.833132131051621,0.94897218354811,4.558714247893447
2019-04-02,174.95487506698944,175.59808974219607,174.5132573391101,175.42527770996094,22645200,13.359999656677246,68.83322817968502,2.4076836159111963,2.3402097508678517,0.06747386504334463,0.1278721806472185,0.07305709817280069,2.1103365067873265,6.190789470560771,0.6089278876560154,0.9308358309797643,4.876863540139231
2019-04-03,176.4141144982081,177.5277465453515,175.88611268942597,176.43331909179688,31633500,13.739999771118164,70.75791708338798,2.5647676824122527,2.385121337176732,0.1796463452355206,0.12812551604143718,0.07509763868766871,2.1097745302589863,6.775185477568075,0.8455761918718994,0.9285886479833046,6.08116005531798
2019-04-04,176.48131764501304,177.1245323460817,175.34848104026815,176.36611938476562,28530800,13.579999923706055,70.44559960243639,2.6532504623588977,2.4387471622131653,0.21450330014573238,0.12716015059879698,0.0702822543816033,2.0859371570843126,6.7086368674463355,0.7738896466477725,0.9273101198373578,7.358301398293121
2019-04-05,176.87489820506522,177.38370995789828,176.66369166817498,177.27810668945312,25674700,12.819999694824219,72.23661672637584,2.7650892292168407,2.5040155756139004,0.2610736536029403,0.12655567585386351,0.06298977115750692,2.009626686802051,7.229920363525895,0.7095333937814026,0.9274732723551634,8.077371135473532
2019-04-08,176.9901014408336,177.87332214330667,176.2892877207166,177.7293243408203,22697500,13.180000305175781,73.10503807334658,2.8571957768160985,2.57465161585434,0.2825441609617583,0.1264935006507018,0.06295579302069217,1.9792272393583379,7.474689734092217,0.6341096071621489,0.9274151349694346,6.144876746603534
2019-04-09,177.12455127471853,177.710166908246,176.73093764505936,177.1053466796875,25631900,14.279999732971191,69.85117364579536,2.8470223949665865,2.6291257716767897,0.21789662328979675,0.127555565177466,0.06170046602538454,1.9091672005299536,7.066585290125209,0.7245110372332344,0.928500519210067,5.194222444531804
2019-04-10,177.33570680389275,178.11332421734778,177.14370485531776,178.05572509765625,24563000,13.300000190734863,71.90248799848952,2.8824207599655836,2.6797847693345487,0.20263599063103488,0.12762318326933336,0.062935490481345,1.844796510324977,7.605897331674724,0.7122796690159939,0.9267052158374182,4.970072123936919
2019-04-11,178.35334967073024,178.35334967073024,177.3069264859472,177.63333129882812,20654100,13.020000457763672,69.63474694815882,2.8436111900728918,2.7125500534822176,0.1310611365906742,0.12764469878641202,0.06141858123636795,1.7877698442148386,7.3046658321425815,0.6016309847486964,0.9250571388215373,4.898826065173756
2019-04-12,178.42058704095462,178.5165807166551,177.66215936420855,178.40138244628906,24989100,12.010000228881836,71.40101822464085,2.8420680437712917,2.7384536515400324,0.10361439223125934,0.12704557569126718,0.06251940846965985,1.7231612423299922,7.722181387641007,0.7421762406840385,0.9243714088811782,4.38364018579529
2019-04-15,178.41098644440203,178.63180267219207,177.23975514038676,178.43019104003906,21073000,12.319999694824219,71.46805736616034,2.810768907637282,2.7529167027594825,0.05785220487779963,0.12704703737074582,0.06310533619346688,1.6995102630068002,7.6858138791652735,0.6370905643298819,0.9240129107500148,4.152415436067836
2019-04-16,179.0829654577333,179.4381844872439,178.4973499213093,179.04457092285156,27195700,12.180000305175781,72.92564795561033,2.803225598951684,2.762978481997923,0.040247116953761264,0.127017113169711,0.06437865673775386,1.6501162047352305,8.005244192652107,0.8344274140472907,0.9275078465079496,4.160844871879088
2019-04-17,180.2445537372742,180.41735107161333,179.1405317043985,179.6685333251953,29651600,12.600000381469727,74.35835130905684,2.8151447869325636,2.7734117429848513,0.04173304394771238,0.12477514149685738,0.06643476860588109,1.6303064864514114,8.329543909918499,0.9392518953492276,0.9143084689026114,4.111015491066206
2019-04-18,179.96624135493994,180.28303662316424,178.8429995359766,179.89903259277344,28580900,12.09000015258789,74.8870303447973,2.8107891659615802,2.7808872275801972,0.029901938381382998,0.11664927869806292,0.0697746683877077,1.6167158150754284,8.41924131902762,0.925637205687081,0.914370842994172,2.6400922953220496
2019-04-22,179.1117972303864,180.4750304089201,178.97737972309307,180.40782165527344,17936000,12.420000076293945,76.06035127359054,2.815932018722691,2.787896185808696,0.02803583291399514,0.11584535993933168,0.0693824648836909,1.6082111629862579,8.668588053530462,0.6352607620401943,0.9179861015633891,5.241941406108475
2019-04-23,180.8686200941595,182.92307205354078,180.6094240117528,182.7022705078125,33665600,12.279999732971191,80.48777292510184,2.970903882840929,2.8244977252151426,0.14640615762578646,0.10722834560968801,0.07087286552626973,1.6729996797920494,9.991795693897634,1.2197446933084255,0.9182756878526724,6.783755416408521
2019-04-24,182.8559105143842,183.08632172192188,182.0686832085748,182.1262969970703,24977100,13.140000343322754,76.6552578418652,3.0125175261468087,2.862101685401476,0.15041584074533265,0.10835686090099134,0.07055508722169392,1.626188167903122,9.59679851926139,0.9187155027884671,0.9157021411803172,5.953667686331454
2019-04-25,183.48948797316513,183.57588666273318,181.8766391905045,182.86546325683594,29517500,13.25,78.0966707317719,3.0697549537193822,2.903632339065058,0.16612261465432443,0.10746739720577873,0.06688501502062223,1.6314066896406616,9.995742878273438,1.1010697544988404,0.9204162782801072,7.07136595457718
2019-04-26,182.5774737836332,183.06709571127487,181.0510381653913,183.0286865234375,26359500,12.729999542236328,78.41363006834189,3.0926367891393625,2.941433229079919,0.15120356005944346,0.10684324132347874,0.06160456289085727,1.6588817508008693,10.04793295693596,0.990676154938526,0.909131124149893,6.920535946521578
2019-04-29,183.028676825009,183.67190617229028,182.7310715546978,183.38389587402344,21716200,13.109999656677246,79.12169906407289,3.1036562176304017,2.9738778267900154,0.12977839084038623,0.10496656270027271,0.05760337699625999,1.6075926698574132,10.211445303790702,0.8373924926888858,0.90791403725425,6.323076260247151
2019-04-30,181.90542883086485,182.2606478388422,180.68620832552634,181.96302795410156,31495300,13.119999885559082,69.32578905314868,2.9635747823218708,2.971817217896387,-0.008242435574516094,0.10898740225428341,0.0547630105116134,1.685456589760248,9.322079998138578,1.2132517649669234,0.900108463775018,4.119980892771369
2019-05-01,183.15349278321395,183.6719142727205,181.25264816892008,181.37744140625,34797100,14.800000190734863,65.71473484540056,2.773337981242179,2.9321213705655453,-0.15878338932336655,0.10995525777824101,0.051491880984673125,1.7378715550488322,8.937343131982097,1.3097863308265272,0.8966950669433155,3.3929908927549546
2019-05-02,181.31980798967564,182.2606424708675,179.3997591446786,180.59019470214844,44110100,14.420000076293945,61.10653517165892,2.5298867563512033,2.8516744477226768,-0.32178769137147345,0.11117227642883501,0.04879323926454044,1.8180866815588377,8.432983318717135,1.6222414648170973,0.8980252173245514,2.3560604265392637
2019-05-03,182.08786859473292,183.6047092578317,181.76146373843417,183.47030639648438,30386200,12.869999885559082,69.52594938718514,2.5400704987186487,2.7893536579218714,-0.24928315920322275,0.11152377069933107,0.04811086340170095,1.9035458154248681,10.124210483742932,1.1137164608562542,0.9006599386913946,4.028090563256104
2019-05-06,179.5726058844117,182.5966775405622,179.29419054471262,182.34707641601562,38371800,15.4399995803833,63.73160703347823,2.429500150294274,2.717382956396352,-0.28788280610207817,0.08984399590681301,0.04653753990675128,2.065872246592503,9.414799484896761,1.374423947452689,0.8957853416434626,2.8593320524581634
2019-05-07,180.35984379778628,181.12786652202595,177.13416007503182,178.79501342773438,58818100,19.31999969482422,49.64189213941476,2.0318288964773217,2.580272144412546,-0.5484432479352241,0.10900798663374664,0.04522649812658242,2.2906611104775965,7.257591627387732,1.978775750231543,0.9107841151888707,0.5996135364080057
2019-05-08,178.20937765465177,179.68780914684146,177.56616290716053,178.34378051757812,37165300,19.399999618530273,48.18455517228799,1.6611125663635278,2.396440228802742,-0.7353276624392144,0.10918228510662935,0.04323953117647811,2.278588619706406,6.962461245023083,1.2265306014687227,0.9114301642684358,0.699263947197748
2019-05-09,176.35650996836105,177.99815842285207,174.81086983006247,177.3837432861328,55351700,19.100000381469727,45.14773146984764,1.275151074833019,2.1721823980087978,-0.8970313231757787,0.10858726825031176,0.044335449295562,2.3681830531213524,6.367172945344242,1.7384003031350388,0.90640432525948,-0.3773997219998826
2019-05-10,176.75011671853403,178.45895920920034,173.7932394097106,177.6045379638672,58526400,16.040000915527344,45.990803441430074,0.9758412073296938,1.932914159872977,-0.9570729525432833,0.10854435877266898,0.04438314626108911,2.532292820719095,6.481600504726558,1.7349272444797137,0.9044050051608393,-0.016209421255797274
2019-05-13,173.08282646856233,174.01405149052346,170.94197573968847,171.44119262695312,67185800,20.549999237060547,31.456527028900425,0.23855560098687079,1.5940424480957558,-1.355486847108885,0.14882894335126742,0.06214135676360115,2.8273120638233533,2.7954620588073764,1.8743922456296436,0.9294533732587149,-3.90142145979806
2019-05-14,172.34363085412767,174.36928347020327,171.71001106358716,173.32284545898438,43360600,18.059999465942383,37.90809238217825,-0.19170503961524332,1.2368929505535562,-1.4285979901687995,0.14718748978895763,0.07029867968337046,2.834510548068124,3.91875354345613,1.1732264023696897,0.9405071983931557,-2.862377466103039
2019-05-15,172.1804068825779,176.2125070155243,172.1419976976936,175.77088928222656,40944500,16.440000534057617,45.142447091922044,-0.33133361214046886,0.9232476380147513,-1.25458125015522,0.15259053159753908,0.0731822650864304,2.9227961744797364,5.366458542991517,1.087622770787708,0.9376667881191494,-1.828417149847894
2019-05-16,175.84771538594907,178.63179569195427,175.63650878863785,177.537353515625,39281200,15.289999961853027,49.69683916830958,-0.29603881003424704,0.6793903484049517,-0.9754291584391988,0.15446986506700927,0.07406312988642687,2.9279740836823565,6.391849864376903,1.0302631877462225,0.9395044421432179,-1.186173098943788
2019-05-17,175.78048364537253,178.1613401931261,175.56927709327715,175.72286987304688,44702300,15.960000038146973,45.516639138395085,-0.4097576595294754,0.46156074681806625,-0.8713184063475417,0.15742545087185764,0.07662845643360727,2.903980441979971,5.28108876334255,1.1481731052875788,0.9399965069866413,-2.321392538657996
2019-05-20,173.27479952412386,173.93720401802108,172.17076273667715,172.75637817382812,38608300,16.309999465942383,39.645328239788846,-0.7308272337494373,0.22308315070456558,-0.9539103844540029,0.1638832874363438,0.08331189538231627,2.950275205864954,3.4919460990164373,0.9660037285732765,0.9346524111357929,-4.241192766057466
2019-05-21,174.2444389506203,175.041261007811,173.68762300768665,174.56124877929688,31613800,14.949999809265137,44.34888489481665,-0.8300706725596001,0.012452386051732434,-0.8425230586113326,0.16686196781772752,0.08421015890677278,2.9027471793019473,4.562778716410027,0.7930325874388302,0.9359811459298805,-4.4558952145958735
2019-05-22,173.59164365242145,174.7916743225699,173.52443490346343,173.7836456298828,24332600,14.75,42.801249832019586,-0.9603970291582868,-0.18211749699027144,-0.7782795321680154,0.16703004791776488,0.08577905139135164,2.785925196430841,4.090701026135544,0.6108774016207735,0.9365597162461684,-4.5806956517222215
2019-05-23,171.78680898443514,171.86361271240142,170.05876172722682,171.1243896484375,45351300,16.920000076293945,37.92686693588908,-1.2636942582992674,-0.3984328492520707,-0.8652614090471967,0.1713258848656126,0.0894979893322267,2.8529936754469234,2.5029665954049136,1.1163697827670678,0.9395911527682065,-6.42060747791835
2019-05-24,172.0460385411793,172.66045378325666,170.82680303076418,171.0380096435547,25903300,15.850000381469727,37.776372237029534,-1.4938099309980828,-0.6175082656012731,-0.8763016653968096,0.1713065846301756,0.09109346678727168,2.780183466664463,2.458492699910759,0.6379951082600113,0.9383417296736635,-6.551255493136788
2019-05-28,171.51800244023235,172.47802706199724,170.375570796522,170.394775390625,24763800,17.5,36.611359398905215,-1.7083886470955747,-0.8356843419001334,-0.8727043051954413,0.17064097745955129,0.0910697149988885,2.731774380865233,2.083019911407406,0.6076487955935046,0.9326950497469969,-7.0830213424636685
2019-05-29,169.33871241583967,169.924327917213,168.09067769911496,168.99310302734375,42178800,17.899999618530273,34.140530044599885,-1.9688513778941399,-1.0623177490989348,-0.906533628795205,0.1716712283082968,0.09381272722231573,2.7012260459112905,1.256986228211966,1.02158393611649,0.9354720617037987,-7.127780336799717
2019-05-30,169.4443262675511,170.1835492430201,168.74351247587379,169.7035369873047,30354800,17.299999237060547,36.48042503227103,-2.0938077727064694,-1.268615753820442,-0.8251920188860276,0.1718853147403279,0.09407868096830116,2.6111410974280784,1.6902240165251479,0.7391794603430833,0.9360933335872381,-6.436249363997836
2019-05-31,167.70670033565867,168.282706308493,166.91947312932825,166.99627685546875,45446200,18.709999084472656,31.83828012315817,-2.3838107959941226,-1.4916547622551781,-0.8921560337389445,0.17594751005266662,0.09851860546184882,2.623492723181532,0.08296028614531288,1.104877573218543,0.9389220515977065,-7.527494983379601
2019-06-03,166.54506498444817,166.9962777223578,162.50336958591265,163.3193817138672,75842300,18.860000610351562,26.842360440184677,-2.877168779427109,-1.7687575656895644,-1.1084112137375444,0.18449038737658172,0.10257243937131172,2.757022395557505,-2.092034669627863,1.747311292244272,0.9109592628709646,-10.983207625472913
2019-06-04,165.15300214086886,167.97547631947216,164.5193824989762,167.91787719726562,47797800,16.969999313354492,39.606104677353954,-2.864083015299485,-1.9878226556115486,-0.8762603596879366,0.2050801700930745,0.0954192231564892,2.892670410560896,0.6738719342963583,1.0893726690938612,0.921456902922933,-7.913041164329126
2019-06-05,169.52115903231473,169.5499586006873,167.40910767504724,169.16595458984375,34412700,16.09000015258789,42.53646601488403,-2.7216297839932793,-2.134584081287895,-0.5870457027053844,0.20226789949501184,0.09182507602231088,2.8389690187808356,1.4292979408968112,0.8067460338391804,0.916813872203406,-5.385529860866345
2019-06-06,169.45391594138536,170.92275222604886,168.7050980177848,170.50994873046875,29913200,15.930000305175781,45.59762933704089,-2.471792195153739,-2.2020257040610636,-0.2697664910926756,0.20449404748038824,0.08662772632990941,2.7945893894582094,2.238342044532835,0.7072753612428556,0.9173390558085814,-4.39254554567281
2019-06-07,171.42198436172515,174.50366966766833,171.20118281295424,173.80284118652344,45888300,16.299999237060547,52.30201593185563,-1.9852010427861728,-2.1586607718060855,0.1734597290199127,0.213092785266852,0.08243572624558244,2.8802416428683073,4.2052750813257465,1.0972707099884267,0.917145584140143,-2.0187318371295837
2019-06-10,174.9644901556438,177.4605600722593,174.92609561562804,175.82850646972656,41385300,15.9399995803833,55.90226332782045,-1.4197537521824017,-2.010879367881349,0.5911256156989473,0.21644571672621993,0.0795100271488182,2.935775731644562,5.4077895180237885,1.0103007945274,0.9158225629559483,-0.9999921817887003
2019-06-11,177.662171767465,177.98857665549872,175.47331658481647,176.0685272216797,41260300,15.989999771118164,56.322942953766436,-0.9414130086511818,-1.7969860960353157,0.8555730873841338,0.21637847154391912,0.0824286712207092,2.905738898718682,5.541025029345651,1.040165053783907,0.9154293141052304,2.699079797464665
2019-06-12,175.58843828957532,175.95325221052727,174.7244222806777,175.0508270263672,27758100,15.90999984741211,53.97191000259543,-0.6371003276343004,-1.5650089423551126,0.9279086147208122,0.21594091671950089,0.08364118189605986,2.7941936160246335,4.9228125833070235,0.7138153948580944,0.9152428540345438,0.9969727665195327
2019-06-13,175.78050726989406,176.51971565276526,175.4348978335443,176.08770751953125,23715800,15.819999694824219,55.987680850076686,-0.3087041954440508,-1.3137479929729003,1.0050437975288495,0.21682219823259094,0.08403389880270602,2.6995289739084503,5.537873588869675,0.6236813128870592,0.9162374686126172,0.18024499881545974
2019-06-14,175.1852140215715,175.79003396246483,174.66680739281077,175.3388214111328,22844100,15.279999732971191,54.14336538895819,-0.10763598433595689,-1.0725255912455116,0.9648896069095547,0.21681027133533884,0.08085839498059832,2.6081983419664527,5.0905738414741055,0.6140283797384961,0.9207290637118334,-1.2383490352629867
2019-06-17,175.7228990291753,176.88453525843983,175.53089703599795,176.39492797851562,20379500,15.350000381469727,56.328209132161525,0.13537052813921946,-0.8309463673685655,0.966316895507785,0.21196513937710282,0.08176723403648473,2.5323065923479215,5.722581959768313,0.5662936159943247,0.9157344300907158,0.38245340857128163
2019-06-18,178.47814817764325,180.21579008017906,178.0173258966622,178.95816040039062,48177300,15.149999618530273,61.16449623237259,0.5286919430413093,-0.5590187052865906,1.0877106483278998,0.2162268140330714,0.08899116063669726,2.624346271584744,7.2561597795257375,1.3211579619516445,0.9118701872336111,3.589900582612504
2019-06-19,179.19821032951373,180.03342711370294,178.15178694376633,179.63021850585938,31672900,14.329999923706055,62.34202507494233,0.8844362401325725,-0.270327716202758,1.1547639563353305,0.2088993496205819,0.09582160506307105,2.571295835752735,7.65305565185278,0.8684902102941354,0.9118271283846135,2.9038344775886404
2019-06-20,182.13584527095927,182.17423980463042,179.6781849492958,181.30062866210938,40922000,14.75,65.16892521958334,1.2863263287780455,0.041003092793402696,1.245323235984643,0.21034578556990044,0.10532387476956316,2.569347654539757,8.643498838568453,1.0971519146000672,0.9138487621739338,4.325483566063482
2019-06-21,181.08945948836535,182.18388703406123,180.64784169152023,181.0318603515625,39980400,15.399999618530273,64.33212644432993,1.5650982842398093,0.34582213108268406,1.2192761531571252,0.20967902068790917,0.11218332520765384,2.4955403465398462,8.470212607716379,1.0796804577496881,0.9131524061673573,5.789630995020145
2019-06-24,181.39360266579465,181.57641297495041,180.94139232668323,181.03761291503906,19375200,15.260000228881836,64.34267996142324,1.7661323765257748,0.6298841801713022,1.1362481963544726,0.20968430015454417,0.11742593105293925,2.3626460823775135,8.453977847584369,0.5278851246640642,0.9133698520916756,5.846421676868019
2019-06-25,180.91248618644403,181.01832293605804,177.660424863029,177.92982482910156,33921100,16.280000686645508,54.89310159688193,1.6555961356889668,0.8350265712748351,0.8205695644141316,0.18908755880674277,0.1173368675046125,2.435113365922696,6.577788955949949,0.9128070179451448,0.9155034715246437,4.422112955753876
2019-06-26,179.1132980923721,180.23900837749972,178.46866133154853,178.75729370117188,22595700,16.209999084472656,56.71585162425787,1.616135388239087,0.9912483346676856,0.6248870535714014,0.18715613497650577,0.11564063472931856,2.4261183789566574,7.054166340224108,0.6244985441716426,0.9107858334525747,5.777863415081641
2019-06-27,179.40198077521868,179.86380733954084,178.94977039806096,179.44046020507812,19709200,15.819999694824219,58.21706582856227,1.6212989637595854,1.1172584604860656,0.5040405032735198,0.1832660581698874,0.11440726888608634,2.3318608974861084,7.443642007561987,0.5528547509429909,0.9116326843857285,5.737607707317172
2019-06-28,179.87342942423956,180.0658559422494,179.0267498087557,179.67138671875,21179200,15.079999923706055,58.7380155579676,1.6252896469388247,1.2188646977766175,0.40642494916220717,0.1811509986140206,0.10744649080200926,2.239521271486651,7.565792909579633,0.6150214946225693,0.9102960575633744,7.590055360486425
2019-07-01,183.11585082554453,183.3563876106677,181.24928302399667,182.09596252441406,31025600,14.0600004196167,63.83622108156361,1.8033078858138367,1.3357533353840614,0.46755455042977534,0.18203682542469093,0.08910424060109519,2.342769815803154,8.991416470936905,0.963657086345577,0.9133764187055267,11.49684784102547
2019-07-02,182.03825950032348,182.83684349157275,181.51870643724195,182.81759643554688,18035800,12.930000305175781,65.21387194657794,1.9797965856973008,1.4645619854467093,0.5152346002505914,0.17383351451257276,0.08066884738285561,2.269581761412272,9.401054702669958,0.5873402288066613,0.9132670491368593,8.873217960454237
2019-07-03,183.2794292635616,184.19346618652344,183.08698807455787,184.19346618652344,15792100,12.569999694824219,67.7374089612268,2.2052654151916045,1.6127026713956885,0.592562743795916,0.17279512718503579,0.07425233181451002,2.2057451892382924,10.19571849915923,0.5303534945530133,0.9135599963316638,8.883295479350494
2019-07-05,182.93307877087886,184.15499532434123,182.2210844528053,183.81825256347656,21415600,13.279999732971191,66.32434278206384,2.3268519821570237,1.7555325335479557,0.571319448609068,0.17216966525768423,0.06706617531226677,2.1890763709868537,9.935560398163888,0.7296210522908829,0.9143311652788997,7.805001369183873
2019-07-08,182.62513656421655,182.68286304054885,181.77844242814396,182.5289306640625,17598800,13.960000038146973,61.571219064257086,2.2927433918529516,1.862974705208955,0.4297686866439967,0.16654525962830793,0.063527151909465,2.1784144970115498,9.137925037869508,0.6299414400870524,0.9149055518098516,5.020682871446458
2019-07-09,181.66298470656773,183.67386854575204,181.5090376529232,183.44296264648438,19193500,14.09000015258789,63.5647049728846,2.3128062397355222,1.9529410121142685,0.3598652276212537,0.1665318853192301,0.06353019722016806,2.177444239569927,9.654355920233854,0.7154383115007263,0.9142312257120628,4.33061528510954
2019-07-10,184.55904721714842,185.78096335409944,184.22228988987,185.27102661132812,28374500,13.029999732971191,67.2265002626387,2.447996693366264,2.0519521483646677,0.39604454500159614,0.16687797580546304,0.0656857278225382,2.1889125587160083,10.71704942956264,1.0836861024499567,0.9154616749344945,5.226657787659006
2019-07-11,185.55009873999984,186.02154148561797,184.54945740168887,185.13636779785156,23736100,12.930000305175781,66.69476969493869,2.5152757281173876,2.1446168643152115,0.37065886380217616,0.16394345933169416,0.06398250700467754,2.137710524802658,10.603833258647704,0.9135516518603876,0.9145138801133985,5.7614927863010035
2019-07-12,185.3384190990392,186.21396188985443,185.1652249695014,186.204345703125,20211900,12.390000343322754,68.80235473812412,2.624517930373088,2.240597077526787,0.38392085284630095,0.16409788403791772,0.06437645313846246,2.061987922459816,11.207020158488245,0.7831937234144579,0.915361784789367,5.745226811173998
2019-07-15,186.63735527694314,186.83941269796517,186.1178021219225,186.80091857910156,15606100,12.680000305175781,69.94643015002721,2.7277873731826787,2.3380351366579655,0.38975223652471325,0.15378880826949876,0.062123706265566916,1.9662466834300203,11.527188806994012,0.6133237702703367,0.9184313121087058,6.5371131593798815
2019-07-16,186.56995582347707,186.74313526205606,185.27105130933336,185.83871459960938,20190900,12.859999656677246,65.75783241150893,2.7008535721972464,2.4105988237658216,0.29025474843142485,0.13592697737072962,0.05840287010301673,1.935076725311319,10.920399234807432,0.7938017813155882,0.9188919791497201,5.353774470343042
2019-07-17,185.8387348240838,186.16587604566897,184.9054508203064,184.92469787597656,16765100,13.970000267028809,61.962056217750536,2.576059618289861,2.4436909826706295,0.1323686356192315,0.11824140893844733,0.057058948503593346,1.8868873324578357,10.350632661898715,0.7024948790251533,0.9180935823841165,3.334040460762866
2019-07-18,184.04913673253338,185.49235757412674,183.471857204617,185.13636779785156,28877000,13.529999732971191,62.50188034347385,2.4658151226055622,2.448115810657616,0.01769931194794605,0.11771077308393893,0.056162736957304234,1.8964311208186857,10.451879628919926,1.217140022313742,0.9154045888112639,3.0652689384846443
2019-07-19,186.40644287434,186.49303261699643,183.58734335337857,183.77976989746094,29387900,14.449999809265137,56.925892940468884,2.2431221368091485,2.4071170758879226,-0.16399493907877405,0.1204688376018674,0.05571085448438583,1.9685209881614838,9.623290406092435,1.2695333213671591,0.9159976721156257,1.3674200986759644
2019-07-22,184.19343546955966,185.63665605920056,184.19343546955966,185.24217224121094,18954900,13.529999732971191,60.9683551742995,2.159743806278499,2.357642421966038,-0.19789861568753908,0.11083254312178062,0.05571688861397413,1.9605470719884937,10.470070730689045,0.8577921928053687,0.9166438041132907,2.3257297811954514
2019-07-23,186.25242511721143,186.4737148249062,185.01124721845662,186.4544677734375,23786700,12.609999656677246,63.98573868773418,2.1665137743163996,2.3194166924361106,-0.15290291811971102,0.10797721982173603,0.05656903579033793,1.9249699673071436,11.163957681173455,1.065813360002527,0.9185312266956781,2.9921157107504426
2019-07-24,185.74248529460817,187.77261609566682,185.72323824345736,187.7629852294922,20422900,12.069999694824219,66.95516747462437,2.251511423554831,2.305835638659855,-0.05432421510502383,0.1089360526584447,0.05269557022996104,1.9338562448001662,11.899094548279571,0.9436272046703376,0.9189353389711125,5.526426168201537
2019-07-25,187.1280356510911,187.15689889590166,185.62707351492813,185.9830780029297,23434700,12.739999771118164,59.73970746974303,2.15045987228018,2.2747604853839203,-0.12430061310374008,0.11177242382751192,0.04649194425734908,1.94828877835473,10.792646274652656,1.0806908485964328,0.9238462823349901,4.042231873255564
2019-07-26,187.16649374972368,188.14788800502745,187.0702731571876,187.89772033691406,20431200,12.15999984741211,64.20799328909862,2.199516764764269,2.25971174125999,-0.06019497649572125,0.11379019784107933,0.04250759470547057,1.9637545800506613,11.877217776516854,0.9406185941961763,0.9281653794431802,4.713128868578664
2019-07-29,187.72453968587712,187.7918823552603,186.0696453370197,187.25308227539062,20451700,12.829999923706055,61.72410647845242,2.1614618150531726,2.2400617560186267,-0.07859994096545408,0.11340994529649791,0.03572947453525229,1.954063181468069,11.441606798905532,0.9431418076842375,0.9281481519600785,4.219756798843366
2019-07-30,185.81946502442315,187.17608121129996,185.6847650242652,186.44485473632812,18705000,13.9399995803833,58.660112017135106,2.042540648316674,2.200557534478236,-0.1580168861615623,0.11435087139527882,0.03282749488057941,1.9265099007293085,10.886855672043232,0.887813250227115,0.926598092298723,2.3882419750690387
2019-07-31,186.94518555064295,187.07025469115266,182.15369707558511,183.86631774902344,41627500,16.1200008392334,50.113192080188746,1.7203967192843947,2.1045253714394683,-0.3841286521550735,0.1165929749699055,0.0312713332068856,2.140084737503468,9.282424979150889,1.8710498217721385,0.9282790608142317,0.573643529902923
2019-08-01,184.18383301860047,187.59945854394795,182.06711209680242,182.95228576660156,63251600,17.8700008392334,47.472708515647795,1.3754848592592168,1.9587172690034182,-0.5832324097442014,0.1174941045244596,0.03289884167419135,2.382389145335044,8.686251858496187,2.568991413084182,0.9210755784985164,-0.6738460628483933
2019-08-02,181.57637639002058,181.83616018127833,179.1613927933581,180.25823974609375,55214000,17.610000610351562,40.670643926543484,0.8746700743071472,1.741907830064164,-0.8672377557570168,0.12262416083630605,0.04022049468607671,2.482996561614218,7.035876280909944,2.0985059537609603,0.9220624089832521,-1.9367025677460736
2019-08-05,176.48663393227497,176.56360746133254,172.41675584630238,173.8888397216797,75040000,24.59000015258789,29.799340970192688,-0.0357742186918415,1.386371420312963,-1.4221456390048044,0.1594963213857706,0.06597981143070998,2.8657456571983,3.2398416556826097,2.5713459406041017,0.9332847386114048,-4.733546025251512
2019-08-06,175.49564242499386,176.84265730617318,174.21599957561506,176.32308959960938,41897200,20.170000076293945,36.75701712364695,-0.5544924156089621,0.9981986531285779,-1.55269106873754,0.1655264521930875,0.0770314006900415,2.8720365091479567,4.66360186248843,1.3819092038170289,0.9356373742845531,-3.881246216348899
2019-08-07,174.408394971429,177.5257419300085,173.0806273816942,177.2755889892578,49990600,19.489999771118164,39.292437910298034,-0.8785937021605719,0.6228401820707481,-1.50143388423132,0.15896013824969787,0.08399367783945193,2.9843992262312677,5.192174331097519,1.5921004231006253,0.9230452196104008,-4.3155358764452645
2019-08-08,178.07418364836283,181.19154547840034,177.5834939219122,181.13380432128906,38418100,16.90999984741211,48.3287834189219,-0.8147288864801396,0.33532636836057056,-1.1500552548407101,0.1706855022856352,0.08491105511520751,3.0509390307249293,7.431193647877667,1.195587125485284,0.9261312023052956,-2.1619541985034796
2019-08-09,180.2679259131962,180.88369962253543,178.02612085293848,179.4308624267578,33608900,17.969999313354492,45.13530169075449,-0.8912549069611941,0.09001011329621761,-0.9812650202574118,0.17273729965773021,0.08653956334760786,3.054992204841048,6.3793666217442935,1.0245647515021445,0.9288041159448481,-3.6376612214875426
2019-08-12,178.32429639567903,178.86309629096698,176.55394968796253,177.3717803955078,24642900,21.09000015258789,41.55939413579584,-1.1053116957915279,-0.14905424852133148,-0.9562574472701963,0.1758787325818876,0.08959992501746668,3.0422722429806366,5.1218124538024785,0.7410297537749279,0.9282879763906474,-5.047693691934896
2019-08-13,177.21789581317793,182.50007456595978,177.05433255027953,181.2589111328125,40241900,17.520000457763672,49.66652253955495,-0.9503393581865112,-0.30931127045436746,-0.6410280877321437,0.1831881384474794,0.08884899403838664,3.2139486553163232,7.3515516554214635,1.1746890971872137,0.9315095038085258,-2.4643968705143515
2019-08-14,178.3435835223508,178.91124677665593,175.51486875520393,175.8419952392578,51000500,22.100000381469727,41.10820357049572,-1.2502108531876672,-0.49749118700102746,-0.7527196661866398,0.20198540932157313,0.09413533973641473,3.394669635480055,4.105169832141306,1.4178912771627774,0.9396726072447805,-4.911568190210181
2019-08-15,176.07293216245915,176.64059546944011,174.30258489261988,175.6399688720703,36685000,21.18000030517578,40.825651506169955,-1.48702155402475,-0.695397260405772,-0.791624293618978,0.2002800531650325,0.09832266001302056,3.3191939884329256,3.9351401707805036,1.0089478284450404,0.9376168271654851,-5.129407603021718
2019-08-16,177.23715943518073,178.91128633027716,177.13132264562387,178.45907592773438,32781400,18.469999313354492,46.365552400679434,-1.4307248558922652,-0.8424627795030707,-0.5882620763891945,0.206623814659649,0.09918628252050501,3.31577423627392,5.533140448196235,0.8973993093495953,0.9392204202944306,-2.8951467142957155
2019-08-19,181.03763985655928,181.6822767871149,180.40261911379008,181.2974090576172,22494100,16.8799991607666,51.30821212981528,-1.1438934625967647,-0.9027489161218096,-0.2411445464749551,0.2113568103418513,0.09750800155595576,3.3091618522101056,7.139531227589956,0.6128131428137871,0.9389261228317415,-2.129516802716569
2019-08-20,180.84518538590186,181.49943840314035,179.84454412504238,179.8926544189453,19902900,17.5,48.906055460251665,-1.0181923881698935,-0.9258376105314264,-0.09235477763846711,0.2118901940181468,0.09435108933242388,3.1909998826306674,6.254052345970754,0.5451041510753762,0.940128733426242,-3.5192577752899523
2019-08-21,181.47062110538852,182.06714779344446,180.84523116992366,181.4898681640625,20418500,15.800000190734863,51.676322723690085,-0.780692246052098,-0.8968085376355608,0.11611629158346282,0.2114438979350438,0.08816847547604174,3.1183922749069874,7.143410433166205,0.5592288647929298,0.943499814645409,-3.340976421823716
2019-08-22,181.82656135277057,182.28840254775835,179.4789199957832,180.9029083251953,24243700,16.68000030517578,50.590763546769416,-0.6325428654870677,-0.8439554032058623,0.21141253771879454,0.2115817044948974,0.08413447464255185,3.0963272946975704,6.736868858968757,0.663259953160311,0.942482072290088,-2.7315225300520884
2019-08-23,179.6714032892795,181.31666705338395,174.68747233031894,175.1781768798828,55372400,19.8700008392334,41.445940346352764,-0.9659366813030772,-0.8683516588253053,-0.0975850224777719,0.2287557779423571,0.0789935422958562,3.3486749681523875,3.3173001700067326,1.445777407188808,0.9489927656806116,-6.769397432935431
2019-08-26,177.1697679765105,177.87213125499767,176.14989439046616,177.82403564453125,27598900,19.31999969482422,46.27922702707095,-1.0050691804883627,-0.8956951631579169,-0.10937401733044583,0.2336253286457318,0.06986693560479054,3.3019092115068496,4.830945815671808,0.7139476658089899,0.9483748160896106,-5.0354560343055965
2019-08-27,179.06520634718257,179.36346961414657,176.75605906387398,177.44879150390625,28012800,20.309999465942383,45.70304117580695,-1.0542087716322328,-0.9273978848527801,-0.12681088677945274,0.2333824483285715,0.06025535691411595,3.2523021642758314,4.57991080162073,0.7160343585455246,0.9666053236768911,-4.825053094194621
2019-08-28,176.87150122201032,178.3820645182801,175.98632766142686,178.08380126953125,21792400,19.350000381469727,46.90768680370341,-1.0300386264485724,-0.9479260331719386,-0.08211259327663378,0.23357915939274737,0.05472479731321983,3.19111892803136,4.918974398429865,0.571523134171982,0.9622172060911496,-3.1449569177674497
2019-08-29,180.29676481414572,181.32626937422063,179.61363383637993,180.80670166015625,25358900,17.8799991607666,51.84160393423593,-0.7821521439163917,-0.9147712553208291,0.1326191114044375,0.23833625971622935,0.051371058213685414,3.1947867263640757,6.4701446595422665,0.699830871469354,0.9635689358100412,-1.1727561082142013
2019-08-30,181.77844480819564,181.81693891372086,179.35384468329588,180.37371826171875,26319800,18.979999542236328,51.0295109043596,-0.6135656592560963,-0.8545301361078826,0.24096447685178635,0.23756804449104604,0.051472180624084936,3.1425229766541407,6.148177671071805,0.7565107630426163,0.9631052122835222,0.06406282219757475
2019-09-03,179.17106587883237,180.09471903699696,178.02610827799725,178.6226348876953,27964200,19.65999984741211,47.77034833141279,-0.6141775924585033,-0.8064596273780069,0.19228203491950357,0.23761105014027997,0.04564139905112653,3.0857434771589523,5.057239410184125,0.8621013091274216,0.9648136520889593,2.722311088849838
2019-09-04,180.34487669793342,181.3551342119927,179.82530897929658,181.20118713378906,21592100,17.329999923706055,52.57383330273098,-0.40196137698902135,-0.7255599773002098,0.3235986003111885,0.24089614669169399,0.045331007111387316,3.060511751954554,6.500705353443122,0.6871650436000255,0.9674633564254259,2.7665676374301063
2019-09-05,183.2024320244682,185.04975268655642,183.13507468079018,184.52056884765625,33932600,16.270000457763672,57.936826951937135,0.033679627997742045,-0.5737120562406195,0.6073916842383615,0.24626621847906263,0.05170909565014153,3.1168013091554685,8.37553934984321,1.1082167666587195,0.9682202339685976,4.086845740976464
2019-09-06,184.8285035949322,184.89584627221413,183.93369896496554,184.33779907226562,19487800,15.0,57.55092812761726,0.36003006716705954,-0.3869636315590837,0.7469936987261432,0.24479014267162388,0.05654004644152007,2.9628974518764055,8.191037155131337,0.6567611146787514,0.9687105241994598,1.7688552189261353
2019-09-09,184.9150738415937,184.99204737980597,183.01964267157013,183.9529266357422,24407600,15.270000457763672,56.69456629872391,0.5809127517261459,-0.19338835490203782,0.7743011066281837,0.2428083511302944,0.060453132582765155,2.8921479701877937,7.8730385662108135,0.8355184694781552,0.9682277132795197,2.5202265361847997
2019-09-10,182.9618948193428,183.5199418953042,181.75921095249478,183.42372131347656,23744700,15.199999809265137,55.47227967129668,0.7051330885449545,-0.013684066212639345,0.7188171547575939,0.2427574010530515,0.06162812980415135,2.842259949692052,7.463956978271839,0.814077670402203,0.9683059689359489,3.4120088914223023
2019-09-11,183.77011736969328,185.24220142857743,183.3467702477028,185.14598083496094,25063600,14.609999656677246,58.60042271461959,0.9318092334809762,0.17541459372608378,0.7563946397548924,0.24416772789827446,0.06617482860176856,2.7746293233479498,8.371704908804665,0.8822510150501457,0.9702979310392758,2.1444847471804085
2019-09-12,186.2813158162432,187.33968358507133,185.66554220925252,185.9156951904297,28689900,14.220000267028809,59.954445974082745,1.160187310052521,0.3723691369913713,0.7878181730611498,0.2409339193397156,0.06748700653577439,2.7331345681166956,8.714754780677957,1.0511752667746668,0.9699659000810488,5.728836241573121
2019-09-13,185.64626908960588,186.07923232290034,185.01124851746795,185.2517852783203,27669800,13.739999771118164,58.186706565000115,1.272933020245972,0.5524819136422915,0.7204511066036806,0.24069261359755867,0.06547276508399079,2.6141952279249594,8.232854246258299,1.030824175404551,0.9696163164359448,5.472453945406297
2019-09-16,184.05874101332034,184.80921456804614,183.8759307174667,184.42434692382812,20319000,14.670000076293945,55.97169259905061,1.2807537162472045,0.6981362741632742,0.5826174420839303,0.23684884287655836,0.0655557239472608,2.525742323134149,7.660579432500554,0.7749639244548431,0.9695889398339858,3.342654872038753
2019-09-17,184.44362895966643,185.3095703125,184.04914505497118,185.3095703125,20953400,14.4399995803833,57.82157845109511,1.3429016690055278,0.8270893531317249,0.5158123158738028,0.21065252347896476,0.06795806311948117,2.4353625327337687,8.10127182000179,0.8015147892778931,0.9694296370212775,2.2130273541900003
2019-09-18,184.92468032619547,185.3095479970644,182.9137962949568,185.23257446289062,29781300,13.949999809265137,57.594907355441265,1.3701472432034052,0.9357009311460611,0.4344463120573441,0.20776442414407542,0.06922066063679043,2.432534781648729,7.979012332555166,1.1180774112794745,0.969513565877121,2.9683924900620884
2019-09-19,185.5596675826068,186.69499397467843,185.18443084678,185.54042053222656,26039400,14.050000190734863,58.298798895099864,1.400436798397152,1.0286481045962794,0.37178869380087254,0.20747221737166083,0.0711502352243955,2.366679663523707,8.083806711690704,0.9673883423675146,0.9701541754439912,2.2318338809428573
2019-09-20,185.80025554657436,185.9926820598284,182.96192410277223,183.57769775390625,29086100,15.319999694824219,52.33417400771829,1.251638059627112,1.073246095602446,0.17839196402466584,0.20124389506970572,0.0710967417341128,2.4141138273474554,6.881587898650668,1.0709430109389644,0.9711846114625665,1.4785773503998456
2019-09-23,183.52371972803212,184.20822841022897,182.906704240349,183.65869140625,22485900,14.90999984741211,52.549917253062006,1.1272552016936572,1.0840479168206885,0.043207284872968765,0.19903486301079354,0.06140613904036847,2.334643137528349,6.850031340344725,0.8812812536620601,0.9710987250011525,4.841079338428189
2019-09-24,184.49740427273332,184.9023192225522,180.42895419637355,181.21951293945312,40820700,17.049999237060547,45.82334043014797,0.8223796922669351,1.0317142719099377,-0.20933457964300262,0.20007270735981783,0.05681982961629386,2.487408986717656,5.364293621460519,1.5594645497228388,0.9721524722886338,1.9094591361706659
2019-09-25,181.03633439704151,183.73578211291107,179.52272479854594,183.2537384033203,34704900,15.960000038146973,51.409503381926534,0.736419661289375,0.9726553497858252,-0.23623568849645027,0.19252220064699518,0.04971976012136932,2.6106695815496184,6.457132369950136,1.3090900449459946,0.9712884803104126,3.271336395258717
2019-09-26,183.01272435442758,183.17661745738206,181.22915666854598,182.57888793945312,26826000,16.06999969482422,49.58297224070607,0.6068455867814464,0.8994933971849496,-0.2926478104035032,0.17036490370055735,0.042781664239922974,2.568806163922812,5.982721478677832,1.0023770302983086,0.9712738859510861,2.524141240178568
2019-09-27,182.9163114230742,183.0127260543228,179.07924741445802,180.3132781982422,40773500,17.219999313354492,43.93887092217894,0.3176794170073265,0.783130601149425,-0.4654511841420985,0.17484387741885285,0.04356084196170824,2.6662827693472377,4.5948029297447,1.4808894671017065,0.9696616113496623,-0.2729010912667973
2019-09-30,181.04596936807465,182.31857181831282,180.6699758642873,182.0293426513672,26307700,16.239999771118164,48.70203514731653,0.22439847778110789,0.6713841764757617,-0.44698569869465377,0.1709169022869915,0.04147468586004863,2.6190692586846227,5.51582870702166,0.9555140450325815,0.968944705007869,0.9178856019623538
2019-10-01,182.69455794856435,183.74540965894155,180.24578248364426,180.54464721679688,32367600,18.559999465942383,45.129452830558414,0.030320630583645425,0.5431714672973385,-0.512850836713693,0.16650699640097213,0.036861958711687855,2.6819662527283845,4.586140952867092,1.1662873639590843,0.966757951106011,1.0760183502555476
2019-10-02,179.32024446229497,179.34916590550512,176.44726832058046,177.44027709960938,48544300,20.559999465942383,38.731762699785186,-0.36972225768664657,0.36059272230054146,-0.730314979987188,0.17243007018412512,0.045884583578832974,2.7830671558346722,2.7178599415992704,1.668172379038147,0.9677643853351876,-2.075543816058356
2019-10-03,177.42100973939753,179.52272800031662,175.29038474305855,179.38775634765625,39392500,19.1200008392334,44.08678885146933,-0.5235783440065234,0.1837585090391285,-0.7073368530456519,0.17351418264110374,0.04929426137900535,2.886586877364915,3.758269077220179,1.3410995739836384,0.9688994689364863,-2.7817020790987024
2019-10-04,180.3614755408034,182.2896503726989,180.16866099977514,182.0293426513672,31887600,17.040000915527344,50.4172257218646,-0.42742932365905517,0.06152094249949176,-0.4889502661585469,0.1786343306996553,0.04919735832286178,2.8876802450561816,5.192920302783862,1.0631583246577774,0.9703281926588142,-1.25229683359378
2019-10-07,181.5087340664329,182.92594368342426,181.16166202327574,181.4798126220703,21216000,17.860000610351562,49.17004003529052,-0.39106505850270423,-0.028996257700947436,-0.3620688008017568,0.15138189720192388,0.04951015651398907,2.8074374889913494,4.772969622654025,0.7111422168792703,0.9700066928207912,-1.344427652716318
2019-10-08,180.34219596856116,181.11346887040307,178.61648590653115,178.76109313964844,32379300,20.280000686645508,43.44417180580638,-0.574995862935225,-0.13819617874780296,-0.436799684187422,0.1525168978651726,0.05322527172784745,2.811429576601907,3.1044498445845914,1.0698445503408593,0.9705946438689739,-2.5419984615073665
2019-10-09,180.27465572796842,181.32550715737898,179.73475458410422,180.5060272216797,20147400,18.639999389648438,47.657224080645946,-0.5733515138478253,-0.22522724576780745,-0.3481242680800179,0.15480475940961264,0.05268824370668833,2.793785608111095,3.992431049500209,0.6711411855215331,0.9709040902712174,-2.5061055024560908
2019-10-10,180.55429045719754,182.62707252147186,180.40003293973163,181.9040069580078,25177700,17.56999969482422,50.818263244644875,-0.45400953472642414,-0.27098370355953083,-0.1830258311668933,0.1559642905504748,0.04975247533596098,2.7533037490846044,4.663994631406857,0.8436434721144163,0.9715444538287685,-2.157799656620052
2019-10-11,183.97680657359984,185.71216689486798,183.8707563675555,184.2467498779297,40976700,15.579999923706055,55.65172511937708,-0.16844861120759447,-0.25047668508914356,0.08202807388154909,0.15415779654193734,0.04850778479255709,2.8286506196400016,5.895746552031429,1.3430866275420486,0.9725423718571281,-0.5425240026057931
2019-10-14,183.98642567314366,184.8155413795554,183.8032467235821,184.22744750976562,14975000,14.569999694824219,55.60323813606454,0.05566130931634916,-0.18924908620804504,0.2449103955243942,0.1539043396904508,0.04829868183541855,2.6989109079495237,5.770478040750248,0.4951698209287369,0.972349590810044,-0.10676432767514621
2019-10-15,184.79627361694568,187.00404209473527,184.68058783149186,186.57020568847656,23234200,13.539999961853027,60.14224573497805,0.41749838028709974,-0.0678995929090161,0.48539797319611583,0.1543849820504991,0.05058370060701984,2.7044597420223897,6.99272527671185,0.7653859064658641,0.9739861799258498,0.6802861686261874
2019-10-16,185.93387796274735,186.5798146908698,185.51931277257634,186.10740661621094,20457100,13.680000305175781,58.861997139641986,0.6593127021457121,0.07754286610192956,0.5817698360437826,0.1497825421545169,0.05197792930306815,2.587034183184609,6.610295700393724,0.6844133050607595,0.9740359208349662,0.4722885031733792
2019-10-17,187.22581795584316,187.51504719187437,185.88573671601486,186.5991668701172,19045200,13.789999961853027,59.84025037254787,0.8804835705557252,0.23813100699268872,0.6423525635630365,0.1405798679201801,0.05378185415158937,2.518625346947102,6.775230212041607,0.6447199026955407,0.974022818114225,0.5706284026163022
2019-10-18,186.26167481934613,186.71479705494716,183.86110671031685,184.805908203125,27700800,14.25,54.72929445914862,0.9006796157259487,0.37064072873934073,0.530038886986608,0.1435159462610391,0.05476499236641031,2.542558561067331,5.624480566597856,0.9399340131088166,0.973753923200001,0.6690412093876663
2019-10-21,185.7892975951286,186.57020607015318,185.23976069148497,186.4448699951172,15801200,14.0,58.23989107445291,1.0369819636879924,0.5039089757290711,0.5330729879589213,0.14554725061199789,0.057813502247551544,2.4869685114931057,6.449475678887508,0.5423113131620286,0.9739835477405611,1.5170415119120095
2019-10-22,187.17757926544374,187.43788700533227,184.90233221317703,184.96018981933594,22392300,14.460000038146973,54.14387401287483,1.0135180688530454,0.605830794353866,0.4076872744991794,0.14730533698629572,0.058485197997388036,2.4904389601118297,5.50101703892876,0.7936212026432421,0.973291539568143,2.064168929276722
2019-10-23,184.58416295353223,185.35542103334032,184.28528353018095,185.31686401367188,14828400,14.010000228881836,54.96333982981986,1.0120372542843654,0.6870720863399659,0.32496516794439956,0.14488066714837983,0.059726114855873966,2.3889888560437975,5.606721575137167,0.5447306864696229,0.9732541048623368,1.125830025803265
2019-10-24,186.63766153815504,187.23540568243246,185.8181961391697,187.1197052001953,18998500,13.710000038146973,58.955926919117246,1.1431602747946954,0.7782897240309118,0.3648705507637836,0.14712837943972937,0.06305073737841072,2.3553854855235676,6.5339086840644605,0.7081026382632971,0.969525778730025,2.4870439906765185
2019-10-25,186.155618561831,188.71045880653838,186.11706154148,188.61404418945312,21507100,12.649999618530273,61.96574004659256,1.352071047559349,0.8930459887365992,0.4590250588227497,0.14832358074121038,0.06661426352406472,2.3723863269189107,7.2806642128757995,0.8314548013807644,0.9705256964630552,4.603524529172387
2019-10-28,189.4913734782492,190.72540412171642,189.4913734782492,190.47474670410156,18818700,13.109999656677246,65.370937600965,1.6487714712920933,1.044191085247698,0.6045803860443952,0.1498426255296243,0.07382870316797559,2.3537415844435094,8.226694593085337,0.7382088294619804,0.971472075839442,4.639583887807297
2019-10-29,190.1566268703592,190.445841356389,188.97078863440484,188.9997100830078,18569700,13.199999809265137,60.72925105448874,1.7447729107528005,1.1843074503487188,0.5604654604040817,0.1515659853605499,0.07548535463093231,2.2930427619615963,7.277727769351502,0.7487032045377711,0.9630692908277654,4.6830869796201435
2019-10-30,189.3660514819034,190.2337389965174,188.27662797712657,189.91558837890625,21764300,12.329999923706055,62.509309188960984,1.8731657782566344,1.322079115930302,0.5510866623263324,0.15199551401898193,0.07151682654738314,2.2690476374922555,7.692723934838868,0.9275817296535447,0.962636535091301,7.03070998491151
2019-10-31,190.46510769451794,190.55187203142964,188.90329078688106,190.00234985351562,26801800,13.220000267028809,62.68187654291369,1.959333005434928,1.4495298938312273,0.5098031116037007,0.1519815604751249,0.06958135515042567,2.22472860942485,7.636862732419616,1.1737697595028456,0.9631880225019029,5.917122618607329
2019-11-01,190.82182853197395,191.7377234098682,190.53261405559422,191.7280731201172,22131900,12.300000190734863,66.03111031470709,2.142178894087749,1.5880596938825318,0.5541192002052173,0.1498163917565603,0.07312225791839955,2.1897746770625455,8.507149751805985,0.9904115538393277,0.961183106978356,5.328113768627696
2019-11-04,193.00065898873984,193.32844517419562,191.72805655936156,192.9138946533203,19015900,12.829999923706055,68.14661557214319,2.3556173748081335,1.7415712300676522,0.6140461447404812,0.1503900293554883,0.07632311919397572,2.1476756726176536,9.071596705834265,0.85517913164863,0.9607360329672234,6.3004704854205285
2019-11-05,193.15489961430202,193.34771413531047,192.3836268194633,193.01992797851562,15048900,13.100000381469727,68.33650437142882,2.5044551121424377,1.8941480064826095,0.6103071056598282,0.1436208853522662,0.0717296750186943,2.0631336471340473,9.01494416731346,0.7042186953079228,0.9600987458407046,7.976475522964144
2019-11-06,192.79823631552802,192.81752218677335,191.6509697047872,192.5861358642578,19725500,12.619999885559082,66.58761954395425,2.55792057686935,2.0269025205599576,0.5310180563093923,0.14151143429304833,0.06764120639376354,2.0135496918907885,8.65579850758771,0.9239739757440144,0.9581155920821803,6.692357495488244
2019-11-07,193.55017574493246,194.4757060959456,192.67286741554565,193.23202514648438,17832400,12.729999542236328,67.90469619286526,2.6221833130367997,2.145958679055326,0.47622463398147374,0.14065452351756447,0.06534946766781094,2.0046940161620035,8.907021865489272,0.8499195473298102,0.9530598996674305,6.2274703993143055
2019-11-08,192.88498090862473,194.02259702502516,192.37400103220656,194.00331115722656,15258800,12.069999694824219,69.45319706742141,2.7041762688621134,2.2576021970166837,0.44657407184542963,0.13400018688335502,0.06679486596646463,1.979258443066046,9.231699867072857,0.7747398692637895,0.9545757547101811,5.295377685501079
2019-11-11,193.01996112235403,193.82014078639924,192.75965338335195,193.74302673339844,10147600,12.6899995803833,68.25637228099797,2.7168355107689877,2.3494488597671443,0.3673866510018433,0.13273235532812722,0.06619633136776516,1.926715538123801,8.970299808573778,0.5216198301481725,0.9530218656312692,5.165125692320305
2019-11-12,193.90690514260686,194.94812130888786,193.60804039975707,194.3021697998047,14778300,12.680000305175781,69.4733346427478,2.740396637095756,2.4276384152328667,0.3127582218628895,0.12911620986510872,0.06832441674279437,1.8848130646243002,9.163609449026614,0.7765293029033347,0.9512596893753178,4.1442652018288895
2019-11-13,193.6273067760644,194.53355127124058,193.50198541942513,194.35037231445312,15774600,13.0,69.5815997211372,2.731471832542013,2.488405098694696,0.24306673384731692,0.11515921776216595,0.06891690741262091,1.8238668351379543,9.081657738717192,0.8392041429806042,0.9507215732991035,4.429144357075887
2019-11-14,193.61767759248937,194.32145728740494,193.02958368007867,194.1961212158203,16945400,13.050000190734863,68.74142270061895,2.6810466492253227,2.5269334088008213,0.15411324042450136,0.1131680914941226,0.06890381939077117,1.7879326779405613,8.894079430550073,0.9065538632486817,0.9496301190260548,4.071269166486147
2019-11-15,195.37229845147183,195.6229705810547,194.74564754912615,195.6229705810547,18427900,12.050000190734863,72.0976524156699,2.7248092424377433,2.566508575528206,0.15830066690953704,0.10825294283298345,0.06663377353037603,1.7621410127472623,9.586149845001959,1.0109411327122533,0.9504225969119092,5.853201601130831
2019-11-18,195.314479613731,196.08575254214782,194.52393552743928,195.77725219726562,18365900,12.460000038146973,72.4421988574521,2.7403515826587466,2.6012771769543144,0.1390744057044322,0.10714554867187846,0.06585771490543077,1.7478321557444965,9.57031755769884,1.0005014519225819,0.9362652166658706,5.005437909014532
2019-11-19,196.5196201684657,196.5196201684657,195.31451062360784,196.06649780273438,16923300,12.859999656677246,73.11253728889058,2.7443732754885843,2.629896396661169,0.11447687882741553,0.09348933175177752,0.060681309336155516,1.7090662549668798,9.633498703512391,0.9358552627031266,0.9332258510862451,6.00470187354738
2019-11-20,195.55549674861606,196.143590687326,193.41522141172464,194.89027404785156,36629000,12.779999732971191,66.07391797566892,2.622419450102626,2.6284010073494604,-0.005981557246834246,0.09488210933964718,0.052352950841461895,1.7818736135836277,8.87995462970154,1.910419581422579,0.9346945390816356,5.165968075886185
2019-11-21,194.67812632363055,194.81311265753016,193.84902543232926,194.45639038085938,17883600,13.130000114440918,63.640065351225886,2.462374656776916,2.5951957372349517,-0.13282108045803565,0.09456271353466612,0.04591515564644579,1.728971828007819,8.536762786187651,0.935455574020284,0.9380728836863564,3.920851186044083
2019-11-22,194.9384947864841,195.05419529293675,193.53093523678288,194.581787109375,17189600,12.34000015258789,64.05219530320853,2.3189253451152467,2.539941658811011,-0.22101631369576413,0.08909613494233413,0.04146288556097201,1.7142781300182512,8.506660160204294,0.9094230108421723,0.9341344983130482,3.163997116740469
2019-11-25,195.42050836101353,196.92448231529124,195.39158691657016,196.88592529296875,17752800,11.869999885559082,70.63793645199296,2.363915678600165,2.5047364627688418,-0.14082078416867683,0.09345563816716396,0.042300111709248654,1.7591650640109648,9.682940043078144,0.9418750490758878,0.935437456671546,3.365894271972336
2019-11-26,197.01124445486545,197.51255925607205,196.7220153244434,197.26190185546875,14780600,11.539999961853027,71.5537238037181,2.402217737699715,2.4842327177550163,-0.08201498005530139,0.08801262744910363,0.03945924405728506,1.6899778402693717,9.78994071157418,0.792147234792181,0.9339967648806292,4.3715367440681385
2019-11-27,197.77290637020226,198.6502295134136,197.53188449860403,198.6405792236328,16963100,11.75,74.6731569514184,2.514830733740098,2.4903523209520326,0.024478412788065285,0.08822028931013491,0.039758855953007,1.6684313986747625,10.450414363227312,0.9209643710015476,0.9310430188725386,4.594141491597337
2019-11-29,198.13927474149116,198.43813952425933,197.6379451031787,197.73435974121094,9854600,12.619999885559082,69.294148182026,2.502110236498936,2.4927039040614134,0.009406332437522646,0.09034456476909039,0.036522622398232514,1.6208744502304298,9.843743323217868,0.560829093272424,0.9268655971036238,4.0694285589922385
2019-12-02,197.74398778743577,197.81146626284098,194.5335746459374,195.7097625732422,28007000,14.90999984741211,59.05860613886303,2.302123631397933,2.4545878495287177,-0.1524642181307847,0.09105920666890532,0.03366651297696495,1.7392328192785125,8.62569648172061,1.5676811506590451,0.9302487831717116,2.0767378445567974
2019-12-03,193.01994741190106,194.2539781235641,192.07513115546647,194.17684936523438,31104100,15.960000038146973,52.71009730022086,1.996920267430454,2.3630543331090648,-0.36613406567861073,0.09284623716256299,0.032462868408220824,1.8746184334568845,7.687957457801403,1.6840654803962176,0.9328511316612256,0.6546727565599486
2019-12-04,195.16986757466387,195.62298985730715,194.88063839477135,195.16021728515625,15300100,14.800000190734863,55.979207397766075,1.8134892007553276,2.2531413066383172,-0.43965210588298964,0.08906459219922536,0.03099199976954592,1.8440128662151622,8.143069277422008,0.8278284902076104,0.9331479804104144,1.1088436976719018
2019-12-05,195.85432241939642,195.85432241939642,194.5913704532734,195.5458221435547,14962300,14.520000457763672,57.22783660078765,1.679869360004517,2.1384869173115573,-0.45861755730704035,0.08906526433559939,0.02851238656451055,1.80250851620858,8.263498541944708,0.8201194361997474,0.9318446829535049,1.5368117055855945
2019-12-06,196.97273192525182,197.7825619651845,196.81847438122395,197.63795471191406,16555300,13.619999885559082,63.3087584767552,1.7229314063509378,2.0553758151194335,-0.3324444087684957,0.08985616510004728,0.028506020583951346,1.8335250380243822,9.325077335243268,0.9106227958500995,0.9335595645484411,2.2801238884132546
2019-12-09,197.28125022747508,198.2067660851029,196.65458446120545,196.74136352539062,13984100,15.859999656677246,59.4105780777859,1.6655119872546322,1.9774030495464732,-0.31189106229184094,0.08974302483847313,0.028013635720963378,1.8134290798724597,8.737511963508808,0.7719002498280569,0.9349003179549005,1.4113431115333253
2019-12-10,196.83774610247616,197.52225471063903,196.1339663358019,196.5774383544922,21799800,15.680000305175781,58.69893177486825,1.5884684174949086,1.8996161231361604,-0.3111477056412517,0.08628743155756097,0.026729624822041043,1.7830618866556516,8.556541730845407,1.1658226852993223,0.9344888452333131,1.4629747810196436
2019-12-11,197.0209075864162,197.82110191781365,196.71239254793716,197.61863708496094,18780800,14.989999771118164,61.82668821477913,1.5930630303132034,1.838305504571569,-0.24524247425836565,0.08292963364056027,0.026866098103239842,1.7445334349889237,9.03737917729193,0.9937354474621802,0.9344919384181098,1.7068606534725195
2019-12-12,197.41621651966167,199.87464277393764,197.14627317598053,199.09371948242188,32612000,13.9399995803833,65.78047261426015,1.6961786244234247,1.8098801285419401,-0.11370150411851543,0.08418513562242244,0.02902788761281252,1.8148074466295085,9.750957621834399,1.6519878740078107,0.9342773335870745,2.440616455467426
2019-12-13,198.98763030620484,200.4434116719332,198.56344421403855,199.749267578125,32519400,12.630000114440918,67.39664754495041,1.8099319593587495,1.809890494705302,4.146465344745387e-05,0.08425520392422102,0.031333337920176514,1.8194617331484473,10.013373299124371,1.5847842312034275,0.9338190064421991,2.8595557560767038
2019-12-16,201.06044872672337,202.00525034669923,200.99295554132127,201.7545928955078,21296600,12.140000343322754,71.78638069846846,2.0383979085225974,1.8555919774687613,0.18280593105383613,0.08502734182909814,0.03866790794208955,1.8506418071074315,11.012012863705468,1.0306535289790546,0.9362212915602827,3.1344081404348856
2019-12-17,202.0148464685617,202.17875425515044,201.5328028183247,201.8702392578125,15996100,12.289999961853027,72.02034523646299,2.203391192085263,1.9251518203920617,0.27823937169320145,0.08401297362859737,0.04426526819760277,1.7645924949444525,10.970005340107855,0.7785994545554549,0.9362485450057053,3.112203788828105
2019-12-18,202.0438220016063,202.58370864137152,201.8124357085036,202.0245361328125,15443300,12.579999923706055,72.34980266685045,2.319858145678978,2.004093085449445,0.3157650602295332,0.08399356376601123,0.048899025383055815,1.6936410976532703,10.94594382147085,0.7544095930233978,0.9350617276496022,3.038784492429003
2019-12-19,202.11128774732128,203.35495405625457,202.0920018797421,203.2874755859375,17865900,12.5,74.94982893008606,2.4854173603315246,2.100357940425861,0.3850594199056636,0.08427956981163676,0.05372895648329896,1.6676965852096133,11.520059305629191,0.9146729652111565,0.9362794782955282,4.308681682095727
2019-12-20,204.25154080785575,204.8878419715313,203.6827328179663,204.10693359375,27672600,12.510000228881836,76.49430589808179,2.6521750207500077,2.2107213564906902,0.4414536642593174,0.08440958161571102,0.057877515969543214,1.6628872852370544,11.846646275863334,1.382109334205041,0.9359382710218523,4.962831611750684
2019-12-23,204.82963321562,204.97455394581564,204.4721522526715,204.64605712890625,23774700,12.609999656677246,77.47813868368989,2.795608398289744,2.327698764850501,0.46790963343924297,0.08420104071666594,0.06133849956214596,1.6060825042962392,12.027874194180214,1.168217594389733,0.9396436467559683,5.172256956337895
2019-12-24,204.82966109316206,204.91661354311378,204.28860396986133,204.7523651123047,7089000,12.670000076293945,77.67655242664009,2.88460659990065,2.4390803318605307,0.4455262680401191,0.08377018148246014,0.06574245098377868,1.5362201520788261,11.974532769145359,0.35770385309972164,0.941396456271431,3.9954302511114426
2019-12-26,205.08086192916804,206.57844022971346,205.05187777919045,206.55911254882812,17067500,12.649999618530273,80.77626541056472,3.065589526584546,2.564382170805334,0.5012073557792118,0.08613814435608497,0.07228354420941416,1.5569240781738227,12.848635260598106,0.8562685454823211,0.9432391543049679,4.713130414899536
2019-12-27,207.28377691712566,207.30310460091397,205.83451022976723,206.38523864746094,18134100,13.430000305175781,79.63032941072416,3.1585794909534,2.683221634834948,0.4753578561184524,0.0863943770271201,0.07762184455895962,1.5506148133861737,12.639652081473077,0.9071147891059786,0.9358445398394357,3.89883046762014
2019-12-30,206.2789402688282,206.4045480882958,204.01808797462203,205.03257751464844,21815500,14.819999694824219,71.17129560813432,3.0875350764772236,2.764084323163403,0.32345075331382045,0.08957846976945139,0.07959845895472867,1.6103180491210016,11.797301842067323,1.0595701298896838,0.936321134318824,3.6909203756945397
2019-12-31,204.37556320307806,205.56395761996384,204.05672279997182,205.41903686523438,18170900,13.779999732971191,72.08372488037088,3.0275165794103884,2.8167707744128005,0.21074580499758788,0.0880390161641869,0.07916379368459192,1.6029549613260745,11.90398228549935,0.9041506020364524,0.931787592404337,4.96105772360671
2020-01-02,207.14847123824327,208.8489532470703,206.74267841596415,208.8489532470703,30969400,12.470000267028809,78.56730938627514,3.219603490180731,2.897337317566387,0.3222661726143441,0.09818351918660151,0.07974618708464357,1.7334522056482076,13.65805130963448,1.5414970381479378,0.9316934511974734,7.556052088495191
2020-01-03,206.08568681560092,208.18229045665748,206.06635913547728,206.9359130859375,27518900,14.020000457763672,68.94876339754302,3.1808011026861323,2.954030074590336,0.2267710280957962,0.10353497608205788,0.07690176113756463,1.8083909132156946,12.511753003736489,1.3293249107186418,0.9306317125717125,6.033860775823641
2020-01-06,205.31271014812833,208.29819495979945,205.06150931602426,208.2692108154297,21655300,13.850000381469727,71.56186552904092,3.2205118589654376,3.0073264314653567,0.21318542750008085,0.10163149100919858,0.07456742442452127,1.9104119653985154,13.135184351659184,1.0294370713907453,0.9302128329065297,6.5066021520697515
2020-01-07,208.34656028891726,208.82964914274453,207.58328638665898,208.2402801513672,22139300,13.789999961853027,71.42141548391601,3.2126154257665576,3.0483842303255972,0.16423119544096032,0.101013377603338,0.07384335703190137,1.8629798790190175,13.006460640838258,1.038659626952709,0.9268725072657658,5.364518902711546
2020-01-08,208.21130879728415,210.76201751256366,207.88281189473895,209.8054962158203,26397300,13.449999809265137,74.3540600382658,3.294678300330446,3.0976430443265675,0.1970352560038786,0.10199058794736361,0.07206013332090438,1.9355674317908527,13.736399591184462,1.2033823974558624,0.9237893525126085,6.640257267884442
2020-01-09,211.5349401213833,211.98904480289312,210.34654572258373,211.583251953125,23547000,12.539999961853027,77.21407235477561,3.4632416563084405,3.1707627667229423,0.29247888958549817,0.0997624723677152,0.07041283274319535,1.9532803714538491,14.57686302593259,1.0691867877990926,0.9253517449206028,7.633538072447821
2020-01-10,212.4141758763501,212.43348881584438,210.66538183379288,211.0421905517578,21898500,12.5600004196167,74.49128396723535,3.512678229044724,3.239145859187299,0.273532369857425,0.10079636920667197,0.06720450642582429,1.9400537007822531,14.15944262935489,0.9873455560657942,0.9217569754024528,6.7926556243912195
2020-01-13,211.91175607685756,213.50594338001287,211.57358798578744,213.47695922851562,22756900,12.319999694824219,78.21422590948019,3.7056066265818117,3.3324380126662017,0.37316861391561007,0.10347174368317671,0.06878608700767105,1.9774607813160245,15.344539879127769,1.049362250367857,0.9226979344471754,7.224356340062066
2020-01-14,213.37071871178722,213.72821455113754,212.30793189324106,212.6364288330078,24418100,12.390000343322754,74.18875978687404,3.7474813608899638,3.415446682310954,0.3320346785790096,0.10312041518575946,0.06744202477101552,1.937662343928914,14.765879303906388,1.1473945843178615,0.923453318241517,6.451668840208602
2020-01-15,212.7522812645494,213.7184587587051,212.02764814393262,212.72329711914062,25742100,12.420000076293945,74.33577123509762,3.7445125247159012,3.4812598507919437,0.26325267392395757,0.09611946156039487,0.06765952421051953,1.9200300775605978,14.695268822197308,1.1971054175994553,0.9206789761938456,5.436656517313443
2020-01-16,213.78611360008884,214.8006029902871,213.33200896583534,214.76194763183594,18805000,12.319999694824219,77.56523241862833,3.86214139739036,3.557436160111627,0.3047052372787329,0.09256633474784473,0.06957702893418304,1.9312640628167321,15.671793616276183,0.8688293996529765,0.9206984397081908,6.3861361741188505
2020-01-17,215.72814440437432,215.99867296682254,214.60737479268826,215.82476806640625,24325200,12.100000381469727,79.04562965256764,3.9950711596805775,3.6449631600254175,0.35010799965515993,0.09254869008847895,0.07133858343961277,1.8926950707679853,16.121050048777622,1.1012777886433274,0.920808193082504,6.830968256509884
2020-01-21,215.2257024501863,216.26917595740574,215.12909354227844,215.72811889648438,21146300,12.850000381469727,78.53810165388452,4.0459806275816845,3.725166653536671,0.32081397404501333,0.09313224936432665,0.07264279508846408,1.8389370239365075,15.946273474982473,0.9503023973381485,0.921561909442855,6.119729351101966
2020-01-22,216.819931446313,217.53489347683688,216.02765869143937,216.29818725585938,20736400,12.90999984741211,79.3791150875305,4.08523446013146,3.797180214855629,0.288054245275831,0.09045614805283189,0.07411946941987704,1.8366397065376507,16.13089077046906,0.9466354597069121,0.9334450335575027,5.972973797340253
2020-01-23,216.17262369224733,217.0904896427218,215.16779053635923,216.99386596679688,26496100,12.979999542236328,80.3890643885472,4.1249292465044505,3.862730021185393,0.2621992253190575,0.08756731176570651,0.0755797798414981,1.842786806525144,16.381728590004162,1.2021038552835024,0.9336349209494594,6.03373893986765
2020-01-24,218.00833517655823,218.24022313143973,214.17260853626604,215.1677703857422,37436500,14.5600004196167,70.61275561166781,3.963349967293709,3.8828540104070566,0.08049595688665256,0.09324027757753177,0.0732133845652388,2.001703077142898,15.284654309937467,1.589065494168531,0.9362752962314028,5.086830263340181
2020-01-27,210.30787885649607,211.86342540020442,209.83444651964558,210.7233428955078,42264400,18.229999542236328,53.545076109461206,3.4370489092347327,3.793692990172592,-0.35664408093785926,0.11545756512701616,0.07049226610303026,2.2396759906395913,12.804655443755605,1.702928361160514,0.9608954310375918,2.0159993404770704
2020-01-28,212.2112731812221,214.45281256125466,211.650888336214,213.96005249023438,26731900,16.280000686645508,60.94805601163945,3.243735182879135,3.683701428713901,-0.43996624583476596,0.12075127473856956,0.06779838852293706,2.346089824575824,14.426075331155547,1.058749908410582,0.9628010254179118,3.670230435284383
2020-01-29,215.14843116258936,215.38997557412057,213.36101136287888,214.307861328125,28924500,16.389999389648438,61.65519200964632,3.0830583509179803,3.563572813154717,-0.4805144622367368,0.12074460846911295,0.06196310056117925,2.323437995051957,14.502145653006277,1.129686767692548,0.9640398108757605,4.523809789599853
2020-01-30,212.92622105493228,215.1677453875597,212.2595561619651,215.07113647460938,39568100,15.489999771118164,63.22878864041852,2.9829254218825554,3.447443334900285,-0.4645179130177297,0.11861280061940858,0.05561622557620307,2.3652059400907177,14.797585905066288,1.4834036018783934,0.9648591935112394,4.698736668552916
2020-01-31,215.9696660679674,215.9986502149838,210.90689041041315,211.6605224609375,52015800,18.84000015258789,52.80154313440974,2.598408471583184,3.277636362236865,-0.679227890653681,0.1295761377086118,0.053357707673735204,2.5599597875535696,12.878860329658256,1.8760536070962535,0.9626233418898031,1.346221357662758
2020-02-03,212.6943534951571,215.35134211028102,212.54943274050362,214.8585968017578,25408600,17.969999313354492,59.53947901954497,2.522654301566945,3.126639950102881,-0.6039856485359363,0.13530403800009844,0.04755387686716986,2.640735491967138,14.476978998583967,0.9199126813203086,0.9595370357545946,3.8285687571930183
2020-02-04,217.79574599739905,220.15322162635042,217.0517851407579,219.7764129638672,30691200,16.049999237060547,67.2758295442707,2.826858969881272,3.0666837540585594,-0.2398247841772876,0.1477681562335869,0.04982328119162839,2.8302990157261,16.9729341403583,1.0932850202654132,0.9641281419521228,5.52515760893495
2020-02-05,222.4237515861173,222.46239220329505,219.17739426327978,220.5010528564453,38534800,15.149999618530273,68.23949588022869,3.0907870750069435,3.0715044182482365,0.019282656758706995,0.1477236369207313,0.05108807263210567,2.862777510318184,17.233530938703584,1.3337424397939446,0.9447149341800433,5.887800715676095
2020-02-06,221.0517766570458,222.46240250390235,220.26917512433326,222.40443420410156,22467100,14.960000038146973,70.68171619679099,3.4141823979240655,3.1400400141834024,0.27414238374066313,0.14874783244377612,0.05678894324335304,2.8149525009789635,18.120832322499314,0.7829424069264672,0.9428204160572691,6.005056214219051
2020-02-07,221.40928113244058,222.64598738591226,220.81024094459858,221.4479217529297,25884900,15.470000267028809,67.85783167655632,3.5523437528462694,3.2225007619159762,0.3298429909302931,0.15004606238407375,0.0604163817375861,2.7450092110028725,17.490137222989443,0.8983875815528056,0.9430863600425162,4.662311269320196
2020-02-10,220.71361601132057,224.13387827050425,220.65564771344123,224.1242218017578,21478900,15.039999961853027,71.31147103068407,3.8336012997392004,3.344720869480621,0.4888804302585794,0.15150110754342264,0.06655283583146147,2.7973821642928836,18.780054773629136,0.7460116895043144,0.9436754173539333,6.198775332931183
2020-02-11,225.36092257307084,226.10488344435487,223.57348813682606,224.16285705566406,30198000,15.180000305175781,71.35931408310172,4.013354027106658,3.478447501005829,0.534906526100829,0.15131952818354208,0.07275104256761146,2.77838310309545,18.671178585637282,1.0354654991419983,0.9427794459875172,5.0056445743682065
2020-02-12,225.48656845497447,226.4527462068697,224.92618358975093,226.34646606445312,24471300,13.739999771118164,73.99858169540354,4.2826407398237905,3.6392861487694215,0.643354591054369,0.14992820952482971,0.08010389534024315,2.7434906779604633,19.69106073603844,0.8390249655810608,0.9447540312274727,6.447642723633384
2020-02-13,224.77156158237344,226.9841018518355,224.5010330274008,226.05657958984375,22773200,14.149999618530273,73.03635617708726,4.421690488396024,3.795767016694742,0.6259234717012818,0.1504758495345752,0.08453994021892326,2.724889116994337,19.39857223505307,0.7847980781524238,0.945128114108902,6.26789949726827
2020-02-14,226.41404698028364,226.9164634418985,225.6507731909358,226.7039031982422,23438500,13.680000305175781,73.8539502504106,4.531881314432866,3.942989876242367,0.5888914381904988,0.1449656205726157,0.08987669305988208,2.6206606265635037,19.597314473620933,0.8013276085797456,0.94519584384897,5.560554696997921
2020-02-18,225.6024535428597,227.2159682508946,225.3609091600515,226.7908477783203,24394500,14.829999923706055,73.96812507503451,4.57350353706704,4.069092608407302,0.5044109286597385,0.14071245283591502,0.09446879687030033,2.565974802583475,19.49755574221149,0.8339130449645421,0.9443609784186316,5.081010770988037
2020-02-19,228.14351012349786,229.43818450522548,227.87298158829205,228.96475219726562,22230500,14.380000114440918,76.70700062718755,4.727410718852184,4.200756230496278,0.5266544883559057,0.14165347311002366,0.10062220915991026,2.571786368606453,20.498574486479477,0.7585321862227994,0.9434731101077987,6.135794150753604
2020-02-20,228.46237374123714,228.93579135468923,224.03727833248954,226.8391876220703,42604000,15.5600004196167,69.05649841329486,4.624558935404991,4.285516771478021,0.33904216392696984,0.14594167748689496,0.10292589605123674,2.740049761189998,19.240340288272773,1.401417864887055,0.9415355036916054,4.8733650984055465
2020-02-21,225.70873413475724,226.09519925098186,221.56383900385615,222.48170471191406,66017200,17.079999923706055,56.594792733865475,4.143670053142955,4.257147427811009,-0.11347737466805352,0.15859720852096204,0.10214429071795234,2.9211425366917245,16.81565498877428,2.0390345586539946,0.9422347180417258,2.529029436231567
2020-02-24,214.18222356562603,216.6653068454337,212.81025326910657,213.90203857421875,84522600,25.030000686645508,40.93236307235667,3.0352661366469533,4.012771169578198,-0.9775050329312442,0.19608834728086524,0.10339902926161054,3.4033074585571366,12.206093107655036,2.4336356569059343,0.9583932682285808,-0.5882534402128603
2020-02-25,215.69913115162237,216.4141078231696,207.47696577097472,208.0856475830078,97743000,27.850000381469727,34.05223964943676,1.66828297614299,3.543873530891156,-1.875590554748166,0.21173228511808653,0.10801352890948236,3.798581358102689,9.067174884852491,2.6061373798058014,0.9588907314459425,-1.251733802366628
2020-02-26,209.38037357316838,212.82962025839348,207.6315795713472,209.15814208984375,79537700,27.559999465942383,36.1823228669232,0.6638281190154771,2.9678644485160204,-2.3040363295005433,0.20940506514093066,0.11435900312569584,3.898542738741516,9.538736833244847,1.9812495734236852,0.9530352662296199,-2.244302309941615
2020-02-27,203.76687338893495,209.10017848255674,198.54951964569096,198.68478393554688,121822600,39.15999984741211,27.00815000785086,-0.9661844921139675,2.1810546603900227,-3.1472391525039902,0.25379045931640937,0.14168762674673196,4.377834146270892,3.9795300757703482,2.719853985672065,0.9666679200072846,-7.290016005832733
2020-02-28,191.92150550168506,200.16299871896456,191.46740087954382,198.83934020996094,148173700,40.11000061035156,27.30109341054242,-2.2199199747594207,1.300859733360134,-3.5207797081195547,0.2538248703200361,0.16361209895767367,4.6862458386387384,3.9909817873616764,2.950468041824832,0.9652292034569264,-7.547175567449848
2020-03-02,201.81514174394496,209.2450483718885,198.97457780498476,209.10011291503906,112933900,33.41999816894531,43.51015417504522,-2.3583699522131667,0.5690137962454739,-2.9273837484586407,0.29632191722071743,0.1658296260978551,5.094778861730796,9.262036551533619,2.120175022448523,0.9730447421019646,-1.2096774193548376
2020-03-03,209.7668537346409,212.1822981308563,200.5978214992342,202.39491271972656,131953500,36.81999969482422,37.60898636302712,-2.974853910787772,-0.13975974516117529,-2.8350941656265967,0.3093034089155315,0.17792982954663852,5.558328702437319,5.689697859081331,2.2520138947022414,0.9758330353644608,-5.800877538789395
2020-03-04,206.10502970036788,210.9455745680638,204.22097143088072,210.83929443359375,73086200,31.989999771118164,47.30244194639369,-2.750326802458943,-0.6618731566207289,-2.0884536458382144,0.33423196709925307,0.18024246407095304,5.772066784287313,9.998459785892338,1.2037921506661513,0.976950611988409,-4.066459366475672
2020-03-05,205.4963033885892,209.04217319207902,202.9939070976628,204.43350219726562,78705500,39.619998931884766,41.97480147389743,-3.0540758640456147,-1.140313698105706,-1.9137621659399087,0.34502244708543744,0.18763585510057157,5.920161109404716,6.568388498644386,1.2548340418584658,0.9773791047360773,-7.2868362536301685
2020-03-06,197.7475222969174,202.07599282482715,196.04705541805563,200.98422241210938,89828400,41.939998626708984,39.40142384029376,-3.532407836879031,-1.618732525860371,-1.91367531101866,0.3474641987033933,0.19691063296232,6.0963243715336635,4.698220802064547,1.3591848861032558,0.9779770232646631,-9.631198167719424
2020-03-09,186.93605831475506,194.3563107585082,185.61239957600804,187.0230255126953,116424000,54.459999084472656,31.092429822062314,-4.980627706865533,-2.2911115620614035,-2.68951614480413,0.39812711023756703,0.22794311755613225,6.758859976145639,-2.6081358541677875,1.6486714362547414,0.9793874597700722,-15.545368846876052
2020-03-10,194.3079796228715,197.3900885557963,187.12927231857668,197.20651245117188,100599200,47.29999923706055,40.88492404614563,-5.246155681627613,-2.8821203859746456,-2.3640352956529673,0.42966429363969383,0.23444276919925972,7.01658876664245,2.6252006079683485,1.3490052515743827,0.9820768488171052,-12.01017414993868
2020-03-11,192.60753676834193,193.96017969604043,186.21143015756203,188.61721801757812,89168800,53.900001525878906,36.210705280889314,-6.0795910504985216,-3.521614518879421,-2.5579765316191008,0.44288260106911853,0.2500423302759161,7.30076687571155,-1.8894980339580747,1.1502473219819322,0.9830059928092731,-15.85706013251752
2020-03-12,175.93127304630988,184.32735862508702,170.95546437690916,171.32261657714844,137820700,75.47000122070312,29.01721955385767,-8.042910715938802,-4.4258737582912975,-3.617036957647505,0.5103621583095983,0.29239168799516463,8.040837358922793,-10.887550523930125,1.6567201255311932,0.9869748740510367,-24.309568620186194
2020-03-13,180.74284942545157,187.90221418617702,172.10521938393572,185.8345947265625,134882000,57.83000183105469,39.82041708757212,-8.331816348271332,-5.207062276287305,-3.124754071984027,0.5749497417815317,0.29773106207953226,8.650748805358921,-3.3815494970744457,1.519038519635123,0.9892909639620551,-17.792883948018623
2020-03-16,168.25985162296467,178.43370229359775,163.43863401824257,163.5738983154297,92054400,82.69000244140625,31.82024036681581,-10.238999490750217,-6.213449719179888,-4.025549771570329,0.6650701953592141,0.3376589596396819,9.632549655570424,-14.941696665815057,0.9981488774425016,0.9911242681201065,-27.84689808697656
2020-03-17,169.53516635409065,178.1534678468241,164.03761404458982,175.9795684814453,121257100,75.91000366210938,39.156491537182816,-10.626921432545828,-7.096144061853076,-3.5307773706927517,0.7052373695298874,0.3422350864417965,9.98590821812928,-8.512125955352934,1.2491942524975983,0.9892334538117137,-22.404466403574254
2020-03-18,165.80575172733455,173.15836443846524,161.15843946014274,170.62698364257812,114156300,76.44999694824219,37.291991831339715,-11.236731186824699,-7.924261486847401,-3.3124696999772976,0.7034055599313688,0.34368199790848447,10.331281132641658,-11.311662697503872,1.1228723407394554,0.9859407123971116,-25.47892983301916
2020-03-19,169.74775191681167,177.28394045674713,165.82507305755854,171.651123046875,120896500,72.0,37.90127812577597,-11.504750714913257,-8.640359332460573,-2.864391382452684,0.7038078576991013,0.33723248237987946,10.411823008823584,-10.78799208632703,1.145079145113527,0.9859745526767292,-24.329158093769244
2020-03-20,175.5930901599164,176.6848606228505,164.34678554612685,164.92648315429688,118983900,66.04000091552734,35.46465279370217,-12.120067764363057,-9.33630101884107,-2.783766745521987,0.708002795557697,0.3400695915258059,10.549412442245016,-14.273535780133912,1.099386939548636,0.9862005669043841,-25.86964246437431
2020-03-23,165.49100435917654,168.6765111710314,159.69126158009655,165.04562377929688,124639800,61.59000015258789,35.54371623013033,-12.45452924596205,-9.959946664265267,-2.4945825816967826,0.7084384144068365,0.3475015490280887,10.43768652429429,-14.1994232808278,1.130690382657301,0.9813006355924194,-22.840555948217343
2020-03-24,174.1954524263536,177.9909381728403,172.29770216605112,177.8263397216797,94881800,61.66999816894531,43.53533540669661,-11.555095468381296,-10.278976425088473,-1.276119043292823,0.7493006176686288,0.3413701227117089,10.616802800669225,-7.5649106015735255,0.8618543141403012,0.9810973832126536,-14.541756345428547
2020-03-25,178.56222449862173,183.4905461438208,174.26325084832095,176.5095672607422,88754900,63.95000076293945,42.94456603397768,-10.823770562962522,-10.387935252663283,-0.4358353102992396,0.7490277115804377,0.3310816364985749,10.5175522645857,-8.251000065444462,0.8028400606560799,0.9767977283867889,-15.609516561433878
2020-03-26,178.02962806104432,186.5985263956676,177.77789190735368,185.8045654296875,79887600,61.0,48.279867490608595,-9.385966061616443,-10.187541414453914,0.801575352837471,0.7673911219045177,0.32631953693019,10.486938469609964,-3.443927797967262,0.7366007523345524,0.9775004866500128,-6.482740273677779
2020-03-27,180.99247661598065,184.45876572463197,178.79458997620458,179.4142608642578,58845000,65.54000091552734,45.15370011443506,-8.662286362799932,-9.88249040412312,1.2202040413231874,0.7718280907514617,0.32215750889621264,10.238583968458032,-6.775312903317171,0.5658827378838756,0.9775544420774914,-9.769233455105786
2020-03-30,181.1183556349638,186.37588862453907,180.42122402558232,185.94017028808594,49356900,57.08000183105469,48.7997484325079,-7.475999962535155,-9.401192315805527,1.925192353270372,0.7814193856040498,0.30008894052361723,10.004515667873976,-3.409136988779155,0.4896074636100651,0.978082299647281,-11.076006752977419
2020-03-31,185.63034395813492,189.04821837603845,183.19038330252033,184.35226440429688,62659300,53.540000915527344,47.96422068372773,-6.588047269723575,-8.838563306589137,2.2505160368655623,0.7812730775959871,0.28602745786777506,9.708324196848556,-4.256425635310877,0.643686646018675,0.97801202142671,-8.914576000442697
2020-04-01,178.90109479828396,181.69929820153806,175.11528584855213,176.51922607421875,53715400,57.060001373291016,43.965293901704065,-6.44213813479513,-8.359278272230336,1.9171401374352062,0.7869764482872756,0.250897754356774,9.674656651055427,-8.324819589805381,0.5573531757818022,0.9784904799073049,-16.277833053641
2020-04-02,175.48316202516153,184.0617367080452,175.2217340729673,180.1016387939453,56465300,50.90999984741211,46.17551633346222,-5.96863066813745,-7.881148751411759,1.9125180832743087,0.7910320354287381,0.22150281815342932,9.615038507057031,-6.46707245686462,0.5927252689149238,0.9785301256837781,-11.902091947650328
2020-04-03,179.65629559738585,181.12801929661077,175.5315984208119,177.5455322265625,47487600,46.79999923706055,44.81716751160469,-5.733536388602715,-7.45162627884995,1.718089890247235,0.7904623168812349,0.19353407528079059,9.327994390538592,-7.78955425613108,0.5098144783786243,0.9785352257139466,-11.661955303877969
2020-04-06,184.42973054685206,191.3719862166364,183.1807116498282,190.23915100097656,64763500,45.2400016784668,52.31853316336094,-4.471409898260646,-6.85558300273209,2.3841731044714445,0.8153748963169547,0.19760011061463248,9.649312933362543,-1.2198964422562275,0.7151146484577723,0.9798476844303553,1.7196414609723654
2020-04-07,195.94204069204255,196.22283758625218,189.77437813051858,190.1616668701172,69904500,46.70000076293945,52.27182250510508,-3.437789189505537,-6.17202424008678,2.734235050581243,0.8120481154335326,0.18364349839341196,9.420680542103332,-1.283528084416176,0.7851873991937353,0.9798014707161313,-3.5723189328237703
2020-04-08,191.85610336479226,194.78018244481518,189.93899876390577,194.19924926757812,45940400,43.349998474121094,54.54900151689475,-2.2667089650195464,-5.390961185073334,3.124252220053788,0.8145643799190994,0.1931732310453417,9.093573623446623,0.7780282787535272,0.5288551335770643,0.9788651075577978,2.9594494652549708
2020-04-09,195.92271963430082,196.76508091073558,192.7081664119304,194.48004150390625,68252600,41.66999816894531,54.7108337502597,-1.3009651467548338,-4.572961977409634,3.2719968306548006,0.8012730039799385,0.2033945147165654,8.733812257400805,0.8804219506047342,0.8184820967309452,0.9776035791265238,13.51685223435155
2020-04-13,193.64729928525765,196.9586663301416,192.43700366472478,196.5810546875,42853900,41.16999816894531,55.97399626881514,-0.3619002471808983,-3.7307496313638873,3.368849384182989,0.8018264969209952,0.21718440645425008,8.432944429401948,1.9231400382416304,0.5439151869067096,0.9755604013781257,5.782809157116242
2020-04-14,200.6476897867467,205.75030139817497,199.86342041351162,205.13063049316406,63959600,37.7599983215332,60.76905713274875,1.0599760232753397,-2.7726045004360422,3.832580523711382,0.7977000496164357,0.22932691920230977,8.485537449492877,6.285130276434452,0.8265319447354749,0.9750481721772786,25.40547887267317
2020-04-15,201.85797961926218,205.1015784183125,200.5411771388683,202.77780151367188,47036000,40.84000015258789,58.86885024289044,1.9742120883937844,-1.823241182670077,3.797453271063861,0.7925890214818806,0.24530750076238786,8.207245728407369,5.003193811068761,0.6384511681772352,0.9747223039762766,15.228036563262792
2020-04-16,204.9659938037675,207.5608606177086,203.02952073994862,206.4764404296875,64657400,40.11000061035156,60.9367207818279,2.9630438809933253,-0.8659841699373966,3.829028050930722,0.7850636701302708,0.25685406949373385,7.9626609695237525,6.850988883905172,0.9081466034534134,0.9739997838655952,21.010426382620253
2020-04-17,209.3036978077709,209.6328946961661,205.34361377764702,208.45164489746094,62863200,38.150001525878906,62.034454362329484,3.861568930960715,0.07952645024222571,3.782042480718489,0.7799298370912191,0.2667438797908169,7.700276680166275,7.801649346997774,0.9204598316461292,0.9719004539600172,21.43913840897873
2020-04-20,206.58295269533843,209.02291295930831,205.81805231479873,205.98265075683594,38249100,43.83000183105469,59.77331024810953,4.3245782673701,0.9285368136678007,3.396041453702299,0.7790177437657514,0.25429881989599074,7.379175534762226,6.464814349785556,0.5952362240811321,0.9718653527641327,24.893617336233987
2020-04-21,203.9106414770515,204.45285162942113,197.162030941348,198.3820037841797,72932800,45.40999984741211,53.32903360787993,4.031732510130013,1.5491759529602431,2.4825565571697696,0.7585067909352763,0.22670041705699617,7.482135840528348,2.4977436174493084,1.182566081227318,0.9718157210953882,20.198281688135555
2020-04-22,202.4582774216321,205.6050463475716,201.71273110857956,204.2688751220703,40089100,41.97999954223633,57.17969467202576,4.225957251381857,2.0845322126445662,2.1414250387372906,0.7472420327674263,0.2239742347774439,7.463629177875745,5.480065508295296,0.6802406195232422,0.9720054610576402,14.869864296693326
2020-04-23,205.06285622051786,207.62869249049083,203.42654851179933,203.8332061767578,43278500,41.380001068115234,56.80615166329723,4.295214357849005,2.526668641685454,1.7685457161635512,0.7347133675361787,0.21525180310922204,7.230665949362586,5.1997125775663715,0.7638296477304887,0.9719107923616894,15.47997615089769
2020-04-24,204.26886482169863,207.49309428535645,202.8455559204231,207.04769897460938,34231900,35.93000030517578,58.937641223651966,4.556954087726297,2.9327257308936225,1.624228356832674,0.6773246038821219,0.2189746061952447,7.04615683618907,6.798718289574582,0.6295278711075066,0.9719941776481282,11.433052517194863
2020-04-27,209.3230521970143,209.74907862270092,207.68673014113457,208.7130584716797,36451700,33.290000915527344,60.03788766242853,4.842938917593273,3.314768368233553,1.5281705493597197,0.6363171398792935,0.21376537752507105,6.735815608467818,7.592316099747691,0.6844434021277968,0.9716695846909682,16.33025015195917
2020-04-28,210.41718763097168,210.41718763097168,204.50126134013718,204.78204345703125,46862800,33.56999969482422,56.209324367630046,4.69822567580664,3.5914598297481706,1.1067658460584693,0.521686907685585,0.2105978438749985,6.677252085779725,5.515338699998247,0.881994958662956,0.9702104850044282,10.13329886691654
2020-04-29,209.32306559642004,212.98299863447807,208.30641424715557,212.04380798339844,48716400,31.229999542236328,61.13928405342781,5.1105913810594075,3.895286140010418,1.2153052410489895,0.48812395737358033,0.2104814227307439,6.786088020898803,9.186005419347389,0.9290713548823761,0.9703799700260872,15.020994544646404
2020-04-30,212.96363987381048,213.05077762310998,210.44623354685405,211.95668029785156,43359500,34.150001525878906,61.050476587171275,5.3684792107601425,4.189924754160363,1.1785544565997794,0.4759004756765011,0.1907807649605764,6.487406310567169,9.067800385989477,0.835156889382233,0.9701472664164311,20.075690910140786
2020-05-01,207.68674178097191,209.78781333984801,204.9563075946527,205.98265075683594,48795000,37.189998626708984,55.136689446052586,5.032788068812067,4.358497417090704,0.6742906517213632,0.4871326084665678,0.16736315224966816,6.524046767183718,5.9363128891928625,0.9468455702539718,0.970853687935554,14.370225688229944
2020-05-04,204.74331634619625,208.6065708947515,204.4141046764238,208.38388061523438,32841000,35.970001220703125,56.94211815569618,4.903979577997831,4.46759384927213,0.4363857287257007,0.467559914066,0.1284552739295734,6.357505299408289,7.107229416545804,0.6464516269997143,0.9706330545466333,17.369261846206108
2020-05-05,210.53337043127854,213.14760631835168,209.96211437828205,210.7463836669922,37783100,33.61000061035156,58.703002492516674,4.93563721948874,4.561202523315452,0.37443469617328784,0.46708898852818653,0.11815120344963331,6.243663899673218,8.246514426927822,0.7640215416984941,0.9706715613068362,10.779712040404533
2020-05-06,212.43109670020513,214.01900407770057,211.18207803050367,212.04380798339844,36455200,34.119998931884766,59.678243489766835,5.0076918730255215,4.650500393257467,0.3571914797680549,0.41900642563165363,0.10454175289876934,6.031446507604302,8.838001247857388,0.7629729810052059,0.9699558495195133,11.507125212689173
2020-05-07,214.7742462158203,215.65533027918252,213.41870613336232,214.7742462158203,38624800,31.440000534057617,61.726689436042726,5.224889971995111,4.765378309004996,0.45951166299011525,0.41739715219212287,0.09968148140083634,5.858594778188572,10.159418738892843,0.8146169076750069,0.9700729709043475,10.594787068354151
2020-05-08,216.4492336264409,217.85317334428126,215.41321366607343,217.71762084960938,31852300,27.979999542236328,63.8582242129147,5.570315633176762,4.92636577383935,0.643949859337412,0.39494585878367067,0.09636096373902665,5.660047088922314,11.583380803619638,0.6985970836719603,0.9700244690741583,11.94856766072645
2020-05-11,216.39118891163977,220.69014672444612,216.1588068241433,219.663818359375,35714100,27.56999969482422,65.23683525592621,5.932721116269846,5.127636842325449,0.8050842739443969,0.37635268983351977,0.09689273979974766,5.579425146878064,12.48375080719644,0.7894769127723739,0.9697793241337356,11.74210999557872
2020-05-12,220.26416882899042,220.85479379791153,215.03568186457744,215.06472778320312,41054100,33.040000915527344,59.4644003641864,5.78216865830035,5.2585432055204295,0.5236254527799202,0.3741830974237464,0.09924784561505963,5.596545631624922,10.05213468576686,0.9310924331630848,0.9698710055285642,4.842815169122261
2020-05-13,215.58756902244016,217.47562747370415,209.8265640971503,212.37301635742188,65521200,35.279998779296875,56.32320644472574,5.383597374834039,5.2835540393831515,0.10004333545088784,0.37561979526112893,0.09611634172903759,5.743154041976988,8.604940056148278,1.4554878127342188,0.9698776003913733,4.73188621837537
2020-05-14,211.0465415268539,214.82265851184886,209.1294371170964,214.783935546875,51549300,32.61000061035156,58.440805176396104,5.202298927119244,5.26730301693037,-0.06500408981112571,0.34786184589761077,0.09746823302223796,5.739587424318094,9.75832209442365,1.162034302230629,0.9699274316901552,4.02345909291113
2020-05-15,211.83081939126703,216.23629923432583,211.39511584066105,216.17820739746094,55747200,31.889999389648438,59.6589246331847,5.112194491182976,5.236281311780892,-0.12408682059791598,0.34549781300638016,0.10050196053536392,5.675415707842857,10.379690106167812,1.2668247607029628,0.9701993934834594,3.7066450129480844
2020-05-18,219.09255808400636,221.41631981727215,218.30828886838205,220.20602416992188,42398100,29.299999237060547,63.03007592956333,5.304648541843079,5.249954757793329,0.054693784049749894,0.3416309233876288,0.10636044338406711,5.64417975869774,12.329442228804094,0.9589530477583411,0.9699357453516831,6.905131748147442
2020-05-19,220.4674900737606,222.5492078096044,219.50894521168138,219.6541748046875,36237300,30.530000686645508,62.26237515007621,5.350957623146769,5.270155330864017,0.08080229228275204,0.28339202621680865,0.096622120546849,5.45818567578526,11.935463621254454,0.8550943611716704,0.9696170862726146,10.72283302655308
2020-05-20,222.21027107942135,224.39848019489855,222.19090221316299,224.0402374267578,37417000,27.989999771118164,65.82516006241573,5.676145430223386,5.351353350735891,0.3247920794874952,0.2861791970198829,0.10197762253226987,5.407194226815674,14.024887890403065,0.885724244739407,0.9694273530889581,9.679087082098148
2020-05-21,224.08868649311788,224.76644917470313,221.08714705080243,221.60031127929688,43642900,29.530000686645508,62.30145333244809,5.671598800868026,5.4154024407623185,0.2561963601057071,0.2861115161118184,0.09930535255041625,5.283773362321747,12.65329394515103,1.0326565394651956,0.96953807176032,8.716491996466935
2020-05-22,221.19366151845566,222.56855579963036,220.27383964837415,222.365234375,28762400,28.15999984741211,62.970689242937794,5.664422528513313,5.465206458312518,0.19921607020079524,0.2859804586494698,0.1001152507345912,5.070269275817066,12.912743530245068,0.6849940472887478,0.9689829501378144,7.398070819550151
2020-05-26,225.94769710600616,226.151033295803,221.52284868312267,221.76490783691406,33055300,28.010000228881836,62.039839155988524,5.546358972735504,5.481436961197115,0.06492201153838906,0.28612656800193725,0.10039456171406476,5.038691799878727,12.49186455056219,0.7904288554727525,0.96740799692265,6.253489580770721
2020-05-27,221.42600443644073,223.09137237496122,216.82688112608713,222.9751739501953,55665600,27.6200008392334,63.22023655286614,5.487198110747016,5.482589191107096,0.0046089196399199395,0.2608383813024736,0.09392696203457614,5.1262489033783964,12.981003674601189,1.3172300062542017,0.9662270663636638,8.884143446386439
2020-05-28,221.83268523415063,226.05419734815794,221.77459340273825,222.6847381591797,42784300,28.59000015258789,62.71623241242524,5.3551461687576705,5.457100586637211,-0.10195441787954085,0.25761047622618805,0.09538744568306169,5.065774263524204,12.704455982641893,1.0195723683622602,0.9659680952362042,5.018269704255807
2020-05-29,223.06233688479796,226.18005969857816,221.49378365715665,225.9476776123047,50691800,27.510000228881836,65.99605847453527,5.4509508296277716,5.455870635235323,-0.004919805607551453,0.25600195134405485,0.09959045817035214,5.038667247659725,14.226706565422298,1.1975497051708497,0.9648145235482273,6.600875846324983
2020-06-01,225.07625774870783,227.0030388808314,224.63086246906326,226.62542724609375,25776000,28.229999542236328,66.65226763344398,5.51795786144217,5.468288080476693,0.04966978096547692,0.2552747394132882,0.09314748222775253,4.8482036165246125,14.422459319058664,0.6259554405013278,0.9642906837195655,10.021609302244961
2020-06-02,227.05150244316758,228.2037064612159,224.64058778084504,228.14561462402344,33383400,26.84000015258789,68.13753589332705,5.628842046300349,5.500398873641425,0.12844317265892435,0.2515896734284482,0.09018367687439077,4.756411835370772,15.03751525711223,0.8101632368476551,0.9641190578231668,9.483331412412689
2020-06-03,228.75558659132898,229.9271594434655,227.87450246438075,229.17193603515625,37228700,25.65999984741211,69.13695648765591,5.733442565281877,5.547007611969515,0.1864349533123617,0.22046010280750028,0.08991056312942973,4.563286488493199,15.407462286961144,0.9040908930850295,0.9608486589617187,8.742998122937639
2020-06-04,228.82334670618792,230.23696380230353,226.25751097219936,227.56463623046875,38716100,25.809999465942383,65.66327753200204,5.621838513793392,5.561973792334291,0.05986472145910149,0.2100512178169416,0.08679500571421261,4.521584084322555,14.464702515027552,0.9376380064515121,0.9592897912385352,7.319632860151937
2020-06-05,228.71681742788908,232.6672239517927,228.1455614631142,232.07659912109375,47365600,24.520000457763672,70.1910030717876,5.830261569984259,5.6156313478642845,0.2146302221199745,0.214358796201444,0.0922019595356185,4.563084344108368,16.581209890675943,1.1350998552894827,0.9578697867495671,8.056065012509372
2020-06-08,231.9314135054631,234.0034394604322,230.35319772482134,233.87757873535156,32937300,25.809999465942383,71.79001628166813,6.070782149390993,5.706661508169627,0.36412064122136645,0.21191746673740533,0.1009502794939235,4.49788130064426,17.331525614177348,0.7883058853629347,0.9507742350642524,7.42243913133005
2020-06-09,233.0158164952381,236.42399858446726,232.83184918306884,235.57196044921875,35046300,27.56999969482422,73.24416981342614,6.3252058494695405,5.8303703764296095,0.4948354730399309,0.21180277402376788,0.11112495911732884,4.433186164983843,18.0197193629121,0.8394525425103048,0.9428617476399023,7.242040227042601
2020-06-10,237.26636546825122,239.94838480256448,236.7435094667014,238.39920043945312,58084400,27.56999969482422,75.51241255361214,6.677993353316509,5.99989497180699,0.6780983815095194,0.20134821227412883,0.1186548578876074,4.429131749866834,19.247297182562523,1.3634672448757068,0.9201830145520223,10.849976607866818
2020-06-11,234.46819199919796,235.8527633247351,226.52865438035985,226.5867462158203,72919400,40.790000915527344,54.661857138991515,5.935987290304922,5.987113435506577,-0.05112614520165515,0.23764301286485,0.10701503177524341,4.960661343383009,13.200652245907069,1.6969673556832816,0.9271900425012476,6.6928134761135905
2020-06-12,231.49568068875462,232.7640682464619,224.37915068031595,228.3876495361328,72034800,36.09000015258789,56.628123885893295,5.430658733266,5.875822495058463,-0.44516376179246286,0.23804175470332548,0.0978205452106613,5.205251073580363,13.955366824982931,1.6373519580031184,0.926310174815336,6.333673863746148
2020-06-15,225.0569180548152,231.84425131380266,224.11772736927097,231.16648864746094,45307400,34.400001525878906,59.54368855842975,5.194531972577778,5.739564390562327,-0.5450324179845492,0.2207955341418889,0.0903239577899515,5.38534199293403,15.189340229250597,1.0422033779586524,0.9264295669729693,6.933298888191275
2020-06-16,236.0367139203695,236.62733882921265,231.50537378625586,235.13626098632812,48890100,33.66999816894531,63.33550305956502,5.2670124238846086,5.645053997226784,-0.37804157334217514,0.22303638894364805,0.09093754351374059,5.390735434992435,17.009077294158203,1.116281013181062,0.921962012869933,6.780121875723677
2020-06-17,236.6370288169069,237.70209503015178,235.02007540161233,235.88180541992188,34749300,33.470001220703125,64.01759605243487,5.323249798683634,5.580693157518154,-0.25744335883452063,0.2219970401210457,0.08971888298978063,5.197255734531508,17.218186483354835,0.7947619216975633,0.9296088101802785,7.387808872589696
2020-06-18,235.56223832974655,236.76285684087196,234.78766099262378,236.5207977294922,30578600,32.939998626708984,64.62503228369187,5.357620350088126,5.536078596032149,-0.1784582459440225,0.2219118478153142,0.0925464678707529,4.967108599796984,17.366882670162124,0.7048848706409041,0.9152789527802166,5.57067803805309
2020-06-19,238.89297017751588,239.15439815030294,234.74891944007953,236.48207092285156,49422100,35.119998931884766,64.5539054004862,5.3204040243045085,5.492943681686621,-0.17253965738211274,0.22046205701403632,0.0911327417630932,4.9269921791131575,17.186934284750688,1.1317188514892793,0.9248140562149056,6.715586073702884
2020-06-22,236.3502072717445,239.4442558636898,236.0592429776775,239.31817626953125,24068700,31.770000457763672,67.38494818560602,5.4568565713680925,5.485726259622916,-0.028869688254823167,0.2198156172705542,0.09233186792100398,4.816850801034524,18.43154747636054,0.5541281438167976,0.9168873855942694,7.623917444730388
2020-06-23,240.91850403255398,243.5954787471515,240.3656571544543,241.35496520996094,32767400,31.3700008392334,69.28241200916227,5.664056327747119,5.5213922732477565,0.14266405449936226,0.21972281831458632,0.09306479749713759,4.778311635076362,19.271226012353075,0.7546464125023764,0.9128909021159083,8.8337048291939
2020-06-24,240.5984322322087,241.8302351826628,234.87590826363356,236.37928771972656,46032400,33.84000015258789,60.08597826853131,5.364924527082394,5.490098724014684,-0.12517419693229037,0.2194173443796071,0.08761887995812563,4.9337412982158515,16.66125674434405,1.0720366154892713,0.9122073342228718,6.011482593360484
2020-06-25,236.46656799646493,238.9301590037972,233.8865764912823,238.62948608398438,36940800,32.220001220703125,62.50962593952841,5.248926267561302,5.441864232724008,-0.1929379651627059,0.21490807374293683,0.08146539788793464,4.9415870992372115,17.611584678166867,0.8661986543963319,0.9117615333127833,7.160233816026973
2020-06-26,238.38703297037068,238.561626336985,232.4705126540693,232.99427795410156,52824600,34.72999954223633,53.71332857863488,4.648695344269925,5.283230455033192,-0.6345351107632675,0.22798671747787091,0.0762703403010375,5.028543265714203,14.698955276578168,1.2355570878476632,0.9052369725499825,3.118686775744539
2020-06-29,232.75180975077342,235.5451853608738,230.21062292758074,235.5354766845703,34377800,31.780000686645508,56.674157862720214,4.328169074101567,5.092218178846867,-0.7640491047453004,0.22896200855533605,0.07143754441650246,5.0504017776841215,15.808500030972814,0.7960816751482501,0.9039164794957665,3.9316194774565494
2020-06-30,235.46756568474916,240.69543573865587,235.2832784517108,240.15228271484375,38909200,30.43000030517578,61.49341504067489,4.396012858303749,4.9529771147382435,-0.5569642564344948,0.2295548842066806,0.07098401690196514,5.076241456917047,17.919346162518973,0.8952865907885518,0.9022111680609396,5.262721402998216
2020-07-01,240.19111913287782,243.9544155201363,239.64796600478127,242.9553985595703,34689200,28.6200008392334,64.10414242383158,4.622680188431161,4.886917729476828,-0.26423754104566655,0.23027813786805335,0.07396881994931306,5.021256318234046,19.124548296033232,0.8005247723592198,0.8768750568933731,6.014463534618653
2020-07-02,245.4092838206854,246.6216844198314,244.1386903607503,244.604248046875,31956500,27.68000030517578,65.582340082431,4.879120589217052,4.885358301424873,-0.006237712207820323,0.22518440745765037,0.07504960992070137,4.924472714093121,19.75891528520173,0.7432592020089733,0.877093561099505,7.4878118580556485
2020-07-06,247.76618395160077,251.14150308207985,247.74678139803027,250.61776733398438,34589000,27.940000534057617,70.37407204836246,5.504143859582598,5.009115413056418,0.49502844652618005,0.229557484986894,0.09007831977688743,5.039671451315387,22.50706140866045,0.8166206345153426,0.8780457519929848,7.989245052326943
2020-07-07,250.3655331594713,253.03281399922147,248.59056242486926,248.8912353515625,36578200,29.43000030517578,67.46971082596563,5.79338012284299,5.165968355013733,0.6274117678292566,0.2318009033896646,0.0987652841829821,4.996998602960875,21.475010618948914,0.8598884158773585,0.8861295021287331,6.4194510210831
2020-07-08,250.22005123524016,252.19866734805117,248.7845585262823,252.16957092285156,30426300,28.079999923706055,70.0013570628036,6.215487951621668,5.375872274335321,0.8396156772863472,0.23245645228494294,0.11106338771333003,4.8839350471614456,22.869383719215083,0.7191735896231645,0.8957215158697397,7.045664705588206
2020-07-09,254.0900414401146,254.96296385637595,249.88059057090786,254.29371643066406,40312900,29.260000228881836,71.54649213788218,6.644814946853586,5.629660808838975,1.0151541380146112,0.23273279557120521,0.12454169216515505,4.898109207040491,23.691517985079088,0.9733010918851095,0.8883438320090373,6.66718510880564
2020-07-10,254.14822885660934,256.28206547258725,251.46156013525453,256.0298767089844,32885300,27.290000915527344,72.78054701134309,7.043954980170781,5.912519643105337,1.1314353370654446,0.23216472341965344,0.12755803430360887,4.892566073489936,24.309833786818185,0.8342916754509409,0.8866995308777161,12.994198021238157
2020-07-13,258.88144265744256,261.6748179850561,249.93877589872247,250.76321411132812,64108100,32.189998626708984,63.74826681126478,6.856265910390647,6.1012688965624,0.7549970138282474,0.24139297051005945,0.12241104848655072,5.381385788693058,21.553505621119,1.6429256321549373,0.8873315940510761,9.797186765852373
2020-07-14,248.23171341674527,252.9455418110502,245.15706761701637,252.5381622314453,72230500,29.520000457763672,65.31073792888985,6.772673287975209,6.235549774844961,0.5371235131302479,0.24159519985043226,0.12025747674910665,5.553320674788828,22.206672164069154,1.7893519063290795,0.8955172331867087,9.245143493344798
2020-07-15,253.95426503189745,254.78841203248592,249.7448137209188,253.05224609375,54523900,27.760000228881836,65.77090091499804,6.67100856953752,6.322641533783473,0.3483670357540465,0.24147404325247562,0.12098391637160893,5.516911934558705,22.240305220185423,1.3413495294049922,0.8915805350527333,7.619405459740469
2020-07-16,250.2588263737659,251.96589558199048,247.93102356230793,251.32574462890625,47594100,28.0,62.759862686478655,6.377607222346285,6.3336346714960365,0.043972550850248204,0.24331928202802203,0.11932880055777063,5.48864840576466,21.203433770958675,1.1526568400984434,0.8821357474146518,6.5473210964664075
2020-07-17,251.78161487540586,252.47995869688705,249.43442425294083,251.6167449951172,35137900,25.68000030517578,63.06677266276146,6.098268791824722,6.286561495561774,-0.18829270373705143,0.2414856137714961,0.11719850312486192,5.314140265634771,21.13617360818921,0.8463141166718792,0.8787128742993265,6.382503107777504
2020-07-20,252.25686262269863,259.3857828613013,251.00568672747252,258.7553405761719,40610100,24.459999084472656,69.67024747133088,6.379378571621885,6.305124910773797,0.07425366084808793,0.24770449908448175,0.12056405657141075,5.533137113362916,24.32955658749339,0.9886059850073561,0.8670186134693544,9.418587027084445
2020-07-21,260.32660337369606,260.33631204860285,255.21513403336883,256.0589599609375,43243800,24.84000015258789,64.94672867617535,6.311825916155101,6.306465111850058,0.005360804305042599,0.25073469483815536,0.1213719622896536,5.5037114634965665,22.807759843222264,1.028710490069439,0.8589538604317725,6.995199425451082
2020-07-22,256.5535571447501,257.8920515248924,254.65249257024726,256.9609069824219,29865500,24.31999969482422,65.78243166182227,6.2589205961652965,6.296956208713107,-0.038035612547810516,0.2504379797719825,0.12320089741756825,5.341986284292893,23.019288572366555,0.7129198658305604,0.8599416391816578,6.465970881885497
2020-07-23,256.55361180032554,257.261634630794,248.83302538885314,250.24913024902344,51363500,26.079999923706055,55.23026417638145,5.610731439706569,6.1597112549118,-0.5489798152052305,0.2626362293569049,0.114952080562448,5.562459352696318,19.60914967027341,1.2183467288575742,0.8630086519008273,5.86762176292801
2020-07-24,246.39856539772484,249.20163468771506,243.76039559521382,247.8728485107422,54054500,25.84000015258789,52.04700079445199,4.849390036695581,5.897647011268557,-1.0482569745729755,0.2162011154416675,0.10846362866225244,5.628621874204411,18.2780293472931,1.2566709315527056,0.8569327063245826,3.8735206526425037
2020-07-27,249.5216965500787,252.68361648249174,248.7360635043291,252.295654296875,36445700,24.739999771118164,57.01310831326134,4.5504501963449115,5.628207648283828,-1.0777574519389166,0.22000291813615613,0.09011727836390954,5.570203738314778,20.182620386506997,0.8637424724671822,0.8564817926649784,8.284055948608193
2020-07-28,251.51003640139288,252.03380166331524,248.79427133886804,249.08523559570312,31302400,25.440000534057617,52.743229473307025,4.008279311687886,5.30422198096464,-1.2959426692767542,0.22320545848785547,0.07210438532984399,5.422430825435648,18.463762210325605,0.7445625530876402,0.8449803060316455,5.752746508450057
2020-07-29,250.62740590809642,252.81943531314536,250.1521544210128,251.95619201660156,27556900,24.100000381469727,55.9223628275331,3.7668453209691393,4.996746648965541,-1.2299013279964015,0.22058364906758876,0.060056902331406994,5.301842889150405,19.636546986071625,0.6644425270318803,0.8483197552976662,4.91517680711524
2020-07-30,249.98730014649203,253.8378857146818,248.83309238376043,253.2753448486328,41774500,24.760000228881836,57.34238293794593,3.639992188676672,4.725395756907767,-1.0854035682310954,0.22072755551891574,0.05117305730740857,5.280625063562616,20.06609657078606,0.9987214300092905,0.8450834025712616,4.247671115870322
2020-07-31,257.91149067157073,257.9502957684768,253.00369669932994,257.79510498046875,53686300,24.459999084472656,61.874458724299345,3.8596751047913926,4.552251626484493,-0.6925765216931001,0.22518559466591587,0.046818042725821976,5.256766063961491,22.002737670965075,1.2510069447438126,0.8489882017676413,5.392734197758453
2020-08-03,259.93860504150655,262.0239274829241,259.8125106837197,261.277099609375,32081600,24.280000686645508,64.96281354090316,4.265572401434582,4.494915781474511,-0.2293433800399285,0.22700938121395736,0.05434806216719163,5.183341523853907,23.431058550551896,0.7497610372735113,0.8472413627381028,4.253222901465525
2020-08-04,260.77277242918996,262.344068267921,260.025944411727,262.2470703125,24911300,23.760000228881836,65.79405644347868,4.612349172541826,4.518402459687974,0.09394671285385225,0.22555858760321312,0.05979094676903308,4.978683119021057,23.668308966818504,0.5902346729729157,0.8458018252234987,5.36613309909133
2020-08-05,262.7320417294833,263.3527753914156,261.8397019409051,262.89691162109375,21612100,22.989999771118164,66.36971198998589,4.883317183951988,4.591385404540777,0.29193177941121107,0.2249901356264071,0.06655875760849549,4.731139571270303,23.746903620456827,0.5174686152020188,0.847391000312776,4.254018698205297
2020-08-06,262.7029303858108,266.7087061316969,262.06277940853806,266.3789367675781,28048200,22.649999618530273,69.34651594365337,5.317732108463474,4.736654745325317,0.5810773631381574,0.21536736445774082,0.07776953461355021,4.725052939262341,25.15046880980029,0.6815787689532976,0.8390222750017695,4.752465183389321
2020-08-07,265.8357996051835,266.6117537707641,261.1510965789668,263.3043212890625,44969400,22.209999084472656,63.96270205486483,5.352216274869079,4.859767051234069,0.49244922363500976,0.2193585433048493,0.08251670068610924,4.777596100157694,23.478700757368692,1.0769562181640178,0.8288016473761034,2.8412483236659902
2020-08-10,263.59518276626943,263.79888730505303,258.6486137887394,262.1791076660156,35088400,22.1299991607666,62.06367252315159,5.228479235600588,4.933509488107373,0.2949697474932149,0.20539529044647858,0.08350948378011287,4.804215915597403,22.72983178180472,0.8705712413562278,0.8253780736680674,4.552459416802401
2020-08-11,261.01529819946995,262.30530907313727,256.6700731924864,257.2132263183594,43104300,24.030000686645508,54.3889662775177,4.6758117698581145,4.881969944457522,-0.20615817459940722,0.21470789305896942,0.08254326252038378,4.863574484529792,20.20801889030729,1.1095423478559912,0.8252896743793747,1.8512307389920268
2020-08-12,259.3761066187104,264.63305821016706,259.32759284263585,263.6825256347656,38773400,22.280000686645508,61.1320892214989,4.705594051056835,4.846694765777385,-0.14110071472055008,0.2189906887223389,0.08516122395725144,5.046164299335357,23.015642865211518,1.0187121029699673,0.8267155128617568,4.200824021564831
2020-08-13,264.45848358667416,266.56319414972427,263.34308111504845,264.2839050292969,31895700,22.1299991607666,61.69895182089931,4.723276028755663,4.822011018373041,-0.0987349896173777,0.21752476633246648,0.08615254461630968,4.91573206614539,23.084288932772733,0.8556568487597004,0.8276427643257387,5.155922414364644
2020-08-14,264.9047178121157,265.1762944046151,262.57691421931685,263.9736022949219,30799500,22.049999237060547,61.20295290680667,4.658549428156448,4.789318700329722,-0.13076927217327405,0.21751220919130518,0.08597569280056223,4.750278360370593,22.725509590745755,0.831085700223331,0.8235171000237552,4.9109836867353485
2020-08-17,265.69024878396027,267.54280002600245,264.0123056838135,267.0384521484375,24803000,21.350000381469727,64.25911591537746,4.799238268672127,4.791302613998203,0.007935654673923764,0.20922725687592456,0.09100008702772061,4.665915458278448,23.92823053303613,0.6838622515095536,0.8196900830441086,3.2011364688441013
2020-08-18,268.1053392299177,270.0839550119677,266.64075034059255,269.60870361328125,23529500,21.510000228881836,66.63293157294001,5.059806699107298,4.8450034310200225,0.2148032680872758,0.20846531790355569,0.09760510902339593,4.578578973499641,24.890345119395406,0.6668738469221333,0.8180593930195542,5.291649881890792
2020-08-19,269.5699853567787,270.62719510235263,267.2809872873798,267.7950439453125,31999400,22.540000915527344,63.4314486303659,5.061614735774356,4.8883256919708895,0.17328904380346621,0.2077990798010992,0.1011909352454403,4.490552462176298,23.83203734593655,0.9041937859247166,0.8308532687807033,4.216258842685261
2020-08-20,266.9996424298252,271.99472574490306,266.59226290527533,271.509765625,27723400,22.719999313354492,66.9355651855918,5.301680143670637,4.970996582310839,0.33068356135979826,0.2098322313791204,0.10232385727811615,4.555688917708543,25.32204081682127,0.81043674757129,0.8330018121963404,8.49578791935064
2020-08-21,271.70382733793826,273.8473432993222,271.05396759599665,273.3914794921875,34748900,22.540000915527344,68.57810227876925,5.579455798593813,5.0926884255674345,0.4867673730263782,0.20985191429563615,0.09949484607658568,4.4298094023954695,25.956958087915176,1.0453093529270114,0.8326827178870574,10.295048907036453
2020-08-24,276.6698076487725,277.3972479843959,272.80951361186663,275.0985412597656,36418500,22.3700008392334,70.03250557230616,5.869678623100015,5.248086465073951,0.6215921580260639,0.19857420145143728,0.10186236807145314,4.4410897574050265,26.502984462318175,1.0955787425505024,0.8338046762179292,9.038160814319296
2020-08-25,274.32255613447313,277.4554094816396,273.87640106694886,277.26141357421875,34866600,22.030000686645508,71.81271853891054,6.202707076238198,5.4390105873068,0.763696488931398,0.19872130787764308,0.09897139521755001,4.379512518639721,27.25171876770569,1.0432996619193948,0.8338549343961306,11.311861946024425
2020-08-26,278.5125732733305,283.4300756811203,277.2322715340926,283.1778869628906,42216700,23.270000457763672,76.0108258956617,6.864910071083955,5.724190484062231,1.1407195870217235,0.20550334017049357,0.10590858491754723,4.509390492096004,29.70172116594152,1.236122003827827,0.833593038662454,12.391715677395165
2020-08-27,284.15754806341147,285.01108265310296,280.02567816314047,282.2952880859375,49482700,24.469999313354492,74.23462531539374,7.235090739869008,6.026370535223587,1.208720204645421,0.20410883609932137,0.10803969009204568,4.54339149194361,29.03579397643572,1.432705391128511,0.8369743011662769,11.457863478440089
2020-08-28,283.5367780329416,284.361216178084,282.1788955819162,283.73077392578125,28021000,22.959999084472656,75.24772437965107,7.55717884377799,6.332532196934468,1.2246466468435218,0.20395750955256103,0.11398011239865093,4.374743570816768,29.42741486317184,0.8426182420038323,0.8367839568431401,10.060574636309493
2020-08-31,284.25451762216414,287.82381682291816,283.8180416961502,286.01007080078125,36321000,26.40999984741211,76.80712164261237,7.9052296292476285,6.6470716833971,1.2581579458505283,0.19102741749480392,0.12288312614042335,4.354622094125349,30.19496132758807,1.0852893851042755,0.8304507731804668,9.466184073684047
2020-09-01,288.66769445224963,291.0149147606583,286.89275320716797,290.8985290527344,36216200,26.1200008392334,79.75325586426857,8.477793385777147,7.0132160238731105,1.4645773619040368,0.1903546415285875,0.13596198660676093,4.401066513107614,32.129424894649304,1.0641840543995567,0.8333991060050875,10.925368472598219
2020-09-02,294.15742406629647,294.3708077138629,287.9596488113382,293.653076171875,50836800,26.56999969482422,81.20225030587002,9.049506146000624,7.420474048298614,1.6290320977020105,0.19091461541357588,0.14894010046026562,4.544644540923122,33.084283429214025,1.4322997154660635,0.8396105653664561,11.69894479213558
2020-09-03,289.13328320367,289.63763116634857,275.8550702821461,278.76483154296875,110083300,33.599998474121094,57.32308842768341,8.206634735368425,7.577706185712577,0.6289285496558481,0.23370158934875004,0.14783414081540175,5.491313208694966,26.099763315719223,2.780240427519868,0.8735232580259342,4.64972753690267
2020-09-04,276.9704406577929,280.23906735831844,263.6243277539409,275.04998779296875,123959000,30.75,53.12517813981313,7.156401681620991,7.4934452848942605,-0.3370436032732691,0.23583630164686173,0.1433451453420033,6.285843665529434,24.197478822342145,2.846728847693611,0.8538587493854691,4.460871149551537
2020-09-08,264.031756459586,269.85127938829663,261.5487623779727,261.8300476074219,99568600,31.459999084472656,41.482725567909306,5.197432958822276,7.034242819679864,-1.8368098608575885,0.27526556412174524,0.14367277788004607,6.80122807620562,18.04966898922951,2.128972836879622,0.8754467680403935,-0.13313801458139096
2020-09-09,267.3489024314263,271.62622581441275,264.78829808824753,269.5215148925781,64837900,28.809999465942383,48.54773814992618,4.216962740530107,6.470786803849913,-2.253824063319806,0.2834357850570469,0.13273093897552768,7.015153085547424,21.312187193740627,1.3548809002518125,0.8804917272604178,4.785247147043847
2020-09-10,272.48942264939603,273.71153174950314,262.4216447856673,264.1481018066406,69667500,29.709999084472656,44.50510447259469,2.972083175291573,5.771046078138245,-2.7989629028466725,0.2896090568435334,0.1323097945963114,7.320491219710882,18.707754421346394,1.4102801309156159,0.8851291579949065,0.17656694191403588
2020-09-11,265.9037213487396,266.9415434742714,258.8717971368198,262.3150329589844,71809000,26.8700008392334,43.18401675162974,1.8166525745048716,4.980167377411571,-3.1635148029066995,0.2904803930994022,0.1341725849549292,7.3740094424066465,17.710919004185634,1.397186617291325,0.8859260279438833,-0.7449837212350263
2020-09-14,266.10734670157797,268.8813344370205,264.74946406167885,266.88330078125,38525200,25.850000381469727,47.37638992286878,1.2551183109979434,4.235157564128846,-2.9800392531309026,0.2902705768117445,0.13190352534896418,7.3163160163801795,19.57409217032623,0.7439924251246242,0.8879136462980499,1.1022687348401172
2020-09-15,270.6368886793367,272.01418867448484,266.8542050301575,270.6659851074219,41849900,25.59000015258789,50.62522567594053,1.1026190671929044,3.608649864741658,-2.5060307975487537,0.2905201503831579,0.12999046376912188,7.1622922755192615,21.07352854038701,0.7951106940174,0.888854207359206,1.3584309412368656
2020-09-16,271.461353479386,271.9268963742602,266.00069634446936,266.349853515625,42321000,26.040000915527344,47.05548527180101,0.6262673495704689,3.0121733617074202,-2.3859060121369513,0.2946834483511425,0.1319407983724686,7.0739999722529445,18.960287272968248,0.789959537929388,0.8869197783194566,-1.208733269357154
2020-09-17,259.50217500670595,266.1461352525462,258.6583490472368,262.1888732910156,81570800,26.459999084472656,43.84565627841711,-0.08600968186402724,2.3925367529931307,-2.478546434857158,0.298373549179178,0.13645023648731183,7.118107436262605,16.928271780679548,1.455264913776801,0.8885315887949188,-2.093455715872672
2020-09-18,263.61461057935776,263.9055747897251,254.7301382942283,258.84259033203125,86251100,25.829999923706055,41.39984976349042,-0.9100212709483912,1.7320251482048263,-2.6420464191532176,0.2979253437492084,0.1455971194179754,7.26505951192219,15.269718330525533,1.4624138575043806,0.8932460505762319,-4.6654584463323605
2020-09-21,254.57509226556533,259.5992744853959,252.28606397722592,259.4635009765625,57168600,27.780000686645508,42.045847812333285,-1.4957124500581358,1.0864776285522342,-2.58219007861037,0.296286090269473,0.15326872983001222,7.268498868797031,15.381024241278249,0.9512314314395262,0.8823141679781429,-5.094518139883364
2020-09-22,261.86878325376534,264.86583355388785,258.52257583888826,264.2839050292969,41128900,26.860000610351562,46.93650631162596,-1.5530084927315784,0.5585804042954717,-2.11158889702705,0.30100082418736307,0.1561579658177496,7.202410214954357,17.345267674154776,0.6816746274846031,0.8815648711729946,-3.9311863236151767
2020-09-23,263.96379532418536,264.1480825432897,255.33151084883946,256.2141418457031,48837300,28.579999923706055,40.738526855745405,-2.2239422445973673,0.002075874516903886,-2.226018119114271,0.3092509123983024,0.1647064654579019,7.3274090696331475,13.61444739615901,0.8001703978749419,0.89200492241863,-7.591129056579515
2020-09-24,253.5275443988212,260.61766118497417,253.36264488302945,257.4072265625,70631700,28.510000228881836,41.958838190763316,-2.62908367113414,-0.5241560346133048,-2.104927636520835,0.3003761649216817,0.1669780880845803,7.322238157655403,13.990178763981017,1.1309327809300789,0.8897851827403803,-9.100520057121475
2020-09-25,257.91149703881774,264.20626998478747,256.34991004567115,263.39154052734375,55242400,26.3799991607666,47.768591728656325,-2.439159929246557,-0.9071568135399553,-1.5320031157066019,0.3081857128264574,0.16406187365326885,7.36038971347404,16.46796908310094,0.8804641712552731,0.8925263271927343,-6.69644459415808
2020-09-28,268.26047163536424,268.8618469238281,263.4981902866927,268.8618469238281,58438300,26.190000534057617,52.45370659454126,-1.8261848641820393,-1.0909624236683721,-0.7352224405136671,0.31392315013331673,0.1572654261571667,7.225383762260493,18.699891752695088,0.9093583460836271,0.8946472384560628,-5.240505566675879
2020-09-29,268.29936620053394,269.3565758447358,267.08696574622627,267.6495361328125,27050000,26.270000457763672,51.354314905693606,-1.421831074435488,-1.1571361538217955,-0.2646949206136926,0.312574523428217,0.14643530709991878,6.871399929135424,17.986115648320144,0.423983351012368,0.8912273716249167,-6.419541317745303
2020-09-30,267.84346792710284,272.6348762729983,267.57189144432243,269.4826354980469,49380800,26.3700008392334,52.95978522925974,-0.9425963202913294,-1.1142281871157023,0.17163186682437281,0.31195516535501616,0.1243104214401302,6.7422274219597425,18.6118813528376,0.7660937785675783,0.8925198200069945,-7.361980696301562
2020-10-01,273.31391564290726,274.37112547331833,271.42255876120925,273.76007080078125,50020200,26.700000762939453,56.562308696528746,-0.21516574722187443,-0.9344156991369367,0.7192499519150622,0.31447736181398434,0.08805193640387038,6.60981760433915,20.303940743428363,0.7765052977025113,0.8915397004210123,-6.774322145854306
2020-10-02,267.7174240407903,273.75033024547366,265.215042377582,266.0588684082031,75497400,27.6299991607666,49.249281440990295,-0.257130409356364,-0.7989586411808223,0.5418282318244583,0.32290279095167035,0.07617828321042767,6.7480469485434424,16.754975636008922,1.2043399846030598,0.8997609754342353,-4.55795053645679
2020-10-05,268.0278070242552,272.0529708730623,267.92112998519195,271.73291015625,28184600,27.959999084472656,53.971198993124844,0.16555166613011352,-0.6060565797186351,0.7716082458487487,0.32841944923606525,0.07201868946295605,6.694193771137423,19.062815215322612,0.4867885592615839,0.9032803129952638,-1.205990832188486
2020-10-06,271.04426758460295,272.7319196085046,266.0006696654102,266.88330078125,49704200,29.479999542236328,49.71373022802525,0.10796278178327157,-0.4632527074182538,0.5712154892015253,0.33184783708712723,0.07129073669205473,6.69684064056292,16.775206246791832,0.8970931584107379,0.9041418032886195,1.929974508275234
2020-10-07,269.53118490989766,272.2954342752943,268.93951809440836,271.5001220703125,27539700,28.059999465942383,53.47630062070719,0.4299063765731148,-0.2846208906199801,0.7145272671930949,0.33509864589332855,0.07287189669107548,6.605075844383021,18.620409729191714,0.514367232694688,0.9076038375417473,0.734118453780197
2020-10-08,273.9054936314924,273.9733951580943,271.87836370588843,272.9452819824219,25443300,26.360000610351562,54.62088743069972,0.7925255805616871,-0.06919159638364666,0.8617171769453338,0.32919907785331626,0.07664743574209114,6.309947076054364,19.07414954720894,0.49568359227363795,0.9097558666348333,3.3303968931114536
2020-10-09,274.5941676767809,277.19357700959245,274.20620541206415,277.115966796875,30201100,25.0,57.844238320550566,1.4003015166850332,0.2247070262300893,1.175594490454944,0.33248047417435267,0.08371998809090826,6.162686215419806,20.703113471863205,0.6132287092259641,0.9102354004119935,5.642426844901749
2020-10-12,281.81030023769813,288.51245232331513,280.7627994530837,285.67059326171875,79370700,25.06999969482422,63.56152697178813,2.542941737148851,0.6883539684138417,1.8545877687350094,0.3443651092867647,0.1040852596674272,6.536529023349829,24.21522966679675,1.5474405165758136,0.9128550850406963,7.039515932796303
2020-10-13,287.474695033748,288.11481639100634,284.29332799970894,285.6609191894531,64240000,26.06999969482422,63.551030369688,3.408421565227229,1.2323674877765192,2.17605407745071,0.34361575078253637,0.11914374358172174,6.342597549631799,23.997309885650626,1.2256944401382113,0.9153042173510333,5.540014226789558
2020-10-14,286.46597907603257,287.43589941852827,281.5290880846838,283.2749328613281,36949100,26.399999618530273,60.880627184776,3.8573265489114306,1.7573593000035015,2.0999672489079293,0.3406392984777012,0.12803486730850816,6.311469962789848,22.753168835460666,0.7086175943582309,0.9205001829112602,6.354454159559064
2020-10-15,278.56110804048734,281.96550799514415,277.9209571226126,281.3738708496094,42514200,26.969999313354492,58.76195627846901,4.013422924949566,2.2085720249927143,1.8048508999568518,0.3396850219986608,0.13112992180648367,6.24307751821311,21.729041443007493,0.8470705531495718,0.9207192093298748,7.317243221568526
2020-10-16,283.0227426732121,284.44852675347585,279.48253936087883,279.83172607421875,40570700,27.40999984741211,57.02820174758844,3.9669635460314794,2.5602503292004672,1.4067132168310121,0.30603994497763076,0.12838894439054999,6.151856794954818,20.876274362760615,0.8468874032838708,0.9192004039476168,8.10884163818002
2020-10-19,281.75213581287653,282.7123770285439,274.28376733321545,275.26336669921875,36756800,29.18000030517578,52.12213598206417,3.5209286574656744,2.7523859948535088,0.7685426626121656,0.30732181079612325,0.12233512944461919,6.314482002124365,18.7277121683925,0.7839766475767233,0.9194307884477103,6.089436727396769
2020-10-20,276.00052363184574,278.9684774402869,274.43896612593045,275.85504150390625,32195400,29.350000381469727,52.68981886289313,3.1785457103026715,2.8376179379433415,0.34092777235933003,0.27111036720347986,0.11987221938456902,6.1869840958552285,18.809742261170882,0.6932926945472598,0.9195373290638713,4.378297828362521
2020-10-21,276.1072961529487,278.67757969201864,275.1567633575304,275.6417236328125,29306100,28.649999618530273,52.44836628653394,2.857057409158358,2.841505832186345,0.015551576972013148,0.25832166990658295,0.10646727698286486,5.996543541471873,18.54580047516024,0.6446308205553075,0.9189402815570095,7.582556390977446
2020-10-22,276.47572275451176,277.3777709761354,272.37297952554337,275.63189697265625,32196200,28.110000610351562,52.4364455864154,2.57183615862931,2.787571897474938,-0.21573573884562824,0.25071533221622094,0.09160950732372564,5.925704106409029,18.374015322595813,0.7394615441503756,0.9175733123151055,7.080092759451406
2020-10-23,276.20417576888474,276.3399788101434,273.30412372652256,276.1750793457031,24658500,27.549999237060547,53.071384514210905,2.362394329328197,2.70253638384559,-0.340142054517393,0.24942325667787632,0.08380953922069305,5.719286319067016,18.443012962711368,0.5869553031102788,0.9206345075020114,4.853435608738632
2020-10-26,273.8861208080625,276.7182717332685,268.43517302496605,272.0335693359375,38421100,32.459999084472656,47.828806228563906,1.8410029884490768,2.5302297047662874,-0.6892267163172106,0.24952186512232913,0.08187983529366842,5.902415775440978,16.51446110377056,0.9368713805326285,0.9185059096497132,1.1796848263889048
2020-10-27,273.0325731902011,274.98212252748715,271.7716885996856,274.1576843261719,30559100,33.349998474121094,50.52808194227465,1.5809704785659164,2.3403778595262135,-0.759407380960297,0.2472191012692477,0.07797356240905194,5.710131357752447,17.27184354792105,0.7419875849389566,0.9134102502918013,2.4315933019700475
2020-10-28,269.6476275864956,270.2586822825532,263.2170494607496,263.46923828125,53413500,40.279998779296875,39.46353397995535,0.5065849760304673,1.9736192828270644,-1.4670343067965972,0.2686628877546773,0.08497525367280509,6.083738751157435,12.577432273692226,1.2905834536103584,0.9198332411086749,-2.2314599995221007
2020-10-29,264.7882498221216,271.0830232855751,264.3226774083296,268.0762939453125,43246300,37.59000015258789,45.049124016014126,0.026571316464583106,1.5842096895545683,-1.5576383730899852,0.26930841898199287,0.08794347739244059,6.193027769240841,14.410674758349726,1.0535441089055846,0.9218676882181904,-2.0761891384828424
2020-10-30,266.0878953550869,266.9608175864228,259.03658638911327,261.277099609375,65838300,38.02000045776367,39.287729652640444,-0.8921964415203547,1.0889284633395837,-1.9811249048599384,0.2772150380203371,0.09421343447202485,6.396362039737868,11.398313822201718,1.623014366044795,0.9204946401030544,-1.7972596919760053
2020-11-02,263.67287734493533,265.2926279027856,258.9396608651883,261.859130859375,39987400,37.130001068115234,39.99518798244058,-1.5554314064200412,0.5600564893876587,-2.1154878958077,0.2772050809224018,0.10253171190821268,6.393262396727832,11.53701090503287,0.9716153955775383,0.9197188972184202,-3.6336339574023047
2020-11-03,263.77952280253584,268.493350964964,262.69321677651993,266.38861083984375,43604100,35.54999923706055,45.33381838506453,-1.6960081878120832,0.10884355394771034,-1.8048517417597936,0.2765012902549416,0.10292721425348261,6.4104736616464875,13.34402074467966,1.0674046733240996,0.9217646257885659,-0.18535814715950893
2020-11-04,275.05976391199493,280.08394523314644,273.3914993899585,278.2799072265625,75728200,29.56999969482422,56.32091312416694,-0.8382255191609147,-0.08057026067401468,-0.7576552584869001,0.28894907656825325,0.10319176796223842,6.930820856764788,18.247651313265624,1.750536089859444,0.924109760714148,2.497157314166576
2020-11-05,284.70067379672355,286.5047407521256,283.21669708161613,285.5348205566406,52054200,27.579999923706055,61.41607765240578,0.42211838168788063,0.01996746779836439,0.40215091388951624,0.29663217328491737,0.10852521885441942,7.023250333107525,21.15400549041952,1.1673818779988137,0.9251655492467331,4.612477080673449
2020-11-06,284.8753075552266,286.47567026810736,281.11201173123675,285.74822998046875,40959800,24.860000610351562,61.55813221605036,1.4217809545478417,0.3003301651482599,1.1214507893995818,0.29081307063315326,0.1133497211551264,6.904708061947745,21.063278076077594,0.9076263029880131,0.9256286039053783,3.1150363811123016
2020-11-09,288.696840445391,290.14204216589405,279.4534989589192,279.90936279296875,86537100,25.75,55.53383778011174,1.723011161010163,0.5848663643206405,1.1381447966895224,0.29329809424925096,0.10944423646666723,7.174982000878251,18.415967412530797,1.9024660008545335,0.8916820500641125,-2.0167390710292055
2020-11-10,276.5921663187163,278.0373379963617,272.1790114916121,274.8948059082031,69024900,24.799999237060547,50.92452293942209,1.5393606463653668,0.7757652207295859,0.763595425635781,0.2982201669768259,0.10402493744170245,7.21465123662671,16.144851451066515,1.5095312190753412,0.8881551965747384,-3.7688436037376927
2020-11-11,277.4262847533692,281.5193493455825,274.85600204016316,281.0440979003906,36102900,23.450000762939453,55.77237684536081,1.8684741553923345,0.9943070076621356,0.8741671477301989,0.30417096061867976,0.10235183798892881,7.175272384397611,18.575796394415818,0.7902789920439964,0.8871656078609583,-0.7875158378484404
2020-11-12,282.01406415019517,283.28465750250535,278.60963408428375,279.72503662109375,34414600,25.350000381469727,54.52806392361918,1.9998092053653522,1.1954074472027791,0.8044017581625731,0.3016019508000088,0.10135723296007473,6.996683172527896,17.858520355777355,0.7600605670296625,0.8852545455492551,-0.5859940809489372
2020-11-13,281.44180521121535,282.79968780168974,279.2109706129312,282.1789245605469,24806900,23.100000381469727,56.473592950242036,2.275668932504459,1.4114597442631152,0.8642091882413439,0.28946266110312535,0.10287597501404323,6.753257030830086,18.716069566117753,0.5575765830826622,0.8854542194655962,0.8387892678421993
2020-11-16,281.8782952830658,284.68137977873573,281.26724062278487,284.3807067871094,30168400,22.450000762939453,58.20164866271998,2.641505546683902,1.6574689047472726,0.9840366419366295,0.28427371809380164,0.10723780753645465,6.514748611195856,19.467671614953222,0.683143441690264,0.8842968953488511,3.312224288040899
2020-11-17,284.57462189811247,284.90439126182997,282.83845620124043,283.4786071777344,21843500,22.709999084472656,57.19965914510353,2.826064685288145,1.891188060855447,0.934876624432698,0.2786437623919343,0.11031485930178894,6.196976214723976,18.92956711431341,0.500497725265506,0.8846624496149496,2.7636129585546065
2020-11-18,282.92577482667645,284.54552521759496,281.2962861608665,281.3835754394531,28069600,23.84000015258789,54.83845312313459,2.771331396693199,2.0672167280229976,0.7041146686702016,0.2761655074872848,0.11176452001892696,5.98642356058144,17.900052558960283,0.644068053287467,0.8832552203386582,2.08308514798341
2020-11-19,280.83075680460064,283.89570877581605,280.1615093703999,283.5853271484375,22718400,23.110000610351562,56.85422390354029,2.872505379317545,2.2282744582819074,0.6442309210356374,0.27657406384167815,0.11428351037838305,5.825550406641061,18.670484039062092,0.5270131836807411,0.8830136425873651,2.8855260451116305
2020-11-20,283.50764636118333,284.25450381610545,281.55812699872547,281.6454162597656,25907300,23.700000762939453,54.54418693117681,2.764286914421916,2.3354769495099093,0.42880996491200696,0.27436433254692505,0.11546435690368083,5.602038007408127,17.71044012837572,0.6001188780800124,0.8838475010958801,1.9807496487454612
2020-11-23,282.64448997620957,283.94417968052124,279.4049595909037,281.6551818847656,26875600,22.65999984741211,54.55419736547176,2.648777546889164,2.3981370689857604,0.2506404779034037,0.25901003981287046,0.11539545639497756,5.526122441851659,17.573172747161735,0.6309862382332498,0.8825759067714968,3.5369210396773765
2020-11-24,282.72199324275545,286.1070344328745,280.9179561107316,285.61236572265625,24516800,21.639999389648438,58.53872638675084,2.843766040341791,2.4872628632569667,0.35650317708482415,0.2623510814711349,0.11787899367410194,5.502047861872462,19.072328156853153,0.579718232460939,0.887184804063692,4.178136179052516
2020-11-25,286.67940673122627,288.0081930684312,285.7288739938418,287.3680419921875,23326800,21.25,60.20576725826842,3.1041811602420353,2.6106465226539806,0.4935346375880547,0.2616439421833137,0.11160056385963468,5.280174967865496,19.65207537644554,0.5719237626222661,0.8846492021974611,9.070813680884381
2020-11-27,289.33694355852936,291.1410108407256,288.93927265439135,290.0158996582031,17163100,20.84000015258789,62.64517920710974,3.4840599294159347,2.7853292040063713,0.6987307254095634,0.2618431541084037,0.11075149166537075,5.172517387913538,20.59399356334494,0.43470260606024536,0.8852191852581572,8.18409020432307
2020-11-30,290.3359369297025,290.94699145017887,285.9131027619722,290.6075134277344,27836200,20.56999969482422,63.18815555236793,3.7891756198775965,2.9860984871806164,0.8030771326969801,0.261096836512763,0.09703585570974807,5.162615337934476,20.679660698169457,0.7406733331045021,0.8676723303278706,11.225788200424036
2020-12-01,292.88688971839196,295.96155067630633,291.7811661588844,294.3320617675781,27521300,20.770000457763672,66.4904990010032,4.282159853248174,3.2453107603941285,1.036849092854046,0.25755106424476387,0.08199706452316724,5.176288331551439,22.055174185624512,0.7446443672627915,0.867424508837123,12.400916019858755
2020-12-02,293.1583878342684,295.04974411175533,291.3155453277728,294.71026611328125,23620000,21.170000076293945,66.8160361122479,4.649771666477761,3.5262029416108556,1.1235687248669057,0.2575694590413755,0.07034538301501239,5.073281935296519,22.045639195136165,0.6568449528890332,0.8535151517814121,10.631706507326943
2020-12-03,295.0206728275541,296.67922826476314,294.39990962320763,295.1273498535156,22828700,21.280000686645508,67.19453117729358,4.91806940636036,3.8045762345607566,1.113493171799603,0.257418128976469,0.07466601915687768,4.873713128600732,22.045792253002016,0.6852418917055045,0.8470296850696925,6.054135490722556
2020-12-04,295.17584005048496,296.47555933614683,294.49691358145225,296.3300476074219,19332100,20.790000915527344,68.31675513739582,5.168169514484703,4.077294890545546,1.0908746239391567,0.25735495797337765,0.08198314311361127,4.66692260189315,22.356319427171176,0.6102554713419427,0.8403684413902268,3.7807042341583053
2020-12-07,296.5143708678597,298.37663114555875,296.3300836153928,298.008056640625,20851000,21.299999237060547,69.86563526135564,5.439078644416156,4.349651641319668,1.089427003096488,0.25750596118150626,0.09000462314240255,4.479755525910559,22.83588740031747,0.6797777608249009,0.8392797077443358,4.290429606858526
2020-12-08,297.53280755923737,299.31745764035315,295.7772539077193,299.01678466796875,18341500,20.68000030517578,70.79008421356873,5.669813917690021,4.613684096593739,1.056129821096282,0.2520021685933536,0.09508999293389557,4.412644683533652,23.02112776271598,0.6727497736899325,0.8366492358750615,6.82628894022832
2020-12-09,298.8033440675616,299.0845996335578,291.1797553692577,292.2466735839844,48839300,22.270000457763672,57.942426376334694,5.245910311217017,4.740129339518395,0.5057809716986217,0.26248162127021746,0.08723824065758815,4.662087510731255,20.030619321170686,1.8602471223651835,0.8386954170694919,6.312184625843975
2020-12-10,290.2098239723522,294.5453685880513,289.12351804978516,293.4202575683594,27519500,22.520000457763672,59.320677352034906,4.947628882549111,4.781629248124538,0.16599963442457266,0.23151917391632557,0.08539877799444064,4.716356298412319,20.27863120846196,1.0656134765380718,0.8394222274415301,4.403636212405071
2020-12-11,291.76178220816223,292.8966022129953,289.49217179812075,292.7705078125,26760400,23.309999465942383,58.18382774045804,4.605717482042223,4.746446894908075,-0.14072941286585205,0.2283425766294722,0.08097740063033121,4.660051260685626,19.781681342690415,1.0518065962538008,0.8371589923410705,4.663676640813952
2020-12-14,293.963386592522,296.8440506274389,293.8955146776006,294.89453125,28804800,24.719999313354492,60.82674997071439,4.45478913783262,4.688115343492985,-0.2333262056603651,0.21207507396391423,0.07902195416952577,4.618157800275144,20.439308274317483,1.12333509410166,0.8285022093543639,4.506221259881782
2020-12-15,297.15447427492177,298.04681396484375,294.96244494938804,298.04681396484375,25709000,22.889999389648438,64.42082035128469,4.537237755515378,4.657939825897463,-0.12070207038208558,0.21283281158568101,0.08020699855317076,4.513452437030044,21.489444121454003,1.0113990403727569,0.8377798462978124,4.805567625220442
2020-12-16,298.4445381482468,300.4716683628976,297.39700747296763,299.68603515625,25461900,22.5,66.15954286130435,4.680891921327543,4.662530244983479,0.018361676344063937,0.20934337398522443,0.08086495786980501,4.410681612237183,21.936820580006565,0.9945990582482573,0.8359792000505198,5.717337241026432
2020-12-17,301.28636735561525,301.87800456973997,300.083675576332,301.6452331542969,23730500,21.93000030517578,68.16218371108536,4.896387282747298,4.709301652536244,0.18708563021105462,0.17064649820748826,0.07936454888831802,4.252202169469525,22.491732746681667,0.9348896376778193,0.8216688605314383,7.200725089657389
2020-12-18,302.2853684115228,302.5957500157043,298.35717338267216,300.7334899902344,41173400,21.56999969482422,66.19884103586809,4.936691746182419,4.754779671265479,0.18191207491693984,0.15632413364657752,0.07749336462268776,4.251228916866856,21.874660052389377,1.5651738237266384,0.8221447104474677,6.046914702614714
2020-12-21,297.7805785449877,300.70534025753005,295.0015923269994,300.1709289550781,37095500,25.15999984741211,64.95561210909449,4.867134058078591,4.777250548628102,0.08988350945048929,0.15665779463930996,0.07041691225995242,4.356990970178864,21.368415730376014,1.3807924476752043,0.8166717785296328,6.577601347584561
2020-12-22,301.0745690828081,301.9101983035244,298.1595337771555,300.98712158203125,26176300,24.229999542236328,65.95461483803479,4.822280762049559,4.786256591312394,0.03602417073716513,0.141924057264161,0.060752904237828864,4.313681938478152,21.44362855231842,0.9756207556315307,0.810071084692777,6.863690406084899
2020-12-23,301.03573224185885,301.3952485644636,299.31587186617816,299.4713439941406,21201300,23.309999465942383,62.3971513114346,4.611267793624677,4.751258831774851,-0.13999103815017389,0.1302877035133846,0.053770125038023156,4.1540887070358155,20.56241055826,0.7951094764862666,0.8084530300423212,4.852373333492888
2020-12-24,299.7336900777759,301.23978000199395,299.655968839513,300.7928161621094,16785000,21.530000686645508,64.20961319653324,4.498810765738028,4.700769218567487,-0.20195845282945868,0.11663877589716609,0.04829825522641753,3.9836849428084946,20.779646533415576,0.6373032561127577,0.8082658069113707,4.671630873375565
2020-12-28,303.4066177264306,304.30057501184865,301.57013109092753,303.8244323730469,22497700,21.700000762939453,68.01810646129313,4.601273239169586,4.680870022687907,-0.07959678351832089,0.11680817212892095,0.047989325187559585,3.9496902218749788,21.708642906086766,0.8456424476221298,0.8099286236521447,4.76130196003659
2020-12-29,305.1555307223496,305.7774190118113,303.1927514086095,304.0964050292969,25871900,23.079999923706055,68.34355672218072,4.6508097679786715,4.674857971746061,-0.024048203767389253,0.1155234236029271,0.047045208609592,3.8521886062554627,21.475688240808548,0.9760750892579073,0.8096721980841578,4.6416183265395095
2020-12-30,305.2624396152561,305.5830803872062,303.4842518291872,304.10614013671875,18138100,22.770000457763672,68.35596959862262,4.637396347347362,4.667365646866321,-0.029969299518958437,0.11462876960946762,0.04872735874408819,3.7269486028100025,21.169492196848307,0.6966306850336801,0.80255612454811,3.320765774018475
2020-12-31,304.0089842252213,305.3401787484088,302.9304355484554,304.8543395996094,21611400,22.75,69.35067073914749,4.633724862726069,4.660637490038271,-0.026912627312201565,0.11346445025575513,0.05052006763835281,3.632862502605957,21.143656969959967,0.8332438518510522,0.7939095795131685,3.442049583175666
2021-01-04,306.1855579076332,306.3604825512733,296.5367987797349,300.5498352050781,45305900,26.969999313354492,58.04587691305741,4.2346630941544845,4.575442610861513,-0.34077951670702866,0.12002316293399955,0.049202813052182756,4.075064021815418,19.12802495727089,1.674255575274872,0.7946736721847064,1.8373374593218639
2021-01-05,299.5586886421797,303.29965574350393,299.5586886421797,303.0275573730469,29323400,25.34000015258789,61.89617769801335,4.071402643924671,4.474634617474145,-0.4032319735494738,0.12019909797415874,0.049424865714034254,4.05119995606605,19.782275842311453,1.0639882815207173,0.7964765409840333,2.2601520904480976
2021-01-06,298.3052719278478,303.0470673140908,297.31417062463345,298.8299865722656,52809600,25.06999969482422,53.01888206523177,3.5622453310734272,4.292156760194001,-0.7299114291205742,0.12636203611317956,0.04923712755105339,4.171321151308285,17.811527543605294,1.811164209121258,0.7746032420989304,0.27580795663917357
2021-01-07,301.4923047899295,306.89483310358713,301.46315563063246,306.0592041015625,30394800,22.3700008392334,62.89034852338966,3.6994272355233306,4.173610855259867,-0.4741836197365368,0.14156724967653572,0.05250753782495619,4.449430107023515,20.357360954986454,1.0213140007630923,0.7736153706156046,2.3551920141920313
2021-01-08,308.35245931051566,310.3444180770862,306.1564563567807,309.9945983886719,33955800,21.559999465942383,66.96019013640644,4.078681807662065,4.154625045740307,-0.0759432380782421,0.14078535132694564,0.05431175354319446,4.437700383344955,21.585830281236127,1.17023150083522,0.7767438061939338,6.072926198623496
2021-01-11,307.0310139941435,308.2067367945107,304.86416004596754,305.51519775390625,32746400,24.079999923706055,59.02523143482651,3.972006771576787,4.118101390907603,-0.14609461933081658,0.14891646677775933,0.05068607004066448,4.4871816661563395,19.548267055661068,1.1184775556648918,0.7775557280367585,4.122053564324557
2021-01-12,305.5540735717193,306.64234896361745,302.3864211960043,305.0293884277344,29266800,23.329999923706055,58.21943269152175,3.804410409347213,4.055363194595525,-0.25095278524831244,0.14770978769879248,0.04397115384192,4.470663530546114,19.06554655152842,0.995368665925812,0.7776673199975862,4.187197920592944
2021-01-13,305.2916528629581,307.88601770405285,304.6892169718656,307.0892639160156,22898400,22.209999084472656,60.67109445270233,3.7940681655334174,4.003104188783103,-0.20903602324968595,0.1484267839070281,0.04026772549991413,4.379673330663336,19.586840869603545,0.7866796552315877,0.777488897873796,4.135286135800675
2021-01-14,307.5362464068914,308.5370740795253,304.9710009236697,305.4471435546875,23500100,23.25,57.761238967831844,3.6117326674475976,3.9248298845160026,-0.313097217068405,0.14611781266542742,0.03830884311492182,4.321559032462786,18.66756634069454,0.8104262444559321,0.770357487551739,2.482942022227652
2021-01-15,305.2332859244939,306.19523787933554,301.78381042970767,303.0275573730469,35118700,24.34000015258789,53.67623546214558,3.234702451694602,3.7868043979517227,-0.5521019462571206,0.14853002903538615,0.03687839723553811,4.327978205117434,17.438945797537812,1.1912700283751214,0.773014784628682,1.115007649607258
2021-01-19,305.34993211886086,307.9540230707426,304.2519308006086,307.4487609863281,24537000,23.239999771118164,59.33544828455303,3.255134309338473,3.680470380229073,-0.42533607089059977,0.1536914123525874,0.038369633364458394,4.370727311730169,18.859085841248717,0.8311886281932395,0.774594445441481,1.9239580786156951
2021-01-20,311.07317369987015,315.5428711415688,307.54597594959034,314.600341796875,30728100,21.579999923706055,66.47088405430831,3.8045431022445655,3.7052849246321715,0.09925817761239397,0.1661380587207338,0.04866771520763799,4.636683229123777,21.302511501977644,1.059658715688712,0.7832119328945475,4.611010169532803
2021-01-21,315.9412208169438,317.8651546935984,314.56145411666586,317.116943359375,25130600,21.31999969482422,68.56145109580538,4.392389510763621,3.8427058418584616,0.5496836689051596,0.166716722558277,0.05927085637093552,4.54147018253869,21.97449769521424,0.8848844880072493,0.781507693218797,5.645454895744728
2021-01-22,316.0772598332255,317.21410690070263,315.5136697825064,316.2035827636719,21609400,21.90999984741211,66.93036207701516,4.730036541019956,4.020171981690761,0.709864559329195,0.16729382012747596,0.06563520841670116,4.338539249371373,21.32908356553879,0.7670654618565133,0.7763671525403528,5.05551902076764
2021-01-25,319.5947739096776,320.9648441312771,312.30718527559947,318.8174133300781,39080600,23.190000534057617,69.18937160893871,5.149181962717421,4.245973977896093,0.9032079848213277,0.1510608247515995,0.072136343465264,4.647047792678966,22.040246963255655,1.3445707167797132,0.7836043668157678,6.460073634396224
2021-01-26,319.5364288170453,320.4206596669889,317.9525883744689,319.2837829589844,25498100,23.020000457763672,69.58854658805225,5.456095389285224,4.48799826017392,0.9680971291113041,0.15108529914554075,0.07767174266802584,4.491406614096182,21.927522492153532,0.8643089724668267,0.7322510503899533,6.147409713039642
2021-01-27,317.0197578162297,317.0294544345841,308.37179760090487,310.3831787109375,55264000,37.209999084472656,54.95515201511446,4.924357189295733,4.575270045998282,0.34908714329745116,0.17499520293127116,0.0770124421340529,4.950019381523562,18.271580007781914,1.774725986694372,0.7587808317324696,2.1587290681868376
2021-01-28,311.5881110450291,317.17526158448135,310.96622266445956,312.2196960449219,42836300,30.209999084472656,56.96600007179633,4.598137963077193,4.579843629414064,0.01829433366312827,0.17468929954622292,0.07680525048350625,5.081595345239298,18.7291404303156,1.3391501570526774,0.7483459169591071,2.6712880788059223
2021-01-29,310.52899943686447,311.63672715135516,303.9021746576793,305.65118408203125,55259000,33.09000015258789,48.60806308148982,3.766168806315477,4.4171086647943465,-0.6509398584788695,0.1848256374759578,0.07616807859788789,5.312732919668101,16.004398614403428,1.6327696837108923,0.7732361440350649,0.5080607529390546
2021-02-01,309.100612880769,314.3768493219774,307.06980850898356,313.28857421875,35646000,30.239999771118164,56.584219212283934,3.6806723119946128,4.2698213942344,-0.5891490822397873,0.19724705822450597,0.0763452829302238,5.55651379968796,18.662511677100227,1.0318580305076357,0.7785530088272972,2.766644106237104
2021-02-02,316.2619223042127,319.55589693127945,316.09672391519376,318.39959716796875,33930800,25.559999465942383,60.95185672063303,3.979459825931656,4.211749080573852,-0.23228925464219596,0.20138472457976575,0.07622166905168204,5.607285864890924,20.34779414357249,0.9986492211793996,0.7621272979461822,5.939035684618155
2021-02-03,320.47902061490953,320.8482632016787,317.07814575212547,317.1364440917969,24824500,22.90999984741211,59.3624194202011,4.067438290023233,4.182886922463728,-0.1154486324404953,0.2016030969764102,0.07582916001255449,5.476059549509662,19.619069660087074,0.7355026035687039,0.743137265932408,4.655974803433804
2021-02-04,318.5356094009459,320.97450193800086,317.21411140206624,320.8870544433594,22350900,21.770000457763672,62.490170604027874,4.389208701159589,4.224151278202901,0.16505742295668835,0.20330792611720483,0.07244354529829317,5.35905942784497,20.754757084951702,0.6935067268219449,0.7470162422388917,7.3811427441066835
2021-02-05,321.83926123061025,322.9858344134837,320.19712266646695,321.97528076171875,22732000,20.8700008392334,63.37107838631409,4.6780986304243015,4.314940748647182,0.36315788177711994,0.20332911875304535,0.07567815198862798,5.1754631649286695,20.896519473735665,0.713817496410423,0.8295403061341652,5.20032609601726
2021-02-08,323.66612061318955,324.2879794456535,322.02398154379915,324.13250732421875,20462800,21.239999771118164,65.1198186509491,5.023211678219525,4.45659493456165,0.5666167436578746,0.2024785128324445,0.08171850348163104,4.970979987714818,21.43226574265182,0.6564686275154571,0.8443451514214028,4.560695253734948
2021-02-09,323.1996756037342,325.32765374402766,323.1899493303581,324.0644836425781,17597500,21.6299991607666,65.0144139727199,5.230928425640798,4.6114616327774804,0.6194667928633173,0.20258590845271054,0.08356132452736925,4.7686031609973,21.14124654214296,0.5786066618924836,0.851654461057959,6.071477302943662
2021-02-10,325.5025081813425,325.95919817401995,320.1680037385982,323.3259582519531,28068700,21.989999771118164,63.806866802228285,5.275144040742759,4.744198114370536,0.5309459263722234,0.20176795400269518,0.08262566104255807,4.84164539488476,20.606805874608753,0.924721635848048,0.8524866408998454,5.998297383254747
2021-02-11,324.8612673810929,325.5123050386112,322.71386614927764,325.10418701171875,22046100,21.25,65.46989361383888,5.391523309299771,4.873663153356383,0.5178601559433877,0.20195958907460404,0.08347205860469016,4.6957020730596755,20.998583631263614,0.7273285724748656,0.8549621866529272,5.866347415072748
2021-02-12,324.2587544122885,327.0863417994579,323.2093549047164,326.9211730957031,20346800,19.969999313354492,67.13176754114025,5.566206545674447,5.012171831819996,0.5540347138544508,0.20205769712795554,0.0826152794155075,4.6372224174655186,21.415278152665866,0.6747764223564212,0.8584465780681094,7.030358605128328
2021-02-16,327.71794132835186,328.6118984438761,324.8709309239507,326.0369567871094,27080800,21.459999084472656,65.48017989792777,5.5690983040212245,5.123557126260243,0.44554117776098145,0.2026186182116876,0.07529579604723897,4.573204210498367,20.830919070214733,0.9102330974908828,0.8580849814187947,7.593170605845723
2021-02-17,323.053892135845,326.15354834794044,320.81904386184914,324.4725341796875,31360300,21.5,62.548150882107,5.383101173883006,5.175465935784795,0.20763523809821027,0.1977898232255466,0.07028051484882945,4.627582801612148,19.98768565920606,1.0421243847960957,0.856648404849531,5.537109058024914
2021-02-18,320.8774047069809,324.4142990600901,319.0603409863732,323.053955078125,32236200,22.489999771118164,59.927733854289876,5.062868039047373,5.152946356437311,-0.09007831738993755,0.1980584275758489,0.0698227661202334,4.683626401019445,19.210354017794177,1.0685536065117855,0.8576634922291436,2.687096025696034
2021-02-19,324.4046138049661,324.5309367716347,320.62479934666845,321.6450500488281,39157700,22.049999237060547,57.35757727721174,4.641885346579329,5.050734154465715,-0.4088488078863861,0.19322087580659672,0.06969403469544792,4.628091474158501,18.448091718086175,1.2684946350636592,0.8559451907884688,1.4278980622998816
2021-02-22,317.252933497916,318.5161033013795,313.10387824342513,313.30792236328125,47256900,23.450000762939453,45.046140693790576,3.594086608658074,4.759404645304188,-1.1653180366461138,0.19889810484197254,0.07127767459918385,4.907597212104536,15.163155963538754,1.4698057340491046,0.8523840062640367,-0.9157582514031204
2021-02-23,308.02211337733644,314.0465325034407,302.19204183076226,312.375244140625,97241900,23.110000610351562,43.91063907364196,2.6578017380103915,4.339084063845429,-1.6812823258350376,0.1958669847091657,0.07395921401818319,5.403803887859813,14.61473742389186,2.773595962220619,0.8498509726439378,-2.0206453349470688
2021-02-24,309.71277330579164,315.2610784917458,307.0115084563774,314.95013427734375,58206300,21.34000015258789,47.82117277902279,2.0993612179191814,3.89113949466018,-1.7917782767409984,0.1919923417418089,0.07490553072408561,5.607072898396143,15.353732118733324,1.5862069435370085,0.8537501199466491,-1.357303099292495
2021-02-25,312.28768584361495,314.85290099440857,302.42512792005573,303.9700927734375,110182600,28.889999389648438,36.22339759479438,0.7620115028018972,3.2653138962885238,-2.5033023934866265,0.21842045387800352,0.08244634088795462,6.101211002602705,11.160557755680625,2.793591118729765,0.8782432825799728,-2.066183471712091
2021-02-26,306.90451156708735,310.0721617792351,302.0752705740452,305.2429504394531,104739800,27.950000762939453,38.097625148378114,-0.19291500152860408,2.5736681167250985,-2.7665831182537026,0.2178545749853723,0.0888002771896019,6.236616731358934,11.442280339462547,2.4623581038160745,0.874426495681428,-2.2345629356019026
2021-03-01,310.2277571656376,314.76550841527796,308.93543791994523,314.4254150390625,49164500,23.350000381469727,49.60362451336405,-0.20637403257046572,2.0176596868659855,-2.2240337194364512,0.23405050989455903,0.0818060521268503,6.471326820249355,14.581282963576792,1.1641622853757447,0.8851662398348042,2.870668073275451
2021-03-02,315.0667406938398,315.1444619232091,309.1297995360791,309.3824157714844,48370000,24.100000381469727,44.69061411632885,-0.6168575564976777,1.490756238193253,-2.1076137946909306,0.23791134768411104,0.08455908834435938,6.438707932169405,12.549542743471221,1.128351301925417,0.8867991025610338,-1.2468244196285894
2021-03-03,308.2844744176896,309.2270038937318,300.34587645798626,300.4041748046875,86301100,26.670000076293945,37.55834454994839,-1.6476446958831161,0.8630760513779794,-2.5107207472610957,0.2492514838475556,0.09833771789223897,6.624267316550027,9.116200297891512,1.8972958272994744,0.8896387534388842,-5.65183578225067
2021-03-04,300.0348748513889,303.2025561322698,291.6104095232138,295.4874267578125,139131600,28.56999969482422,34.3274393511722,-2.828684097193559,0.1247240216636718,-2.9534081188572308,0.24258606853500053,0.11604046188227493,6.979115837443314,7.183738870810913,2.7173225120833333,0.8948585572286823,-6.826404765930327
2021-03-05,298.1109836219528,300.8413981248795,289.02581240399957,299.937744140625,121523700,24.65999984741211,39.40820653738255,-3.366753077970884,-0.5735713982632394,-2.7931816797076445,0.24594878264539932,0.12428994250669173,7.3245779719745014,8.639837578515065,2.1638694833981225,0.8980003213585575,-6.528562001067639
2021-03-08,299.39357447267383,301.2786331336589,291.02743682691266,291.44525146484375,88409800,25.469999313354492,34.002149785514945,-4.427413341001511,-1.344339786810894,-3.083073554190617,0.2577391384821422,0.13993181891118778,7.533622138743911,5.43508121758332,1.4872724033634537,0.8834341541836433,-9.482103478455873
2021-03-09,298.7619498956112,304.84466598667217,298.2275386529086,302.9401550292969,80391100,24.030000686645508,45.000077100616224,-4.290987754576349,-1.933669380363985,-2.3573183742123645,0.28367734899146047,0.14030467170957975,7.952607308964232,9.432542186178292,1.2874797788044234,0.8765652626869872,-6.538175535020896
2021-03-10,307.20583905953924,307.50705698397974,301.385495073599,302.07537841796875,76798100,22.559999465942383,44.400626444487216,-4.204186494838268,-2.3877728032588417,-1.8164136915794264,0.28355527103284395,0.13990350514762454,7.821818351922556,8.963279853236381,1.1742703059753183,0.87289455595,-6.785410415064774
2021-03-11,306.82689422606705,310.80105553782056,305.9329666557301,309.0326232910156,53484800,21.90999984741211,50.15359572575577,-3.5332749596456097,-2.6168732345361954,-0.9164017251094143,0.28107888768519973,0.1361976929407942,7.886379692488932,11.297690117998892,0.8022137793349647,0.8731662424568898,-4.420719894627001
2021-03-12,304.97094352174713,309.21720269223636,302.5709265365958,306.525634765625,69315600,20.690000534057617,48.21750102952414,-3.167354465897347,-2.726969480808426,-0.440384985088921,0.28145602018202337,0.1306297407568167,7.797800868428335,10.228958811450854,1.004064895796305,0.8789962761599499,-5.7146456392528915
2021-03-15,306.84635075049283,309.9654303200761,305.20421177246004,309.80023193359375,42955700,20.030000686645508,50.884560932623664,-2.583347986274873,-2.6982451819017155,0.11489719562684231,0.27627172511039466,0.12122096397295377,7.580902131227459,11.23229804040166,0.6122060829817535,0.8802850569901226,-5.23702426489745
2021-03-16,311.9962674624245,315.0182032249442,310.0626366034976,311.5007019042969,54925900,19.790000915527344,52.25965093199674,-1.9607031628532923,-2.550736778092031,0.5900336152387387,0.26693479535903814,0.11121519349518297,7.41212135695053,11.671331005399274,0.7675751924880739,0.8781412095799409,-4.458468458931231
2021-03-17,308.45934326277927,314.67807956230064,306.739453386651,312.7832946777344,78258700,19.229999542236328,53.32119332567523,-1.3482167333701227,-2.310232769147649,0.9620160357775265,0.26274363274294044,0.10188764556400547,7.449728844000466,11.958230196386685,1.0589437990003059,0.8779058344831845,-3.602535891521663
2021-03-18,307.8957079388046,308.87711254196756,302.7458246468267,303.2025146484375,82718100,21.579999923706055,45.23059220252056,-1.6172629036805688,-2.1716387960542334,0.5543758923736646,0.2768232255771534,0.09250902275180004,7.634567500208125,8.383276812220576,1.082319469656512,0.883687130404564,-6.144930318183772
2021-03-19,303.03734225827503,305.8163579422789,300.88994126604837,304.2713928222656,78446200,20.950000762939453,46.21117664242884,-1.7243570813258202,-2.082182453108551,0.3578253717827309,0.27442499152583893,0.08195804707756922,7.441128155638297,8.61956421569245,1.0007026306040787,0.8823106612252531,-5.401499952797362
2021-03-22,306.6695743167203,312.0497412454093,306.6695743167203,309.9774475097656,56194800,18.8799991607666,51.230945211267326,-1.3334281333973763,-1.9324315891663162,0.5990034557689399,0.28041200899251745,0.08004533800810847,7.465215317602966,10.493989633214381,0.712788113703776,0.8837268661730135,-1.0630037148099736
2021-03-23,311.067155437434,312.39029296037745,307.8079153488857,308.6251525878906,53455400,20.299999237060547,50.03909609791788,-1.1198243858149795,-1.7699101484960489,0.6500857626810694,0.2795649780874585,0.07822713949914348,7.259298338595024,9.86206630354892,0.6974078748116895,0.8824657136617314,-1.2005085624026468
2021-03-24,309.99695721014285,310.0358817527099,303.2741750592507,303.42010498046875,64803700,21.200000762939453,45.63806808169191,-1.3549269638189685,-1.6869135115606329,0.33198654774166436,0.28305178464006364,0.07358677019562532,7.2237560782281784,7.875688152063136,0.8418408969978134,0.8818585590792429,-3.6609062965890726
2021-03-25,301.5716680260001,304.4125665535746,299.0615836597106,302.8948059082031,78729000,19.809999465942383,45.20594561504018,-1.5655875766943836,-1.662648324587383,0.09706074789299945,0.283052182977989,0.07382068854396312,7.089986565059308,7.560202175649749,1.0440697728081683,0.8781429608646698,-0.353747585962616
2021-03-26,302.68070881417657,307.7592782715595,301.2797517793701,307.438232421875,63519600,18.860000610351562,49.64681592689781,-1.3503550292617774,-1.600189665522262,0.24983463626048463,0.2865627157602333,0.07407883454328872,7.046382274140028,9.039944119006146,0.8660401197793384,0.8795487548883707,0.7191917059055308
2021-03-29,306.9030881854968,308.4013414555567,304.0038187635937,307.3506164550781,54608000,20.739999771118164,49.56339401760832,-1.1733261871229956,-1.514816969842409,0.34149078271941335,0.2857684738939613,0.06925283076868077,6.85717801827024,8.852965889241506,0.7417847320549201,0.879453062228857,-2.2500721142740487
2021-03-30,305.3853686339055,306.3777217079324,303.09903441898047,305.8037109375,44635700,19.610000610351562,48.02892951450639,-1.144657008078923,-1.440784977489712,0.296127969410789,0.2859051756570095,0.06805554627944665,6.6710640195436275,8.156832711344872,0.6078646248763965,0.8800870862739659,-1.1567253507476893
2021-03-31,307.59389757634335,312.04979302261273,307.2533746123098,310.4834289550781,55032500,19.399999618530273,52.79065507834496,-0.7358400372480673,-1.299795989441383,0.5639559521933157,0.29008632349062685,0.06850888392956757,6.640708167084278,9.65814683820968,0.7657558625737301,0.8769568590116009,3.355231050614993
2021-04-01,314.3165817159897,315.91213126993784,314.0636167892207,315.77593994140625,55685600,17.329999923706055,57.52993530471954,0.015038409317867263,-1.0368291096895332,1.0518675190074005,0.29472411198359266,0.06796363139673182,6.554136320496809,11.368790025653237,0.8226003255798837,0.8784914122547554,6.866117251148762
2021-04-05,318.26657986321493,322.8489564389426,318.0233534890573,322.0803527832031,42172500,17.90999984741211,62.375285666095344,1.1060782347842064,-0.6082476407947853,1.7143258755789916,0.3003992775668975,0.07846993668720807,6.591199190285347,13.419846479407202,0.6617677519621185,0.8970692013741498,7.382401540033134
2021-04-06,321.76903997010925,323.8121177247788,321.07825570224696,321.8565979003906,33537200,18.1200008392334,62.10446757915886,1.9304272443151262,-0.10051266377280305,2.0309399080879293,0.2900441364382683,0.0730886079102536,6.31567510687438,13.171007733196824,0.5499397295100421,0.893588499119878,10.434668701135209
2021-04-07,321.3799225981196,323.47169357824015,320.44594145178377,322.6349792480469,32046400,17.15999984741211,62.71099507673426,2.6163786584978084,0.4428656006813192,2.173513057816489,0.28981314796611163,0.08015541015213372,6.080680608273094,13.273132358980908,0.5471827381590142,0.8936183952154632,6.501226031539242
2021-04-08,325.495350910714,326.1861056916223,324.6975610562973,326.0012512207031,29940800,16.950000762939453,65.29778489768552,3.3925232154796277,1.032797123640981,2.3597260918386467,0.2903422735674606,0.08823443765790558,5.899998167937546,14.281090796591133,0.5325335701508859,0.8922731754630002,7.92049750232513
2021-04-09,324.639227790152,328.1806194544757,323.8998395090506,327.9762878417969,36664900,16.690000534057617,66.75497961343476,4.1195052260172815,1.6501387441162412,2.4693664819010404,0.2695140482185502,0.09952043389316036,5.78433972347237,14.799151601247058,0.6620326362305368,0.8919760680034204,6.129988591185742
2021-04-12,326.935160510151,327.9664379269675,325.6606567272792,327.548095703125,25833000,16.90999984741211,66.10686003631648,4.607974320350536,2.2417058593631003,2.3662684609874356,0.2697165287448081,0.10667325948256838,5.536574822832748,14.466636502281297,0.4855080097169261,0.892311140088831,6.8583043482070005
2021-04-13,329.0756007882481,331.8386492985091,328.86156035551613,331.3716735839844,30374000,16.649999618530273,69.00109484214445,5.243180258596453,2.8420007392097713,2.401179519386682,0.2583928024509507,0.11722052094254308,5.447573306586415,15.615487803550582,0.5776820067289093,0.8900763092051891,6.963016623891516
2021-04-14,331.6148625778099,331.7413450497956,326.5752189557659,327.3924560546875,42564300,16.989999771118164,62.97415660849142,5.363666928576265,3.34633397708307,2.017332951493195,0.2562190154426623,0.1221775459383031,5.4274699342609365,14.039342744952005,0.8191582844216684,0.889621439762338,5.101675230020208
2021-04-15,330.2722456255697,332.7434340163639,327.1103026131583,332.354248046875,36342800,16.56999969482422,66.86106946318401,5.792753373907885,3.8356178564480334,1.957135517459852,0.2412773225555522,0.1306659168059652,5.442160039185555,15.57278272599868,0.7288205357541252,0.8904845096223889,6.257032809026741
2021-04-16,332.8796605894419,332.95750966786864,330.8657387779686,332.74346923828125,40860100,16.25,67.15237346139446,6.09396691330943,4.287287667820313,1.806679245489117,0.23398103775628792,0.13240227926909762,5.2028465285223024,15.522153393412804,0.8553090099759642,0.8870039695936264,9.742978096371147
2021-04-19,331.1673697433248,332.3251001558623,327.77190882192366,329.6982727050781,34533100,17.290000915527344,62.521718760808916,6.017591849926248,4.6333485042415,1.384243345684748,0.2346211344291699,0.13026811063029797,5.186326091939109,14.292820477563334,0.7576924773135028,0.8899251830187015,8.356644917212153
2021-04-20,329.0366752974596,330.32088808353404,325.3201688982717,327.295166015625,38081800,18.68000030517578,59.060563918065405,5.697476473473898,4.84617409808798,0.8513023753859184,0.21730535533246426,0.12942540171209038,5.173068455747914,13.297375792848959,0.8524945255335562,0.890088749125072,5.586767245482838
2021-04-21,326.01095234182674,330.2820224184414,324.92130275884034,330.09716796875,36598100,17.5,61.72144645608352,5.605266844611265,4.997992647392637,0.6072741972186275,0.19024311478220096,0.12806512433603687,5.186472113165995,14.11034955227897,0.8350362911694549,0.8902960936625759,6.957312195980059
2021-04-22,329.7079742744306,330.69058868482625,324.96019046607444,326.1179504394531,45936100,18.709999084472656,56.140895081701935,5.151714690377673,5.0287370559896445,0.12297763438802889,0.19449728340047748,0.1184766245938444,5.225323977850697,12.584505789240923,1.0711517082694266,0.892457929247936,7.480666273068959
2021-04-23,326.7503828808399,331.5370622628413,326.7503828808399,330.2236633300781,36381900,17.329999923706055,60.14494938511459,5.065179817904038,5.036025608372523,0.02915420953151493,0.18719649438013272,0.1070506430930792,5.239165966817659,13.848516039831951,0.892425863594017,0.8892198516170182,9.02255730002759
2021-04-26,330.46680140933296,332.6558386330418,329.7176452240489,332.3736877441406,30812000,17.639999389648438,62.096411060589446,5.111170913037597,5.051054669305539,0.06011624373205837,0.18492559866722325,0.09959752649748793,5.074810784115891,14.4357376538202,0.7873854774757462,0.8892481440346929,8.110720363513057
2021-04-27,332.6656393691453,332.87967981109216,329.980439822852,330.9338684082031,33187200,17.559999465942383,59.978434821959134,4.9740994774345495,5.035663630931341,-0.061564153496791896,0.18446098052117632,0.0882075009051444,4.9194128701247655,13.793277523006653,0.8719476629620871,0.888813780148124,7.673077810980056
2021-04-28,330.6031147927969,331.61494512984575,329.16320353202457,329.8150634765625,33615700,17.280000686645508,58.31403101487592,4.720773036447326,4.972685512034539,-0.2519124755872122,0.18490571277257703,0.06874736109726812,4.743150636388795,13.254644292468203,0.896179685417222,0.8836470139592929,7.851883963556583
2021-04-29,333.09366357143676,333.5120058260956,327.77186910250094,331.0019226074219,37708900,17.610000610351562,59.59497013951176,4.563178142563572,4.890784038140345,-0.3276058955767729,0.18485950182980238,0.052034352113675894,4.814363928332072,13.50928077802708,1.0290657469663371,0.8808379038486551,6.608563207833051
2021-04-30,328.5502456857834,331.04088174272067,327.9178332687798,328.8323669433594,38263400,18.610000610351562,56.19560920822329,4.214634361987919,4.75555410290986,-0.5409197409219413,0.15939759446072788,0.03969889520189574,4.693555681589842,12.618951539979953,1.069625421166023,0.8806316744217585,4.134712418044195
2021-05-03,330.03881846341363,330.78794518001274,326.6336484395017,327.0811767578125,29729700,18.309999465942383,53.540879127207866,3.753832646029025,4.555209811533693,-0.8013771655046682,0.1610821590965461,0.03577931644457874,4.6550371857984985,11.87407392004742,0.8457814482098014,0.8779036495711547,1.5526634677947904
2021-05-04,324.5224505449967,324.8435260801379,317.371587103062,321.19512939453125,65147000,19.479999542236328,45.722402366859434,2.8804847011723496,4.2202647894614245,-1.339780088289075,0.16397219818490447,0.0367456003013209,5.0160766478665,9.730253800008354,1.7736215616973754,0.8790146689986096,-0.20551652822232702
2021-05-05,323.247992631929,324.1138931541876,319.33692151357883,320.115234375,46219300,19.149999618530273,44.44020415681359,2.0772662277047402,3.791665077110088,-1.714398849405348,0.16370072275722197,0.040250641588979945,4.998997718776664,9.246823996022997,1.2344995773871617,0.8787012105390285,-0.7809893641785415
2021-05-06,319.8524333612818,322.68359203255534,317.60502394946934,322.5279235839844,46814300,18.389999389648438,47.95204118982125,1.6167566913433689,3.3566833999567445,-1.7399267086133756,0.1552693937272764,0.04285000362207801,5.004681316227331,9.94551001883927,1.222836123665152,0.879331018624126,-1.0654338361319016
2021-05-07,325.3104273672346,327.5286508565458,322.703047592043,325.1450500488281,53324500,16.690000534057617,51.53091622262475,1.4463076649925029,2.9746082529638964,-1.5283005879713936,0.1557884408751705,0.043696021277427326,5.004398884536911,10.708993004667782,1.3632275600285917,0.8799133950946095,-0.8632446606427924
2021-05-10,323.7635019709254,323.93861784103126,316.7293842811351,316.9337158203125,60700500,19.65999984741211,41.815637622844946,0.6412476327848822,2.507936128928094,-1.8666884961432118,0.17051426992155072,0.053057596402916136,5.248060804762349,7.7907346842521585,1.4855823220586233,0.8839574460790517,-3.240556126582672
2021-05-11,311.0379246131445,317.2937003428545,310.37632625632517,316.49591064453125,71963600,21.84000015258789,41.36781929119735,-0.03172970143191378,2.0000029628560925,-2.0317326642880063,0.17061957095856606,0.05979536376568325,5.367297467745703,7.516368495641341,1.6759412113146457,0.8750123734635588,-4.4891474212514275
2021-05-12,311.55364004509016,313.8788695053953,307.43823775608513,308.30413818359375,91164900,27.59000015258789,34.02527659034982,-1.2121042798084432,1.3575815143231853,-2.5696857941316287,0.18697837653158558,0.07788759034005144,5.630895712081447,4.634012038008685,2.0093986576148666,0.8792240996375646,-5.830408587027813
2021-05-13,311.252015575738,313.66480279469476,308.3138212561382,310.6877136230469,69877800,23.1299991607666,37.50135951355929,-1.932943253112228,0.6994765608361027,-2.6324198139483306,0.18295716099593173,0.0859561633862695,5.611593490582844,5.332853732917179,1.4853081542860342,0.8776945148019663,-6.519108617132008
2021-05-14,313.85934097492924,318.46116529191266,313.35341107944174,317.5466613769531,44370000,18.809999465942383,46.273652757128005,-1.9285227617638157,0.17387669631611902,-2.1023994580799346,0.18753310973592058,0.08528820184698045,5.766011931888769,7.538683507517484,0.9396145695529726,0.8825967307240933,-4.567124306336279
2021-05-17,315.83440178306506,317.52724830530997,312.74056859043566,315.620361328125,39395000,19.719999313354492,44.389259277098105,-2.0567469076308385,-0.2722480244732725,-1.7844988831575659,0.1787273063146544,0.08686062683932273,5.697446278647961,6.773614964114248,0.829987242066901,0.8827369209892674,-4.269937862108886
2021-05-18,316.5738092821899,317.79965031053763,313.2172726422136,313.48968505859375,36528500,21.34000015258789,42.33562997240394,-2.3037371869179992,-0.6785458569622178,-1.6251913299557814,0.17961085285817624,0.0902517353265246,5.617798520767683,5.952997426235894,0.7708561771898237,0.8822616190123439,-4.218052201960165
2021-05-19,308.0803762464811,314.1512993720676,307.73011469422676,313.8497009277344,66319100,22.18000030517578,42.8170229774458,-2.4422754596255913,-1.0312917774948924,-1.410983682130699,0.17944979456772361,0.0909596631061581,5.67518324627291,5.980519847038258,1.3569688930302373,0.8810047346976299,-4.922025578405975
2021-05-20,315.33818528965156,320.7767244958764,315.11443598457873,319.9205627441406,46466100,20.670000076293945,50.34485417233213,-2.038699369302776,-1.2327732958564692,-0.805926073446307,0.186057557421652,0.09038168506503087,5.764600412120705,7.925430543489524,0.9502372929604349,0.8840719843539638,-1.900351601916217
2021-05-21,321.47716153626556,321.89550378108464,317.7898710192973,318.14984130859375,50330400,20.149999618530273,48.34570328971943,-1.840528366109936,-1.3543243099071627,-0.4862040562027734,0.1855067210165863,0.08751531026967281,5.646102722811178,7.228141835559715,1.0147893330822424,0.8714832334432462,-3.6562558539046552
2021-05-24,320.4459166194795,324.62942856480254,318.04283857061887,323.5008544921875,32475800,18.399999618530273,54.257034118435854,-1.237430051343324,-1.3309454581943951,0.09351540685107107,0.19250802395842373,0.08179979125359484,5.71328038505207,8.926775264316314,0.6536985594932053,0.8809646951515677,-2.669535399199041
2021-05-25,325.01853568945376,325.7384762322384,322.77112644145234,323.9483337402344,31280300,18.84000015258789,54.72366304551307,-0.7151190094302251,-1.2077801684415612,0.4926611590113361,0.1892084007771,0.0770480066145127,5.51714248546164,8.966194828896318,0.63084529635529,0.8707965230926117,-2.110855169212289
2021-05-26,324.6196680202339,325.5439104744415,323.9289133960205,325.0769348144531,25444900,17.360000610351562,55.94434149693954,-0.20772059734491677,-1.0077682542222324,0.8000476568773156,0.18646035499616245,0.07348791626796776,5.238417813530164,9.230272702327042,0.517423062375702,0.8679337271608455,-1.4366016555353855
2021-05-27,324.6293824461535,325.4758054576865,323.6564769725352,323.86077880859375,27931700,16.739999771118164,54.247113671512096,0.09516566347781463,-0.787181470682223,0.8823471341600376,0.18092538346668235,0.0675141200346499,4.994197147217387,8.699913812799966,0.5736953384596488,0.8597599297583061,-2.15743272503518
2021-05-28,325.06720917265795,326.4779341466022,324.5613089573312,324.8823547363281,29927400,16.760000228881836,55.46922364667733,0.4128784413949802,-0.5471694882667824,0.9600479296617626,0.18120419703040927,0.06410146025404763,4.824408446559606,8.930915931554196,0.6199930640925087,0.855297419477734,-1.201223664126605
2021-06-01,326.2152774281797,326.6920214227028,322.45013702627034,323.802490234375,31145400,17.899999618530273,53.832338031613226,0.570950504377663,-0.3235454897378933,0.8944959941155564,0.17963189532386936,0.06163508056174033,4.782799585836238,8.460621430695209,0.6442810576664997,0.8593359107157951,-1.0024075845444291
2021-06-02,324.2208045422661,325.28126812701936,322.7128126764986,324.4348449707031,22047900,17.479999542236328,54.67581350118376,0.7387338317848844,-0.11108962543333775,0.8498234572182222,0.1786084505999528,0.06302304474736106,4.62463214759942,8.562503805811298,0.4773681066513779,0.8701683043958973,1.0086440545592712
2021-06-03,321.5939240774874,322.86842799809847,319.38543912368743,321.058837890625,37057800,18.040000915527344,49.47850603877213,0.5924582804106535,0.0296199557354605,0.562838324675193,0.17895420465306336,0.06314844206417689,4.654973126129154,7.3358112819494785,0.8103910281369555,0.8748039704444169,0.29476994978614446
2021-06-04,322.85874493656263,326.95466939755596,322.7906344154901,326.50714111328125,38736500,16.420000076293945,56.64157679078581,0.9057257461793711,0.2048411138242426,0.7008846323551284,0.1829092215989657,0.06551008896551759,4.743605867614997,9.053556348049366,0.8546499396958438,0.8846917678830731,1.233759075827967
2021-06-07,325.971989583587,327.5383829435211,325.2812349629894,327.4800109863281,32611900,16.420000076293945,57.79235684672055,1.2184494115554685,0.4075627733704878,0.8108866381849806,0.17929376725708648,0.0673002535101322,4.566001732823335,9.269581976450683,0.7363468508668393,0.8821562191351093,0.718129012620472
2021-06-08,329.2313228070993,330.0972232364959,325.95263495161277,327.6357727050781,27282800,17.06999969482422,57.98462958109812,1.4620008031713496,0.6184503793306602,0.8435504238406895,0.178175827636042,0.06991413517011442,4.535900772256178,9.219284737543315,0.6401724721707246,0.887134065009716,3.376749254040612
2021-06-09,329.00757389545515,329.7858866744115,327.52873804841715,327.7135925292969,21485300,17.889999389648438,58.08735687505158,1.6423642919457393,0.823233161853676,0.8191311300920633,0.17779525415383365,0.0716549435592046,4.373132761808902,9.146402047414771,0.5358735321204745,0.8858013593415356,3.544337069607395
2021-06-10,328.05412349547544,331.23551491263754,327.60659512121026,331.1285095214844,33702100,16.100000381469727,62.428559770568754,2.037373346152094,1.0660611987133597,0.9713121474387345,0.1801772078765221,0.0670044532939968,4.319974692495929,10.18095019864144,0.905463297639615,0.8897344657789025,7.403199798861859
2021-06-11,331.13819242303975,332.0040928067444,330.48636218631464,331.9943542480469,21222800,15.649999618530273,63.461928242098125,2.392705679103358,1.3313900947913595,1.0613155843119984,0.1800382303728135,0.06376546633057653,4.119814401634059,10.368552787268667,0.6100594499524765,0.8895688581931305,6.857896109419714
2021-06-14,332.4224109867371,335.18545959968566,331.2354648503336,335.1757507324219,27827700,16.389999389648438,67.04816853241431,2.89761927000842,1.6446359298347715,1.2529833401736483,0.1808797958541954,0.06933484622409379,4.10768442647106,11.329955854164902,0.8194023904499783,0.878148627270495,5.551653189809991
2021-06-15,334.825501245157,335.1368382047209,332.2667544231833,332.9867248535156,35963800,17.020000457763672,62.50239102873001,3.0855623919728146,1.9328212222623802,1.1527411697104344,0.18126209310758534,0.06897381149714857,4.0220638466687415,10.509827522647802,1.0643512272040263,0.8814486182147163,5.502295052294248
2021-06-16,333.4536459661624,334.5238480326079,328.3069968719251,331.7705383300781,55399500,18.149999618530273,60.06580078291309,3.100630444155229,2.1663830666409503,0.9342473775142786,0.1730135672948298,0.06323273494537532,4.178834369098316,10.018503917523798,1.595012345622141,0.881040585882417,5.831405032694303
2021-06-17,330.75874706927146,336.995076075878,330.71011366128914,335.9832458496094,59722700,17.75,65.13583553235466,3.4131575185724046,2.4157379570272415,0.9974195615451631,0.17562513535167193,0.05927594537123532,4.329272086633353,11.32324051973151,1.735966542588845,0.8706755964177431,7.0522752949735645
2021-06-18,334.3196159793961,335.4676376673165,332.59755375678736,333.3467102050781,55414900,20.700000762939453,60.00149085967169,3.4087965993233524,2.614349685486464,0.7944469138368886,0.17681767764291967,0.05821157941555496,4.261873515646829,10.372045244377688,1.5900710978124324,0.8663594557098014,4.196712879526654
2021-06-21,333.5385475090524,335.739874468448,331.3177505653422,335.4184265136719,32992600,17.889999389648438,62.50268025444106,3.531798358439687,2.797839420077109,0.7339589383625782,0.1762533225154442,0.05541800358910896,4.273319971893901,10.981260495391584,0.9708363041211828,0.8614952466973186,5.427815124486646
2021-06-22,335.21386441553926,338.99312187242,334.9119161911646,338.5450744628906,28941600,16.65999984741211,65.96206858104838,3.8373380533153636,3.00573914672476,0.8315989065906035,0.1589736361743706,0.059662710284510846,4.2595975225625775,11.90511457213076,0.8560835661747959,0.8602710708705935,4.65044211222212
2021-06-23,338.48659299211926,339.85998461331513,337.8729467650784,338.7106018066406,27188500,16.31999969482422,66.14016670738127,4.0461951174252135,3.2138303408648508,0.8323647765603628,0.15869459336750316,0.0627646154350393,4.097271831539304,11.842155362570832,0.8091239938587702,0.8599208919109773,4.556982249596553
2021-06-24,340.6489910490621,342.33405118888896,340.1035342757446,340.8048400878906,32581600,15.970000267028809,68.39344283054336,4.330780826928105,3.437220438077502,0.8935603888506032,0.13456809466816513,0.06734738976505476,4.063427370875663,12.387133785250896,0.959432967036203,0.8594633123848522,4.838210155517375
2021-06-25,341.36980099697286,341.6133095710362,339.7821203380528,340.3860168457031,28682800,15.619999885559082,67.4270512658826,4.470982809903319,3.6439729124426656,0.8270098974606532,0.13455674587876884,0.0690312576764437,3.903981789597647,12.118014412250014,0.8436916672696649,0.8619382396460161,5.102574661217618
2021-06-28,341.67172164225093,344.66201382416097,341.6132819672113,344.525634765625,39130300,15.760000228881836,71.68558783777377,4.860102228240578,3.887198775602248,0.97290345263833,0.12513286263106618,0.07424218483615003,3.930554303087661,13.3315186268508,1.1356294852195894,0.8510035611479572,6.046274826233389
2021-06-29,344.35031825737684,345.8016197400771,343.51266309224303,345.77239990234375,29426000,16.020000457763672,72.83740523705853,5.20903913695264,4.151566847872326,1.057472289080314,0.12231896570008371,0.07767962006883193,3.8132973277124056,13.585726438753676,0.8561298340415622,0.8409096024791245,6.784972423178859
2021-06-30,345.6165669915347,346.0062044797207,344.6425327214036,345.2269592285156,32724000,15.829999923706055,71.46768041558857,5.379549548578893,4.39716338801364,0.9823861605652535,0.11959666447423879,0.07884922195564512,3.638324072755597,13.260807233497632,0.9375225613927728,0.8402780378344878,6.408717984558665
2021-07-01,344.8762946699196,345.8697988480837,343.52237287035,345.3633117675781,29290000,15.479999542236328,71.61140239543343,5.462712044580712,4.610273119327054,0.8524389252536579,0.11973140886883255,0.07403312527551377,3.546117065968317,13.166875486808932,0.8485828608280651,0.8362303048451647,7.5700996230581685
2021-07-02,347.2626289263863,349.6490243772253,347.0288702528929,349.3276062011719,32727200,15.069999694824219,75.47877202922928,5.781854729375084,4.844589441336661,0.9372652880384233,0.11247969060062184,0.07703002603176978,3.598945319088237,14.310471611165976,0.9564908483350067,0.8387406948473781,6.989269824261846
2021-07-06,349.93152717757766,351.1198500599315,347.23343348906945,350.8373718261719,38842400,16.440000534057617,76.77634171317771,6.086442355873487,5.092960024244026,0.993482331629461,0.10960216304963717,0.08011832728465128,3.6194789799292217,14.638238344067114,1.124972232222323,0.8345234562450627,7.132453907490222
2021-07-07,353.03877987024356,353.34072815597347,349.6199096170924,351.5777282714844,35265200,16.200000762939453,77.40768451225519,6.314777992147924,5.337323617824806,0.9774543743231181,0.10183850700568149,0.08163953407203052,3.626717519854354,14.706364016513401,1.0096960621647428,0.834201008304315,7.307491293985668
2021-07-08,346.50296184725295,350.3114396314399,345.2172591272149,349.45428466796875,50890000,19.0,71.41134309070605,6.252318639180487,5.520322622095943,0.7319960170845441,0.10495922711572282,0.07896510635505657,3.821985493026862,13.846435895007684,1.3982004179764778,0.8380158238323346,6.634052610047991
2021-07-09,348.8698244628442,352.1133451021406,348.28539802801544,351.6360778808594,35184500,16.18000030517578,73.66837393441557,6.3061779364402355,5.6774936849648014,0.628684251475434,0.10547591183370202,0.07953321972672471,3.8224113202481704,14.3944568234455,0.9647279111938681,0.8364323418108963,6.193235487035098
2021-07-12,353.038741324153,353.467318791009,351.4607808006372,353.009521484375,25717700,16.170000076293945,75.00607809493079,6.386072568631448,5.819209461698131,0.566863106933317,0.10376890329266145,0.08024934551553124,3.6927060823998574,14.66073567417325,0.7008378377273601,0.830915925819733,6.329977292513478
2021-07-13,352.62963384209314,355.98031418742136,352.152366550663,353.009521484375,39723000,17.1200008392334,75.00607809493079,6.375892322415098,5.930546033841525,0.44534628857357283,0.1041032184508519,0.08176660495756288,3.7023661934254664,14.482986506137053,1.0652335191228095,0.8301535446172844,5.320722251828469
2021-07-14,355.35691930886213,355.9997855115647,352.8147040631074,353.64263916015625,35336400,16.329999923706055,75.66695686217442,6.345761718206347,6.013589170714489,0.332172547491858,0.10253539569254554,0.08051322901839805,3.665417283070598,14.520715142971369,0.9483978990873223,0.8280305453098535,6.203224562699128
2021-07-15,353.5549283830806,353.75946723264275,349.15227497712925,351.1587829589844,53391600,17.010000228881836,68.06322792256086,6.05169637158798,6.021210610889188,0.03048576069879161,0.10652663564021746,0.07451274055725274,3.7326869239593767,13.565036179503782,1.4368552140618671,0.826577296711305,5.84387170919225
2021-07-16,352.01592346241705,352.99970743130774,347.9639379741608,348.3146057128906,47262000,18.450000762939453,60.55887809805383,5.525452158775863,5.922058920466523,-0.3966067616906601,0.10425322854793607,0.07034165202793913,3.8257642477584892,12.498488700868604,1.293587093032374,0.8281760479755276,3.670230589057688
2021-07-19,344.8567672376918,345.95743054594027,342.89897887561,345.460693359375,64404600,22.5,54.111823400611215,4.8225219221466205,5.702151520802543,-0.8796295986559226,0.09982377978889082,0.06178228402456519,3.9393258612957847,11.44000012065388,1.7413661177068602,0.8182463797001979,3.634049109662496
2021-07-20,346.3958031033874,350.92505639496306,344.6133037899837,349.4737548828125,42183700,19.729999542236328,60.482592301320295,4.536965853470349,5.469114387336104,-0.9321485338657549,0.10369759241988934,0.054405776097804046,4.108784914416039,12.597044960829813,1.1265613209682397,0.81548544596409,4.190386471975094
2021-07-21,349.0451724083112,352.17181396484375,348.8211338342599,352.17181396484375,30259900,17.90999984741211,64.09205020236871,4.4767660585899876,5.270644721586881,-0.7938786629968932,0.10477721174569411,0.05035254488951492,4.054634572713739,13.309146639217214,0.8067032839010444,0.8179358477001605,4.0250886897622795
2021-07-22,352.3763083961614,354.5094454697625,352.3763083961614,354.4997253417969,30252200,17.690000534057617,66.90114368031506,4.564286032174721,5.1293729837044495,-0.5650869515297288,0.10524469032845687,0.04640787207588296,3.931991496442669,13.906473134571002,0.8032178416623621,0.8182718114919003,4.661538035992674
2021-07-23,355.824461469101,358.92188335434264,354.47056927310575,358.6394348144531,31960800,17.200000762939453,71.21382741300253,4.911074390697536,5.085713265103067,-0.17463887440553094,0.10611143721848885,0.047517535200347405,3.969085966785113,15.067004046431965,0.849282333203969,0.8230383461219976,5.233081408692164
2021-07-26,357.94787117463903,359.3115430348891,357.08099606651115,358.9219055175781,28438100,17.579999923706055,71.48683099323631,5.1493412873313105,5.0984388695487155,0.050902417782594966,0.10625406000353195,0.04614390498225704,3.8449046097560298,14.996358033226507,0.7559207112721581,0.8237790105644056,5.445549392317517
2021-07-27,358.65888318865126,358.65888318865126,350.80816972038474,354.96728515625,57933100,19.360000610351562,62.54379970093234,4.9618673879232915,5.071124573223631,-0.1092571853003399,0.11119177047625982,0.04440422534734944,4.149821123144412,13.580081642318866,1.5023902623972332,0.8221454369432094,3.030732502017819
2021-07-28,356.1069237662968,357.9088930536969,353.8081875048938,356.3309326171875,42066200,18.309999465942383,64.20661301956719,4.867221624439935,5.030343983466893,-0.16312235902695793,0.10835453610392427,0.04381752692622071,4.146312867834317,13.87209854436325,1.073319141889687,0.8265350636358625,3.0536077251468896
2021-07-29,355.7660079881307,358.13290406945333,355.7660079881307,356.9640808105469,25672500,17.700000762939453,64.98388967564038,4.788109595831372,4.9818971059397885,-0.19378751010841633,0.10690281582952517,0.04225000938444487,4.019211668797769,13.944631837016397,0.6609800114855656,0.8283219027617164,3.399827640419617
2021-07-30,353.02894019688983,355.6880641311611,352.99972036135557,355.1036376953125,36484600,18.239999771118164,60.80547785223802,4.523150469115535,4.8901477785749385,-0.36699730945940345,0.10458214488795271,0.0387109346987588,4.015293724540164,13.225279447160162,0.9307346966316269,0.8315529241991807,2.8203128693326196
2021-08-02,356.7692438491458,357.353670311332,354.4218178715605,355.13287353515625,27334100,19.459999084472656,60.8480810750396,4.266347739179139,4.765387770695779,-0.4990400315166399,0.1006319826018234,0.038057511303461314,3.937905061342401,13.105028200484329,0.7021322559159191,0.8303665078855744,1.6618404131052866
2021-08-03,355.79525115736334,357.4024018219758,352.6004198132555,357.2855224609375,35558500,18.040000915527344,63.954832086571656,4.188250953517127,4.649960407260049,-0.46170945374292227,0.10057887747614995,0.03897253628322075,3.9996248432979655,13.653229058300761,0.9172615080740346,0.8282155063178289,1.837931518299163
2021-08-04,357.2465511249498,358.7563221318757,356.1361674750173,357.8017578125,29602200,17.969999313354492,64.67868361328507,4.120515825234065,4.5440714908548525,-0.4235556656207873,0.0982464084486167,0.04014286412555125,3.9010912585522823,13.67647195668042,0.7692322684026117,0.8293001728766847,1.7703139421304526
2021-08-05,358.619957676676,360.3050477930298,357.90893162959134,360.0712890625,21443900,17.280000686645508,67.7453587138231,4.201534775152027,4.475564147714287,-0.2740293725622607,0.09899646286237634,0.04149112358135551,3.801248310122106,14.243610267166456,0.5794007535163014,0.8351556868503063,3.0381668963134656
2021-08-06,358.80498422016655,359.7790184492737,357.38290256871653,358.4932861328125,33332100,16.149999618530273,63.61000522499052,4.0912498466494185,4.398701287501314,-0.3074514408518958,0.09990399284600447,0.0421955583730183,3.721758180383632,13.594021699559033,0.9028719432816529,0.7913453971907446,1.9500866615502543
2021-08-09,358.95110156543666,359.68162727421736,357.85046780001414,359.1556701660156,25960200,16.719999313354492,64.58719771410065,4.011060097945347,4.32117304959012,-0.3101129516447738,0.09951545110562227,0.043442163676458055,3.58671541565646,13.653529381115655,0.7029572310955448,0.793230949167144,1.7410716446957464
2021-08-10,359.67193451288404,359.9641329285636,356.12643520173543,357.31475830078125,35130800,16.790000915527344,59.78235709361956,3.7556699169995795,4.208072423072013,-0.45240250607243304,0.09645496045809535,0.04355690850715014,3.604642723597294,12.925033670780481,0.9572327258236463,0.7634018549057817,1.219580933200648
2021-08-11,358.5808970120235,359.07763414720506,355.366566923288,356.70098876953125,34249800,16.170000076293945,58.22705630900571,3.4638165657087256,4.0592212515993555,-0.5954046858906299,0.0965482094757854,0.0435604808850713,3.6122444736201333,12.587795466453693,0.934611088317989,0.7580919449021276,0.8648135916636379
2021-08-12,356.19450581035807,358.34711268757997,354.84058424437626,357.9867248535156,25969200,15.59000015258789,60.54284190911882,3.2982486810470277,3.9070267374888905,-0.6087780564418628,0.09648827128790717,0.04272086625354917,3.604693328590389,12.840552632375635,0.7361943363451517,0.7502648320703408,1.944402995418959
2021-08-13,358.3374719384075,359.57448472600277,357.8407049624062,359.2433166503906,19336200,15.449999809265137,62.71818322041897,3.23118431439849,3.7718582528708104,-0.5406739384723203,0.09667669454053622,0.03923016137473179,3.471056645376543,13.084995886163828,0.5707490871459254,0.7515925032193599,3.137597665516312
2021-08-16,358.1231874265096,359.43810988993465,354.25627024718744,359.399169921875,34856900,16.1200008392334,62.99071595579148,3.154251133531261,3.6483368290029006,-0.4940856954716395,0.09177944088983671,0.0288343747851791,3.5932554309030187,12.963495877335582,1.0757887427182593,0.7372928196799479,4.0347503581254385
2021-08-17,356.6426898627354,357.61672426341204,353.79852605885515,356.2336120605469,44793900,17.90999984741211,54.307158125556214,2.8055068332753876,3.479770829857398,-0.6742639965820105,0.09542190770054328,0.021961217176551057,3.736640318911364,11.813611185557193,1.3769282694818847,0.748707376738779,1.934296090417753
2021-08-18,355.69781450515717,357.10042618039495,352.47376356802243,352.804931640625,38541900,21.56999969482422,46.784302160377585,2.2267895635851573,3.22917457660295,-1.0023850130177925,0.09969500648944218,0.021102019296607745,3.8002133398728746,10.578588700912821,1.1698556358826269,0.7510277044471484,0.179775226374157
2021-08-19,350.86667285696996,356.1848923594373,350.6134144008431,354.5095520019531,48499400,21.670000076293945,50.458638872548306,1.883983189505443,2.9601362991834486,-1.0761531096780055,0.09881893376839158,0.021094254802950206,3.9267322412101113,10.951765525802653,1.4324261582563997,0.7519133766735844,0.002771979624749399
2021-08-20,355.5809256922739,358.58096769983155,355.2692276115886,358.1816101074219,39486000,18.559999465942383,57.298521634514984,1.886860515212561,2.745481142389271,-0.8586206271767098,0.10157897867632272,0.020922158038303447,3.9370667738292764,11.940224182852774,1.1533985619176923,0.7583802125853831,-0.12765598609313367
2021-08-23,359.223763676266,364.2303132111846,359.2140435483899,363.53875732421875,34034700,17.149999618530273,64.91005464259172,2.2949629214203355,2.655377498195484,-0.36041457677514854,0.10941797907043116,0.025839166937968717,4.087897940253092,13.463295600334213,0.9861040246784595,0.7690464708366743,1.2863109594781985
2021-08-24,364.1329634716801,365.25309692343285,363.6654163267442,364.6492004394531,21732900,17.219999313354492,66.25286163556693,2.6771302070272895,2.6597280399618453,0.017402167065444285,0.1095327201297085,0.030538983345542985,3.918358058750307,13.669535951868442,0.6645272945759426,0.7689983602145339,2.7275514358855224
2021-08-25,364.90245450583615,365.6427300451959,364.15242911195867,365.0680236816406,20441900,16.790000915527344,66.76938318707548,2.979450815275186,2.7236725950245138,0.2557782202506722,0.10951343764509126,0.034891538302285495,3.7449254069279436,13.65957656904139,0.6464233328279009,0.7686320143592795,2.451959755579103
2021-08-26,364.21096006386057,364.8927663165021,362.31158107221864,362.7499084472656,29133300,18.84000015258789,61.1872362757685,2.99743696184089,2.7784254683877894,0.21901149345310067,0.10909660574647827,0.036310410468399806,3.674319492820375,12.792405235651866,0.9162531597796901,0.7742734142646849,1.6208430897531878
2021-08-27,363.3829957482184,366.78236605835184,362.8959785817159,366.27587890625,27104700,16.389999389648438,65.86229007801475,3.258643843065329,2.8744691433232976,0.3841746997420312,0.10825233178848531,0.03961389031204062,3.6999007869822202,13.727189384071806,0.8652149111648594,0.7811919362110642,3.146191709960333
2021-08-30,367.0648007382814,370.8732780949831,367.0453010298294,370.3862609863281,27295700,16.190000534057617,70.3464127996268,3.7540512937965786,3.050385573417954,0.7036657203786247,0.10745584261678576,0.046633651096027184,3.7640078156787125,14.844155470142873,0.8713652677827219,0.7737835898278772,4.295121231479548
2021-08-31,370.62980742537286,370.69796723642605,368.5356098639614,370.0843505859375,29628200,16.479999542236328,69.62301613261661,4.075325802528653,3.255373619240094,0.8199521832885588,0.104126078724394,0.052096526283220444,3.649604212591995,14.590017950425729,0.9548645213728776,0.7763723235644725,3.5822409026941004
2021-09-01,371.14604471753364,372.77266538190224,370.4934286456391,370.6979675292969,28138300,16.110000610351562,70.29169315577107,4.329543640435361,3.4702076234791472,0.8593360169562136,0.10267020861453857,0.05693307529726804,3.580940682832906,14.62293226117729,0.9089919400429649,0.7762751992425799,3.6042890889191437
2021-09-02,372.0518237503058,372.3829917927604,369.3050403259222,370.5225830078125,25453400,16.40999984741211,69.81862724048015,4.465386843458248,3.6692434674749674,0.7961433759832803,0.10179360333104379,0.06103432893749447,3.545012881690424,14.416323413592384,0.8169668899785675,0.7723008538823124,2.902562426602806
2021-09-03,369.3732148338035,372.06155847817865,369.35374485274355,371.6622009277344,24605400,16.40999984741211,71.1760760099944,4.611838795638562,3.857762533107686,0.7540762625308757,0.09726844127490929,0.06481424948339738,3.4852129348150447,14.612184871909026,0.8009664175752059,0.7716657783442211,3.673406254543665
2021-09-07,371.76937432332227,372.84081791141523,370.6102712223624,372.1882019042969,23970200,18.139999389648438,71.80637603752024,4.715983978005511,4.029406822087251,0.6865771559182594,0.09726189300634462,0.06825401964853524,3.3955939172605984,14.613920192993893,0.782824637640455,0.768610841703117,3.628658217273051
2021-09-08,372.01292528480735,372.01292528480735,368.62330483357283,370.8927917480469,32949200,17.959999084472656,67.87016343212557,4.640498236876965,4.151625105045194,0.48887313183177117,0.09128433768300837,0.06903004182105593,3.4076869996508448,14.061670550360677,1.0799100391792353,0.774468640839107,3.800020327130138
2021-09-09,371.11678124978545,372.22716478427736,369.37325170312164,369.61676025390625,29399000,18.799999237060547,64.14036189263983,4.426682129772132,4.206636509990582,0.22004561978155035,0.09208354881880818,0.06793746962704265,3.368131719758336,13.515696046478148,0.9712731246853167,0.7793574380812532,3.620895901895027
2021-09-10,371.331087134713,372.051862966313,366.48038587771686,366.8115539550781,40249400,20.950000762939453,56.75609430843057,3.98493872709372,4.16229695341121,-0.17735822631749,0.09554294521716032,0.06614794286690391,3.525513531818181,12.507048895254453,1.2990998475592535,0.7842829465661931,2.465127472303208
2021-09-13,369.1491924588872,369.5777698622762,364.5030602712118,366.5582580566406,48741800,19.3700008392334,56.127744272981296,3.573225120822599,4.044482586893488,-0.47125746607088903,0.0939039584025677,0.06470038505243542,3.636170393192914,12.289965447058856,1.5019284924787715,0.8092337954788801,2.0362080704674046
2021-09-14,368.0485478991032,368.7790735478233,364.56151854828494,365.5160827636719,41826600,19.459999084472656,53.50312916733239,3.126800475777088,3.8609461646702083,-0.7341456888931202,0.09455341840359889,0.06301778784439434,3.677697865074733,11.836843506468533,1.2751508743785878,0.8045094739900793,1.701983018805131
2021-09-15,365.97390567086217,368.5843103711688,363.6751693447239,368.233642578125,34097900,18.18000030517578,58.90011924238828,2.9581899216860847,3.680394916073384,-0.7222049943872992,0.09527601055646981,0.05877693218232279,3.7656580908868875,12.533675195977887,1.0567587213919578,0.818462858073422,3.36858457801521
2021-09-16,366.8991665463224,369.0615234897369,364.9705980056841,368.4868469238281,35193100,18.690000534057617,59.373288251664114,2.8125747069223053,3.5068308742431684,-0.6942561673208631,0.09527221785151889,0.04857677090403492,3.7888914761130223,12.477206254556487,1.096390532369255,0.8166933560916103,4.444925191458804
2021-09-17,368.0096162146502,368.0583060355946,363.0810054383892,364.1231994628906,60912300,20.809999465942383,48.920546607231536,2.3183393456859562,3.269132568531726,-0.9507932228457698,0.10082470667172534,0.03833195486283698,3.904387905350588,11.026982228911745,1.8616399294614558,0.828247553782656,2.7118161997746526
2021-09-20,358.31545443252605,360.0609171771149,351.94795991759287,356.5992736816406,76203200,25.709999084472656,36.86822163063331,1.304498879595485,2.876205830744478,-1.5717069511489932,0.11723139630643413,0.04068772788992782,4.495163022489671,8.630319173432266,2.205237015403599,0.8509961223497952,-0.4417693095149944
2021-09-21,358.432430935654,359.6318320021222,355.9068889654247,357.03802490234375,41927500,24.360000610351562,37.830095771145004,0.5303134393859068,2.407027352472764,-1.8767139130868573,0.11715360709490355,0.04671651181743969,4.440147309218805,8.661508827087978,1.1996354813420238,0.8555094235537556,-1.78818139494199
2021-09-22,357.9546008128155,361.83556531213236,356.85271721266594,360.3728942871094,46972900,20.8700008392334,44.72381317503388,0.18374390365443105,1.9623706627090975,-1.7786267590546665,0.11931924633702956,0.04902321106300892,4.478911651379349,9.56966760162778,1.2971567593242057,0.8728882988802791,-1.1727178195345522
2021-09-23,361.53336531305627,364.731738831418,360.88978634338207,363.6981201171875,44652000,18.6299991607666,50.60522135784658,0.17538129767552846,1.6049727897023838,-1.4295914920268553,0.1218906920201148,0.04940953455627817,4.470335429445726,10.470366866768988,1.1931793813408198,0.8763828375096342,-0.3752461118445627
2021-09-24,361.4260081899673,364.4586282884446,361.05546009837343,364.039306640625,36056800,17.75,51.179210203630234,0.19404790970213526,1.3227878137023341,-1.1287399040001989,0.12157865112146134,0.04889145233172799,4.394109198061827,10.464915050090802,0.9546695586419296,0.8773534970451529,0.3554510044891712
2021-09-27,360.98725324030636,362.01111114636086,358.5787202128596,361.1335144042969,43338100,18.760000228881836,46.24985454127527,-0.02533971408325897,1.0531623081452155,-1.0785020222284745,0.12372155013613481,0.05068326937259781,4.470286143040654,9.4687625855738,1.1233147272395028,0.8798847702602287,-1.4039593645393533
2021-09-28,356.5699862792837,361.08473956848474,350.407258021209,350.914306640625,97701600,23.25,33.888078475746724,-1.0121432897740306,0.6401011885613663,-1.652244478335397,0.14875010062104957,0.0617889668334473,4.917141160186886,6.278449970552309,2.3206565093883507,0.8953623742617587,-5.257202114854332
2021-09-29,352.181999850943,354.32723318212066,349.71496217730873,350.3390197753906,58076600,22.559999465942383,33.34771192840509,-1.819637427615703,0.14815346532595247,-1.9677908929416554,0.14681546262440398,0.07049286810315221,4.895364720517246,6.01180038339471,1.3343805893238938,0.8992467742275788,-5.335359568510533
2021-09-30,351.98698322463076,353.6544202182241,348.2132959326499,349.0518798828125,61384600,23.139999389648438,32.113868338630525,-2.5342307472400876,-0.38832337718725557,-2.145907370052832,0.14460302330913055,0.07786339355545273,4.934347546592745,5.535839246346104,1.358499769174148,0.8884641089341136,-5.8392787505028965
2021-10-01,349.67594647818623,352.2599930708879,345.56096350029276,351.21661376953125,56375500,21.100000381469727,36.37739481812487,-2.8925318614271305,-0.8891650740352306,-2.0033667873919,0.14508059568550863,0.08108168896190014,5.060396262592916,6.105059897030454,1.2063656596161683,0.8846938071390429,-5.210470325873273
2021-10-04,349.59789375706845,349.9294289775695,341.6019760528257,343.8447265625,76766000,22.959999084472656,29.56723294597532,-3.728359555878967,-1.4570039704039779,-2.271355585474989,0.15333771099534638,0.089345116123639,5.385699223600961,3.808716032689908,1.5558663036460587,0.889802149695787,-7.484612181652328
2021-10-05,344.9076156047171,350.7388088998219,344.6833583967544,348.4862976074219,47232900,21.299999237060547,37.500845497358064,-3.9704541099898734,-1.9596939983211572,-2.0107601116687164,0.15204648216984018,0.08980901146928433,5.493440874581027,5.135693947876308,0.9352521689370006,0.8933917490648872,-6.368257826444923
2021-10-06,345.268385343274,350.99233007242776,344.3615363777154,350.71929931640625,56806500,21.0,40.94709142822631,-3.936750799701997,-2.355105358597325,-1.5816454411046719,0.153199439271219,0.08800373648491182,5.574680361733264,5.729651793707868,1.0988628361170747,0.8955837246919462,-5.4391708009641775
2021-10-07,353.771412320176,356.58950658204014,353.23511142485063,353.93719482421875,39411200,19.540000915527344,45.60211321928775,-3.6087835981444414,-2.6058410065067488,-1.0029425916376926,0.1560324619336844,0.08442265621644927,5.5957894262975945,6.613332254399161,0.755056989165425,0.8976871088696321,-4.242114296688415
2021-10-08,355.0195579551511,355.2536055941348,351.6359105564679,352.1722412109375,41822300,18.770000457763672,43.57327833715695,-3.4514975193723103,-2.7749723090798613,-0.676525210292449,0.15567475352364898,0.08261876944944622,5.454496969966832,5.999975511575005,0.8000444572230266,0.8973970648779099,-3.9909628217254633
2021-10-11,350.63154992340384,354.16148831396896,349.3834049413562,349.47119140625,34847200,20.0,40.59657783953433,-3.504402741000206,-2.92085839546393,-0.5835443455362759,0.15347107386349818,0.08135176973627865,5.406181713012969,5.107898629615772,0.6755920484278476,0.8972184316067935,-4.661487301085532
2021-10-12,350.924092120491,351.36287564194174,347.60870989544213,348.2522888183594,43905100,19.850000381469727,39.29208683351803,-3.603150881868089,-3.057316892744762,-0.5458339891233273,0.14870708399891114,0.08040810787516298,5.288180572547729,4.666597442807836,0.8494884264842046,0.9029552765752415,-4.723128409229149
2021-10-13,350.56328027285633,351.7139077710712,348.5350262764945,351.04107666015625,40120800,18.639999389648438,43.74594761321126,-3.4169887042067444,-3.1292512550371585,-0.2877374491695859,0.15149519141317314,0.07430875715074708,5.157711885416593,5.429955421914662,0.7717718717076035,0.9002942995973533,-4.668928617602108
2021-10-14,354.6392050047798,357.72056874593244,353.97613464175276,357.50604248046875,43433900,16.860000610351562,52.45433431213397,-2.7164713348551004,-3.046695271000747,0.3302239361456465,0.16214905775197547,0.06591798121222962,5.266410471156564,7.2855642987576825,0.8289331426112199,0.9070017277984563,-2.979971886385746
2021-10-15,358.7250177999668,359.8756454176823,357.69139912532427,359.7586364746094,40419900,16.299999237060547,55.06453843665117,-1.9569818939802417,-2.8287525955966464,0.8717707016164047,0.16357935267401183,0.0625533426437911,5.05949564730349,7.871477067777081,0.7867968083455951,0.9091047425998897,-1.198650070832985
2021-10-18,358.46169809416716,363.5908080414245,357.85713208297847,363.37628173828125,34513500,16.309999465942383,58.961144649470306,-1.0510514347229218,-2.4732123634219016,1.4221609286989798,0.1662932932962918,0.06640588888660623,5.107651383813673,8.860694974294459,0.700237957346625,0.9020991983366687,1.9004548121124065
2021-10-19,364.4489315393362,366.17487295704603,363.42507353458217,366.1261291503906,29091000,15.699999809265137,61.68119280904268,-0.10993801713402718,-2.000557494164327,1.8906194770302998,0.1679206461331019,0.0721897995549742,4.9427185148816095,9.576863310520087,0.5980090621262572,0.9036667277696037,2.5454163462092394
2021-10-20,366.58435549191955,367.1986820664335,364.16606208570596,365.64825439453125,31390300,15.489999771118164,60.925456439796804,0.5905333468016352,-1.4823393259711346,2.0728726727727698,0.16770253927138556,0.07580505554738314,4.806282905299176,9.331389403335919,0.6557776719759987,0.9014909035110563,1.463861514295517
2021-10-21,364.84869604717426,368.07632134478047,364.5464130561444,367.88128662109375,25469300,15.010000228881836,63.19476100255888,1.310739597624604,-0.9237235412519869,2.234463138876591,0.16848951943827434,0.07940019703913716,4.715113289823241,9.88564221427419,0.5429610267127326,0.9029474325691115,1.1501754539062103
2021-10-22,366.623380253215,367.58873361120885,363.122724489518,364.7901611328125,36275800,15.430000305175781,58.1594586136048,1.6134810418238317,-0.41628262463682314,2.0297636664606546,0.1688196197576421,0.07993839196239214,4.718216778519847,8.866835448013697,0.7731562654487975,0.8990702741712464,0.20625643398688442
2021-10-25,366.2138257993988,369.4414508851354,364.2635977230326,368.52484130859375,32597800,15.239999771118164,62.08973231634174,2.1302075885741942,0.09301541800538038,2.037192170568814,0.17145455141431218,0.08515919968692391,4.7510479487757715,9.88543008389047,0.7028100717324295,0.8978916280057465,2.04670201171695
2021-10-26,370.7676031849202,373.1858668352792,368.50533158584074,369.6852111816406,47191300,15.979999542236328,63.244966508747126,2.6033395727546917,0.5950802489552427,2.0082593237994493,0.17139921772508437,0.09055758242947522,4.746011327394537,10.126067519760461,1.076037059437496,0.898144378788291,5.349141994441142
2021-10-27,370.1337739708294,373.614938233332,369.8705038931221,370.5433349609375,45760500,16.979999542236328,64.11583818410837,3.0128136558856227,1.0786269303413187,1.934186725544304,0.17022115796336199,0.09486784688901272,4.687705307701454,10.274089559813307,1.0582720890492932,0.8919051382245345,5.767075331346261
2021-10-28,372.4448573300719,374.911894911654,371.67450882791377,374.6583557128906,38007000,16.530000686645508,68.02797683258487,3.627556388911671,1.5884128220553893,2.039143566856282,0.1730997449935397,0.10042513746142726,4.664909210773955,11.386732352536503,0.9033822820890623,0.9003361745626065,7.336008572328856
2021-10-29,371.5769675559267,376.66706422483475,371.2259407723358,376.50128173828125,37310100,16.260000228881836,69.62512947311956,4.214866801269068,2.113703617898125,2.1011631833709425,0.16939790295638152,0.10662880370850687,4.720353085182885,11.81653452542875,0.9073772417459536,0.8991232655775524,7.199166263057766
2021-11-01,376.9401380838651,377.915252271739,374.85340919603925,377.7884826660156,30765300,16.40999984741211,70.72513368908898,4.729660311724274,2.636894956663355,2.092765355060919,0.15629856665743544,0.10577986345968496,4.601888084505518,12.074398210347367,0.7925404802879857,0.903210436449148,9.871826868732203
2021-11-02,377.1741267919123,379.8459596955441,377.12538298953825,379.3681335449219,25135300,16.030000686645508,72.06225472207697,5.205101333768823,3.150536232084449,2.054565101684374,0.15641067921701646,0.10763518742666954,4.4675087003269685,12.423085698532775,0.66647655010294,0.9042900646358034,8.86170737544727
2021-11-03,379.85565603960333,383.81461659528543,378.81230665038544,383.39532470703125,33748900,15.100000381469727,75.17530118731676,5.839537881535875,3.688336561974735,2.1512013195611406,0.156968300945911,0.11225552119331786,4.505708789225041,13.500819001897074,0.9230891261343255,0.9091436642594046,9.31685979480299
2021-11-04,384.6630193267708,389.2655590505,384.11695781362664,388.3099365234375,40265300,15.4399995803833,78.3463123846007,6.662104918485113,4.283090233276811,2.3790146852083023,0.15871794634572348,0.12094346771123478,4.603174900242446,14.834733482201704,1.1000387121132853,0.908184991195575,9.711537018958927
2021-11-05,390.08467825052537,391.01101885086206,387.2763446986934,388.6805114746094,43383800,16.479999542236328,78.56861042852532,7.260206383214211,4.878513463264291,2.38169291994992,0.1587168025349349,0.12520199028708873,4.541139132522892,14.821271958794084,1.18271269754963,0.9067855337128299,10.366595089419572
2021-11-08,388.6512789527877,389.6751369730179,387.51038223019265,388.1539611816406,29256300,17.219999313354492,77.3534546116343,7.6040629902356045,5.4236233686585535,2.180439621577051,0.1561514248592507,0.12323856283808754,4.371397390401633,14.548407886491932,0.8036990214290071,0.9061697093807451,11.068943800412722
2021-11-09,389.2265821206966,389.62638250799915,384.11699330779015,385.4821472167969,50490700,17.780000686645508,71.32538751198095,7.573674169592664,5.853633528845376,1.7200406407472881,0.12957698178539626,0.11434998539889195,4.452682519673588,13.648915451225873,1.3745945560385218,0.9068635287035166,10.690484913899812
2021-11-10,382.70304089647357,385.5211052366331,377.8859747500625,379.81671142578125,54937400,18.729999542236328,60.550181065639585,7.011611991519715,6.085229221380244,0.9263827701394707,0.1389732514641314,0.1022459187826243,4.680000231594805,11.8641197553102,1.4660853641515823,0.9063488985892344,8.19722724172327
2021-11-11,382.80057931119,382.9760927209649,380.5285466159859,380.8698425292969,32243000,17.65999984741211,61.708213930608224,6.5753559344322525,6.183254563990646,0.39210137044160653,0.13763997173882875,0.094909097528199,4.571384593279723,12.06100163176357,0.8734951794948206,0.9042197510478054,6.535218226445649
2021-11-12,382.02045642636443,385.4138643510318,380.4212847088467,384.8775634765625,34730600,16.290000915527344,65.82014482429864,6.4783312822575,6.242269907644017,0.23606137461348276,0.13908945012745635,0.08953764462978285,4.60146995391582,13.108339402334263,0.9481939578728498,0.9063465819798552,6.982160942153204
2021-11-15,386.0574306013165,386.3792051638268,382.342248225366,384.7897644042969,33716900,16.489999771118164,65.65381226571961,6.321483765161929,6.2581126791476,0.06337108601432906,0.11948757964021572,0.08560044549000524,4.5611475956690315,12.963852174464702,0.9215206050672441,0.9047640221446003,5.892922499944153
2021-11-16,384.05844297433106,388.0271646875519,383.86343800014924,387.5298767089844,27872900,16.3700008392334,68.34260159352884,6.345142290145759,6.275518601347232,0.06962368879852665,0.11637091323170339,0.08394303968211721,4.532760387935717,13.652946862912675,0.7630677497797888,0.9034085104073131,5.846003837055269
2021-11-17,387.85159754296774,389.7725733333167,386.76923527558165,387.7345886230469,28703300,17.110000610351562,68.54074793991015,6.307699152834402,6.2819547116446675,0.025744441189734957,0.11637356642366145,0.08036993392642412,4.423515935778527,13.595385933863238,0.7887022462377802,0.9022753016750237,6.040322622375949
2021-11-18,389.78241622731247,392.25918490980246,387.55915700542715,391.75213623046875,45721500,17.59000015258789,72.21615758160515,6.526968878292678,6.33095754497427,0.19601133331840792,0.11693677003634458,0.0797070913705169,4.4432667906782966,14.653396229530923,1.2223142017049013,0.8996816931222067,6.48873712186433
2021-11-19,393.3902483350349,395.2137068207477,392.5613954529513,393.9363098144531,45191700,17.90999984741211,73.99495223295713,6.79861605589781,6.424489247158979,0.374126808738831,0.1143195764516747,0.07521403717179347,4.373145633506914,15.171354901837605,1.1939216115195497,0.8923605792481482,7.9898395809609335
2021-11-22,395.47702138700134,398.5388640993546,389.2557888453352,389.363037109375,61715400,19.170000076293945,64.66034296343713,6.569148460101928,6.45342108974757,0.11572737035435843,0.11824716750983207,0.06918711342366413,4.72385489211495,13.725869042836027,1.5700723732145838,0.885620641039877,5.654488779314559
2021-11-23,388.20264525140595,390.2699120613304,383.1418306430222,387.5883483886719,70098700,19.3799991607666,61.42217753444391,6.172933454791519,6.397323562756361,-0.22439010796484204,0.11884654558014157,0.0616349386884866,4.895585358271609,13.102588496309414,1.7328546182173614,0.8833776478475371,4.8428058968890575
2021-11-24,385.10184380161866,389.11930954366755,382.7713363382208,388.8365478515625,46954400,18.579999923706055,62.832038405615506,5.891733240208623,6.296205498246813,-0.4044722580381901,0.11811151231621006,0.053179453238585694,4.999327347355548,13.358474873244383,1.159012327699465,0.8835383426632275,4.936861944245585
2021-11-26,386.25238304809375,387.64681865102074,380.070164006448,381.464599609375,51533300,28.6200008392334,50.98158758859247,5.016201779375592,6.04020475447257,-1.0240029750969777,0.12632128688174327,0.04799704629139367,5.268402811481187,11.118024276093472,1.2511501929896374,0.8893509228562685,1.8166534371116816
2021-11-29,386.0378651299108,390.75741294466206,385.3065296879079,389.7432861328125,54447100,22.959999084472656,60.08584462479222,4.933487431255003,5.818861289829057,-0.885373858574054,0.13801647442572493,0.044015057289283975,5.55586070603875,13.425766341751475,1.294953882202628,0.8941789104421113,3.5171206677952815
2021-11-30,388.8559972719401,391.20602580979875,382.00094638044106,384.0194396972656,81332700,27.190000534057617,52.78597600509467,4.355857529108334,5.526260537684912,-1.170403008576578,0.14502230725277204,0.039812664310399926,5.8165191862758165,11.66575829386326,1.8246684835720228,0.8955077761248716,1.6493242428352373
2021-12-01,388.36848414701603,390.5137472999948,377.01817028176407,377.4862060546875,77766500,31.1200008392334,45.92732198736202,3.3324894516184713,5.087506320471625,-1.7550168688531533,0.15387881249171226,0.04175554748440584,6.365023317129739,9.681475481427693,1.6474026766361223,0.9010016399188662,-0.49606894302088866
2021-12-02,376.1989918200517,381.991171707483,374.7753336270892,380.20672607421875,84416600,27.950000762939453,48.90454281624651,2.709749797574716,4.611955015892243,-1.902205218317527,0.1547150767404441,0.04350340448781089,6.425795800220028,10.380293474828171,1.6971945803792825,0.893432908137124,-0.831673843505798
2021-12-03,381.57185377835265,382.576219999655,369.4706855682607,373.5954284667969,105349100,30.670000076293945,42.74513044451064,1.6635710595116961,4.022278224616134,-2.3587071651044376,0.16318939415655423,0.051448836969396235,6.902919988161046,8.379195523970099,1.9879778676825726,0.893231235215986,-3.7893720125682373
2021-12-06,374.0830304083913,377.95423461156435,369.86076965174465,376.5890808105469,67588800,27.18000030517578,46.0580871512052,1.063767151875311,3.430576010067969,-2.366808858192658,0.1622835799102991,0.05444018859998399,6.987958914708093,9.147462412719214,1.246948873727258,0.8912508799180562,-3.110891929772608
2021-12-07,383.24909072241314,388.5439531046384,383.2100778264254,387.92962646484375,56005300,21.889999389648438,56.35975958551145,1.4863715254160184,3.0417351131375794,-1.555363587721561,0.18112613483094148,0.05436697193003806,7.342738441806908,12.311342299255394,1.0083633120483781,0.9015676946738529,-0.05779529239221537
2021-12-08,388.26117685722147,389.87010909835453,386.3596925443519,389.6653137207031,39204000,19.899999618530273,57.69153463071324,1.9389924934675946,2.821186589203583,-0.8821940957359882,0.18125420343816787,0.0554846489121287,7.069001164106603,12.691966517260042,0.7131052090294646,0.9021183412607151,1.0851777531356355
2021-12-09,388.43672423275615,390.24069134622334,383.73666692860013,383.93170166015625,49973700,21.579999923706055,52.04168837568887,1.8141311218009264,2.6197754957230517,-0.8056443739221253,0.18746231547388365,0.05419235087036508,7.028645682214932,10.905559912690082,0.9131239747644156,0.9015046516176245,1.0834147394220395
2021-12-10,386.74974072236614,388.3684336622652,383.5708593065784,388.10516357421875,52545800,18.690000534057617,55.460847552942674,2.028557138604924,2.5015318242994264,-0.4729746856945023,0.18735615789233603,0.05357085884915183,6.869283444605777,11.977123712420365,0.9426369015963589,0.9033958368167292,1.8996833660741563
2021-12-13,388.09540582325104,388.41718037772256,382.12771238445407,382.4982604980469,50166400,20.309999465942383,50.275010334027684,1.7261629503823883,2.346458049516019,-0.6202950991336307,0.1923942089837563,0.053994872658568026,6.827868055224542,10.251135589855354,0.8876620017568724,0.9031325753604253,-0.6181973708790922
2021-12-14,377.66168014153783,380.38225682084226,374.08302804852195,378.539306640625,75199200,21.889999389648438,46.93770240779657,1.1537590712639485,2.107918253865605,-0.9541591826016567,0.19476395417424738,0.05619139791096649,6.941251226245997,9.001368101191355,1.2834967191972873,0.898073562223421,-1.6243825438933879
2021-12-15,378.28570216975857,387.52979298269764,374.3267419759278,387.1689758300781,73858000,19.290000915527344,54.09148514089694,1.3805529010704163,1.9624451833065675,-0.5818922822361512,0.20530937051424497,0.05611311815563309,7.388522639140558,11.347207810753474,1.2130026035261952,0.9031950447395576,-0.09312853036548274
2021-12-16,388.1344245857638,388.56347717029126,375.62369402177825,377.213134765625,82591400,20.56999969482422,46.33098487836236,0.7483094303804592,1.719618032721346,-0.9713086023408868,0.21683111468545602,0.05844571885088699,7.785041246952877,8.356635056657765,1.2989545315428752,0.8964497922486162,-2.7135711298768794
2021-12-17,373.79044940261514,379.5046331136763,372.2692738908637,375.3311462402344,80492500,21.56999969482422,45.01620399132254,0.09430410026027403,1.3945552462291317,-1.3002511459688577,0.2134772409786546,0.059372087227644185,7.74577824522857,7.699399764200604,1.232250683656675,0.8931661981783137,-4.19167848023524
2021-12-20,370.5967592956536,372.4811258612604,368.5463985151739,371.6902770996094,65336800,22.8700008392334,42.5032924269101,-0.7096076322799263,0.9737226705273203,-1.6833303028072466,0.21483915975042736,0.060136379142107364,7.677133208073706,6.532020695148258,0.9850444267899676,0.893970653847763,-5.64711405387378
2021-12-21,374.97083180113935,380.3212922701826,371.2118717861444,380.00885009765625,48899500,21.010000228881836,49.446891629747626,-0.667776441323042,0.6454228481572479,-1.31319928948029,0.2256255674385905,0.05815591973358433,7.77943944207117,8.79608866872009,0.7444207076514291,0.9001232410579392,-2.4024332358726364
2021-12-22,379.7160106749489,384.8418985083086,379.0520933066516,384.6368713378906,37042200,18.6299991607666,52.85789269515522,-0.2582058487161589,0.4646971087825666,-0.7229029574987256,0.22777316432124392,0.05702461375650156,7.637322710613013,9.991091334757897,0.5784665347547711,0.891678586242789,-0.761497878625994
2021-12-23,384.9882770191368,389.01087302561405,384.8223126050744,387.5365905761719,29595500,17.959999084472656,54.910720747341976,0.2969419434024303,0.43114607570653934,-0.13420413230410905,0.22437507347405763,0.056242804114255966,7.404228351835185,10.696046426686355,0.46852623876751265,0.8929318114863983,-0.33431972446347213
2021-12-27,388.83521782726314,393.94158935546875,388.8059282305715,393.94158935546875,32820700,17.68000030517578,59.1428545261161,1.2394429145685422,0.5928054434789399,0.6466374710896022,0.22893835991117745,0.06250280040405232,7.332854810939591,12.38526157141997,0.5273961343427028,0.9032149600465396,3.2708119597127494
2021-12-28,394.8397739914066,395.01551154951295,391.23700506959125,392.11572265625,33113700,17.540000915527344,57.48637631503122,1.8180917118172033,0.8378626971465927,0.9802290146706106,0.22780180680837767,0.0641983469107502,7.078972787295457,11.733177702164491,0.541383852051143,0.9069471536152586,0.6087177400739163
2021-12-29,392.2524432493109,393.5216987265636,389.6748397743549,392.0571594238281,32248500,16.950000762939453,57.43081543911848,2.246058326883656,1.1195018230940055,1.1265565037896503,0.22779907051193418,0.06760916577590156,6.84810751336069,11.588417199688667,0.5492779767098712,0.9021669125271456,2.093050219775039
2021-12-30,391.84234179705027,394.02940732040173,390.29970691005315,390.8855285644531,23850100,17.329999923706055,56.259297612384266,2.4623002692575255,1.3880615123267095,1.074238756930816,0.22721539894381118,0.06838981720348099,6.625364148859825,11.131423520341828,0.42578143061603796,0.9008488326870217,3.5496191105389485
2021-12-31,390.2118801177625,391.57877759435473,387.946718701621,388.4446716308594,34752900,17.219999313354492,53.79722965086192,2.408947958531485,1.5922388015676647,0.8167091569638201,0.22802505182557892,0.0686019122167066,6.411556630565102,10.303810995194521,0.6492021877502314,0.9009022560222276,2.16670168928903
2022-01-03,389.61625174467645,392.4379450393912,387.49756828729534,392.18408203125,40575900,16.600000381469727,56.90853396300231,2.6379958614578527,1.8013902135457025,0.8366056479121502,0.22774911747087748,0.0659442403824468,6.306472353531585,11.226831268255587,0.8067894874927537,0.9005321541373342,4.97561055303577
2022-01-04,392.73084321705915,392.76990594071793,383.9924434034849,387.0972595214844,58027200,16.90999984741211,51.79854276364339,2.381600304721303,1.9174322317808228,0.46416807294048024,0.23022954016438593,0.06282795007721656,6.482971652367402,9.664235974085313,1.1648547780772305,0.8923600935634857,2.7903567167482324
2022-01-05,385.40813908168815,386.53097634238515,374.9513371908242,375.2052001953125,75739800,19.729999542236328,42.2477126319556,1.2049255455924026,1.7749308945431388,-0.5700053489507362,0.24447848201253713,0.06681194038847096,6.887468129388316,6.195075526374256,1.4908913463311948,0.9016733755648725,-3.2800862325178426
2022-01-06,373.3794682790907,378.1929141743612,371.1435963507532,374.9416198730469,70814300,19.610000610351562,42.06258971377902,0.24827167104461978,1.469599049843435,-1.2213273787988153,0.2442625273762238,0.06956078326950381,6.8990288218325775,6.013173281726933,1.351877035340532,0.9014059390567082,-3.778548751765376
2022-01-07,374.9513456427815,376.64045834065,369.1029616469865,370.8799133300781,72652300,18.760000228881836,39.211256409825886,-0.8280835579807899,1.01006252827859,-1.83814608625938,0.24554963338429192,0.07596139641239645,6.944633669820502,4.76405138907519,1.3575774857433183,0.901678766985047,-3.399507848307648
2022-01-10,365.9590726504618,371.641492055965,360.57932230437393,371.1239929199219,91770500,19.399999618530273,39.476766911951955,-1.6424742281644171,0.4795551769899886,-2.1220294051544055,0.23991866678117807,0.0802642585278772,7.23874338994697,4.738787203381369,1.6541970176307925,0.8977245867834566,-4.3754044645812895
2022-01-11,370.39173171745125,376.8650000764331,368.30233784702943,376.69903564453125,68295700,18.40999984741211,45.348447943841435,-1.8170791885597737,0.020228303880036158,-1.8373074924398098,0.23520778954797253,0.08147481525095561,7.333309021336733,6.208245409752474,1.2112638312026842,0.8993175396775058,-1.516144111600537
2022-01-12,379.2765546632579,380.9754402379894,375.908132695462,378.19281005859375,54576400,17.6200008392334,46.836690917449694,-1.8140089998438498,-0.34661915686474104,-1.4673898429791088,0.23198615728151467,0.08157177093859205,7.171451772850355,6.520704135828713,0.9859754796040193,0.9012452551351104,-0.09153516582102172
2022-01-13,379.5793047886717,380.2627684160022,367.7946672534968,368.7319641113281,77994000,20.309999465942383,39.50003061923999,-2.545642471716235,-0.78642381983504,-1.759218651881195,0.23804494184257693,0.08653478792690975,7.549783872111427,3.770865511172454,1.4037924570768687,0.9051867520044296,-4.762006480302727
2022-01-14,366.20320932277355,371.35838691746574,365.9981523496402,371.02642822265625,80121200,19.190000534057617,41.877907844176995,-2.9068152345677163,-1.2105021027815752,-1.696313131786141,0.23777873602331384,0.08938181315798446,7.393387493233865,4.335472716474108,1.4452922591706452,0.905320314860133,-1.640108992178324
2022-01-18,365.1975543391798,367.3260111231739,361.02847976381724,361.7900390625,75450900,22.790000915527344,35.7812068719344,-3.8934652212635683,-1.747094726477974,-2.1463704947855944,0.24328588841175078,0.09924332421281815,7.579427562205661,1.6813572606712304,1.3672627915693896,0.9115961805132453,-3.607776043469424
2022-01-19,363.35222653794654,365.8321883150774,357.55264801282595,357.8162841796875,81791500,23.850000381469727,33.520208917657484,-4.939106310081343,-2.3854970431986477,-2.553609266882695,0.24343011555616098,0.11067671384464209,7.6294356150660745,0.5137384341231238,1.4603893395497392,0.9140941716109221,-3.732675771931415
2022-01-20,361.0479905827855,365.03152426266394,352.6317763964146,353.16876220703125,88610700,25.59000015258789,31.04906113975693,-6.072797163126779,-3.122957067184274,-2.949840095942505,0.22608719683037892,0.12683318200586513,7.970172204436309,-0.8343195598459714,1.5279761761064419,0.915115557099623,-7.063016528096
2022-01-21,350.97199214339076,353.61791835823607,343.0927628959581,343.37591552734375,143388900,28.850000381469727,26.599320221058505,-7.6730065732870685,-4.032966968404834,-3.6400396048822348,0.23585754032432113,0.15000746654612718,8.152671008567854,-3.607550026950369,2.2648863239952717,0.9209717919804818,-10.727249227830916
2022-01-24,337.7325035267312,345.61173149999837,326.25050677152024,344.9477844238281,198685800,29.899999618530273,28.373716901965324,-8.713898973285268,-4.969153369380921,-3.744745603904347,0.23493859665558675,0.16481585868612686,8.953281988561445,-3.1893566008222227,2.7685979261203904,0.9247741200242231,-10.9896219319638
2022-01-25,338.4745642628563,342.731477422062,333.6025100491681,336.951416015625,124398400,31.15999984741211,25.055431890640776,-10.067996208430657,-5.988921937190868,-4.079074271239788,0.2376081782302443,0.18013484079071523,9.124138587568488,-5.446038409830056,1.6294683980907991,0.9248356699310224,-14.466655686972752
2022-01-26,344.5670601079374,348.4432088003738,332.7238137329569,336.4242248535156,146559500,31.959999084472656,24.849099166014128,-11.056218736551216,-7.0023812970629375,-4.053837439488278,0.23589226754034764,0.19155111024680221,9.595228336129088,-5.600668784678117,1.7869791858767685,0.9246701022673133,-14.202821918354081
2022-01-27,341.14002738554444,342.9658150118521,332.0110594578766,333.0362548828125,95255700,30.489999771118164,23.50923482673069,-11.974735772068755,-7.996852192064102,-3.9778835800046526,0.23582988677512354,0.2012905702514742,9.692337423118115,-6.55871881517697,1.118476436227145,0.9246944184896574,-15.054158079335533
2022-01-28,334.92064363211136,343.698107195817,329.96074980801365,343.4833068847656,108167900,27.65999984741211,35.125422257510664,-11.72452433510108,-8.742386620671498,-2.982137714429582,0.24545414408434565,0.1987038373658291,9.981267420595632,-3.642592594950858,1.2101825350275324,0.9315560313337059,-12.126880689027953
2022-01-31,344.850198134105,355.05313735142687,343.20989147760275,354.4673156738281,94326400,24.829999923706055,44.64398211083346,-10.518659695214353,-9.09764123558007,-1.4210184596342827,0.25749002572246976,0.19000130169442678,10.114265881540524,-0.5915381967130547,1.0212889433375758,0.9339283389937999,-8.747025879999736
2022-02-01,355.8147084193648,357.53311078513343,350.6497877839255,356.8789367675781,74433000,21.959999084472656,46.50000500053971,-9.261643155685192,-9.130441619601095,-0.13120153608409701,0.25854427840362487,0.17440819874063784,9.883484247231053,0.046656892184304695,0.7913941718289597,0.9353431288778478,-9.002187207806845
2022-02-02,361.01877397075606,361.35073269484207,355.6780851938153,359.7787780761719,78777100,22.09000015258789,48.72620309853315,-7.939928974392103,-8.892339090559297,0.9524101161671936,0.258823463856509,0.16056963378394945,9.582710193930746,0.8136896215996062,0.8284434302059617,0.9354819359457308,-7.057265525228107
2022-02-03,350.05417564144955,353.3737920324686,344.1276662356775,345.19189453125,95384800,24.350000381469727,39.76301787225372,-7.977540437368248,-8.709379359921087,0.7318389225528392,0.27336485661849275,0.15829247555129844,10.016167454399575,-3.294156006784265,0.9928392806492996,0.9399249167873518,-7.999171026531382
2022-02-04,345.7093627459622,352.85632152171604,343.64925847869347,349.5464782714844,86318300,23.219999313354492,43.12642282498885,-7.568721764554596,-8.48124784084779,0.9125260762931937,0.2735789335874766,0.15274133923133268,9.95837428215836,-2.1063415219371766,0.8912764802972082,0.9389335129507467,-6.773092197702979
2022-02-07,350.14207408351587,352.51462075433875,345.47507639937174,346.7345886230469,58198100,22.860000610351562,41.51447202367687,-7.386479280435708,-8.262294128765374,0.8758148483296662,0.27206685596956354,0.14946779202653585,9.74988643021612,-2.9162826181293404,0.6054403609291379,0.9383951046608574,-6.510281047639865
2022-02-08,345.5922299946812,351.72376699008913,344.4596493017549,350.6302490234375,64720900,21.440000534057617,44.60374478059418,-6.848755373127005,-7.979586377637701,1.1308310045106955,0.2690877097675791,0.1437138195739914,9.5723315200817,-1.8506054884038141,0.6829061430731784,0.9393204353707745,-5.5220746401341785
2022-02-09,355.1606048609372,358.1384899507996,353.5593606920272,358.0603942871094,55766400,19.959999084472656,50.02569470786546,-5.756695078582254,-7.535008117826612,1.7783130392443578,0.2785802987876531,0.1315549608676375,9.424896477744587,0.19122217567086758,0.5923377016588917,0.9406936365293973,-4.94788666648196
2022-02-10,351.02077129241553,357.8259984819036,348.1112389310948,349.95654296875,112468500,23.90999984741211,44.867626996097925,-5.481949994821321,-7.124396493225555,1.642446498404234,0.2842328860881052,0.11379677859299067,9.462343540478157,-2.1039562052371763,1.1589803886814736,0.9423031461269161,-7.46610362197766
2022-02-11,349.95661314979134,351.5578574195542,337.62518491227644,338.85540771484375,101569100,27.360000610351562,38.943912670765215,-6.089782157487491,-6.917473626077943,0.8276914685904515,0.29564492185978375,0.10823551764547966,9.781652752392413,-5.2197736284325185,1.034101575697858,0.9448705833081009,-8.102513289969082
2022-02-14,338.2987870034716,342.6826613340942,335.760276190024,339.275146484375,80254400,28.329999923706055,39.270393621241126,-6.463121275881747,-6.826603156038704,0.36348188015695726,0.29607441030499704,0.09572555346017202,9.577419351797968,-5.116227148418606,0.8170356385658976,0.944221681609796,-8.55768735676884
2022-02-15,344.5671189844749,347.9453153376977,343.50289044475295,347.71099853515625,55128800,25.700000762939453,45.56984853338632,-6.009024167713733,-6.66308735837371,0.6540631906599774,0.3054620159649029,0.08875622306447327,9.51261574476402,-2.785048814195483,0.5671091544807896,0.9470354899339964,-3.891494791793193
2022-02-16,345.4555275797361,348.6482124378957,342.4190340219514,347.623046875,58947100,24.290000915527344,45.51683651420522,-5.591787259073612,-6.448827338513691,0.857040079440079,0.30437497193864926,0.0844591234811213,9.278084506991183,-2.8455318721336784,0.6135977238620273,0.9493340130346644,-2.8487348830576686
2022-02-17,344.40099405490975,345.1039739919624,336.863498539449,337.2833557128906,61801400,28.110000610351562,39.673680741135065,-6.025986842055772,-6.364259239222108,0.3382723971663353,0.30362507060244204,0.08612197519928377,9.383903351888316,-5.757901479582099,0.6524122740460072,0.9527247256521533,-4.497964767571494
2022-02-18,338.22067875649054,338.6112165750789,331.12255632133497,333.4365234375,80001500,27.75,37.73290224280916,-6.604369296935545,-6.412281250764795,-0.19208804617074993,0.30439223495461865,0.09175104344746687,9.248528844878004,-6.846961571225629,0.8737779829661269,0.9537431945961651,-2.894609563568018
2022-02-22,330.48795750321943,335.90677125983325,326.4458441794072,330.087646484375,85967100,28.809999465942383,36.07827611194255,-7.2494013556013215,-6.5797052717321005,-0.669696083869221,0.3042406102860915,0.09989816505811688,9.263700147417152,-7.788912506656202,1.0005223328726842,0.9529837560773015,-4.307938363562547
2022-02-23,333.25102665139633,334.0906815065573,321.3199125499826,321.6323547363281,86215400,31.020000457763672,32.2348430763094,-8.34665030049024,-6.933094277483729,-1.4135560230065103,0.3104377565980327,0.11467684364329271,9.514205062356979,-10.156822841682086,1.026214135491061,0.9581508983215152,-4.5463709458299135
2022-02-24,311.30249424649384,332.977689490906,310.7362187834104,332.440673828125,130614100,30.31999969482422,40.90171993988072,-8.24899766251923,-7.196274954490829,-1.0527227080284005,0.324962780666306,0.1169478607012834,10.423295465581168,-7.158356427481411,1.5695829397782632,0.9555251084584797,-1.1840856665791932
2022-02-25,333.2413302663944,337.8009432228035,329.4140168886849,337.59588623046875,78842100,27.59000015258789,44.54482225726539,-7.667241499106865,-7.290468263414037,-0.37677323569282795,0.3291025040608489,0.11457916319779986,10.277840527619555,-5.7571928771259895,0.9568782714316091,0.955304833714453,1.369109603175378
2022-02-28,334.4128799031587,340.30032610940845,333.2510097908231,338.6014404296875,77515500,30.149999618530273,45.253737970080714,-7.043858511890505,-7.241146313109331,0.19728780121882572,0.323198792659816,0.11548438521893795,10.047231655545684,-5.5132974485971635,0.9586087494203123,0.9531207347527816,-1.4212820120297565
2022-03-01,337.5763240414787,339.85122874757104,330.8882549739834,333.4170227050781,67407000,33.31999969482422,42.254540440987824,-6.888752930001601,-7.170667636487785,0.2819147064861838,0.3240941732943184,0.11499558951860137,9.96978466397725,-6.9806061556119365,0.8477105326401945,0.9569403157475155,-5.938570931069975
2022-03-02,334.96936299147654,340.3491127102188,332.1965059277173,339.0115051269531,70609000,30.739999771118164,46.38396835192891,-6.24244365777389,-6.985022840745007,0.7425791829711166,0.322528973976919,0.10913178399609895,9.839986243871838,-5.450662677311882,0.8901192090849165,0.9559526180147443,-5.006580607546862
2022-03-03,341.6574529717135,341.7648680045023,332.3039426116682,334.1687927246094,71089400,30.479999542236328,43.48511580124567,-6.051250275357631,-6.798268327667532,0.747018052309901,0.32347160022623433,0.09980374197030452,9.812910468797712,-6.828148994442731,0.9005390041885107,0.9565154112841593,-7.1182590280909785
2022-03-04,331.8060727902501,333.2413227234376,327.0023998111845,329.32611083984375,76936300,31.979999542236328,40.74295632283238,-6.218805578797912,-6.682375777893609,0.4635701990956962,0.32394126917209964,0.10318265801387351,9.623873500556796,-8.198176355809212,0.986128678165133,0.9542823951947609,-4.596221389540744
2022-03-07,329.3162852827627,330.4781554050706,316.97508760572344,317.18011474609375,89933800,36.45000076293945,34.81330435178157,-7.248122891492699,-6.795525200613427,-0.45259769087927193,0.33123150317406247,0.11525512004212615,9.90095880761325,-11.58057554940836,1.150058961529001,0.956437271805756,-9.2595307169001
2022-03-08,316.389244233176,325.3326997030138,312.3764214954042,315.705810546875,116153900,35.130001068115234,34.16336041422319,-8.089576700618693,-7.054335500614481,-1.0352412000042124,0.3306139221066167,0.12690038437105466,10.11919590761299,-11.988565079959251,1.432282060446439,0.9555557836066522,-8.94885572258407
2022-03-09,323.9072228338067,328.4277715099145,321.31010331934823,327.07061767578125,64723400,32.45000076293945,42.997851310314125,-7.750052173831762,-7.193478835257937,-0.5565733385738243,0.34307199405136213,0.12355428098787115,10.305107697286315,-8.824857984866076,0.7980965066492424,0.9585659509874775,-6.719223858544343
2022-03-10,322.99922426236037,324.64927403411053,318.9863716293654,323.4385681152344,69362700,30.229999542236328,41.099716400510935,-7.685459393585575,-7.291874946923466,-0.3935844466621088,0.3443768244622404,0.11110128955720425,10.14647472222414,-9.836697894404821,0.84819299797223,0.9580299259050938,-9.669269967935524
2022-03-11,326.41654893555375,326.72899115892415,316.242868783517,316.7310485839844,66228400,30.75,37.782555656624005,-8.082341714762038,-7.4499683004911805,-0.632373414270857,0.34816295496420663,0.11060808488734711,10.170735268880069,-11.696246423364919,0.83342834369135,0.9584203183353337,-9.494177220664957
2022-03-14,315.4910192166377,318.8692144140764,309.94530494886135,310.6482849121094,79802600,31.770000457763672,35.022024692182185,-8.786417652873126,-7.71725817096757,-1.0691594819055563,0.3374400442982419,0.12268832908420979,10.081676282903997,-13.376149953412932,1.0181929717756024,0.9558522161079936,-8.324235694792703
2022-03-15,313.29427149315757,321.1735005729156,311.68328412123947,320.39239501953125,76471000,29.829999923706055,42.29542456769191,-8.46060605561172,-7.8659277478964,-0.5946783077153199,0.33689167782127155,0.12339321742291703,10.11335766703987,-10.653424974800647,0.9780460501851158,0.9613406941848858,-5.565615890379805
2022-03-16,324.3173345723342,332.3918165708125,320.63644034276933,332.274658203125,105243000,26.670000076293945,49.690802126445185,-7.161050549600475,-7.724952308237215,0.5639017586367405,0.3555776062887015,0.11337401622016638,10.248076515914255,-7.350809330267007,1.3042357268239402,0.9653915962283346,-4.439416756174452
2022-03-17,330.3707623566719,336.3558509153767,329.07221731974755,336.2972717285156,67810000,25.670000076293945,51.936539480728655,-5.740380620647613,-7.328037970719295,1.587657350071682,0.35676106283936465,0.10322639362184857,10.036330593036748,-6.244676749769161,0.8357533328452662,0.9659224851805468,-3.2580622166161977
2022-03-18,334.63742734805516,343.47349822155684,333.4755572223725,343.1805725097656,85446300,23.8700008392334,55.589697222120286,-4.012807473013368,-6.66499187117811,2.652184398164742,0.34304596103799756,0.10799501240467618,10.033588479190145,-4.355194938219091,1.0379947429879932,0.9650210879618657,1.7484458384880774
2022-03-21,342.34383451628185,344.57268516616557,337.8274517743128,342.22650146484375,73799100,23.530000686645508,54.966081837664554,-2.6896739794701716,-5.869928292836522,3.1802543133663503,0.34103424018877354,0.11312851031060403,9.798705972951762,-4.641983781785695,0.8998956876484945,0.9646829150658218,2.6361773259645283
2022-03-22,342.72502429460764,349.8221663959038,342.34378888538487,348.9521179199219,63345900,22.940000534057617,58.500376338913526,-1.0858629612808954,-4.913115226525397,3.8272522652445016,0.3451206984185191,0.12445883588282106,9.641345898530927,-2.7970357591297845,0.7832331993178073,0.9649270514142035,5.714988620890371
2022-03-23,346.0683737954518,349.6364860444697,343.87860424794746,343.937255859375,70615500,23.56999969482422,55.03227299899051,-0.2169873369166453,-3.973889648603647,3.7569023116870017,0.3461390036797734,0.12690938256997825,9.363955605530306,-4.215706671608661,0.8816198268484202,0.9643714900229575,6.934905893199783
2022-03-24,345.86307713817666,351.6307443779848,343.7026631430533,351.58184814453125,53555300,21.670000076293945,59.020501464525054,1.07605348938597,-2.9639010210057237,4.039954510391693,0.34671335954753574,0.13748541067685524,9.261393150487534,-2.1192687557297507,0.7024151640557464,0.9654257341707416,5.7577714832518945
2022-03-25,351.5231806632417,352.5789693293863,346.97750180341905,351.28857421875,57584200,20.809999465942383,58.80502623621416,2.0534618750093614,-1.9604284418027067,4.013890316812068,0.3402510600625992,0.14560634956183544,8.99996989159323,-2.2283540721368036,0.7659345971751206,0.9643009128095517,4.0559404147873845
2022-03-28,351.2787630352142,356.82157854026786,350.0372642476106,356.72381591796875,56833900,19.6299991607666,61.60286910874974,3.2294169351932283,-0.9224593664035198,4.151876301596748,0.32890173203121487,0.15762687385413504,8.841708777383518,-0.7497578297694506,0.7664974971858471,0.9639912731773725,5.352125928727247
2022-03-29,360.6241883912212,363.4884503814025,357.8479037847399,362.8628234863281,68073000,18.899999618530273,64.53287856998728,4.603668176571716,0.18276614219152743,4.420902034380189,0.3318575404623829,0.1743147774876517,8.693346326387108,0.9194100062994294,0.9176628977012729,0.9645823400543837,8.831522920560687
2022-03-30,360.9958233727957,362.6576986664745,357.36905933342405,358.8549499511719,68757700,19.329999923706055,61.246970678498386,5.308180882236684,1.2078490902005588,4.100331792036125,0.32707038381360976,0.18422840832120466,8.464804742566892,-0.23114900291944224,0.9280510936481577,0.9645670252899193,5.853324894324086
2022-03-31,359.001527268615,359.35346673680834,353.56625968277547,354.406982421875,67011400,20.559999465942383,57.7335138559665,5.444833815879406,2.0552460353363284,3.3895877805430774,0.3294419143793808,0.1895072026990172,8.273547764814463,-1.4987682123341028,0.906976671791341,0.965778403118154,6.056277587220427
2022-04-01,354.6709385001782,355.45297985303563,350.54560622298,353.73248291015625,54527800,19.6299991607666,57.19767635031491,5.436042463059209,2.7314053208809046,2.7046371421783046,0.3166053625673009,0.19219401105922296,8.033106755188834,-1.710477128409333,0.74937938013119,0.9640014777480614,7.411004249882169
2022-04-04,354.5731897262691,361.0251355548036,354.3092574717849,361.0153503417969,45950200,18.56999969482422,61.36702938293022,5.948174930888683,3.3747592428824604,2.573415688006223,0.31859983623532856,0.1903664374961287,7.9802171758644445,0.2746233904877385,0.6511776805322033,0.9629888114893733,13.820297540025074
2022-04-05,359.5587304113077,360.2723646930638,351.8555016516066,352.999267578125,62738700,21.030000686645508,55.01481100741776,5.642173254383692,3.828242045182707,1.8139312092009856,0.32476500628546723,0.179469903841261,8.064476569744864,-1.9758351545893615,0.9240683326900512,0.9637425733339374,11.812724310220691
2022-04-06,347.67163531166415,348.7762905970848,342.69582375284295,345.33526611328125,90077100,22.100000381469727,49.71615283219776,4.726756744206966,4.007944984987559,0.718811759219407,0.3220196617125704,0.17430224904766065,8.224402802283233,-4.113087388374997,1.3024132290578787,0.9633260178827063,5.584313432766197
2022-04-07,344.3380521503232,348.3558664187858,340.86770262818374,346.1563415527344,63777400,21.549999237060547,50.26877411740649,4.021182798421364,4.01059254767432,0.010590250747044117,0.30829496755895847,0.16549745137644728,8.171814301448865,-3.8950393223699775,0.9258878443957221,0.9626398130571723,7.023829461613906
2022-04-08,344.4162821553296,345.1689977203735,340.68197046975223,341.3173828125,61956100,21.15999984741211,46.99108242185358,3.036543450810825,3.8157827283016212,-0.7792392774907961,0.3085232996317702,0.1480048558369295,7.979139785844099,-5.2391756837511005,0.9022451386590215,0.9607524465725903,7.762527336184499
2022-04-11,337.07468908494974,337.99360394507426,332.9004910356747,333.2426452636719,66107400,24.3700008392334,42.062458920585165,1.5863592748469273,3.3698980376106826,-1.7835387627637553,0.3162607585557316,0.1202160146511547,8.0104077851999,-7.4718106258065795,0.9723957310575054,0.9612380760919348,7.273293125682323
2022-04-12,338.0034342614978,339.8901306233928,330.4566189809527,331.8349914550781,72790200,24.260000228881836,41.25021120470647,0.31980545111451875,2.75987952031145,-2.4400740691969314,0.3133189319767369,0.10591092188787406,8.112058060717056,-7.846423925859399,1.0736016115631841,0.9619286532462535,3.5714319732368605
2022-04-13,332.17709108123967,339.63592839130024,331.45370140403645,338.5801696777344,61367800,21.81999969482422,46.574088469605115,-0.13807640955928946,2.1802883343373023,-2.3183647438965918,0.3151304826213549,0.1009145430837331,8.117070126898964,-5.963835830031723,0.9353956368486234,0.9612804113179346,1.8976805239100392
2022-04-14,338.6681781869358,339.1862872960481,330.622794260264,330.8378601074219,73519400,22.700000762939453,41.88253692974875,-1.1128623754162845,1.521658192386585,-2.63452056780287,0.31949727759863794,0.10589780254946148,8.148957477533614,-8.095795700487155,1.1157608270052748,0.9617658019744602,-1.623388614791077
2022-04-18,329.78210532438055,333.3893285399202,328.25710378335174,331.092041015625,58560600,22.170000076293945,42.088785941254585,-1.8436248417391425,0.8486015855614396,-2.6922264273005823,0.31658814889938236,0.11341771495352741,7.933476568893246,-8.006951118863233,0.9072490641959668,0.961751822949285,-3.5224987841631528
2022-04-19,330.4468044255962,339.06894815787894,329.42037152873684,338.4921875,56515700,21.3700008392334,47.8872298430014,-1.80482449219312,0.31791637001052775,-2.122740862203648,0.3022448493148871,0.11487144791242203,8.055983716053879,-5.9366806526943465,0.8874497876325907,0.9613907898238637,-1.0911819946321066
2022-04-20,339.3036082047074,339.76306572790827,332.33355315045475,333.5555114746094,65500000,20.31999969482422,44.673718153610025,-2.1476664711589137,-0.17520019822336058,-1.972466272935553,0.3055957335017641,0.1195349462824477,8.011235777582424,-7.2862669310120225,1.0267910959811397,0.9580957820658407,-4.412240434902803
2022-04-21,337.4462446466205,340.06611618903673,325.72522970029024,326.6539001464844,75801000,22.68000030517578,40.57438968008587,-2.9423559170804197,-0.7286313419947724,-2.213724575085647,0.2947896214426885,0.1293115522772297,8.463353685522716,-9.173149563992714,1.1834615152525958,0.9584544289956678,-5.025147877541136
2022-04-22,326.81037454578654,328.0323331206588,317.67011843914776,318.1002502441406,82562100,28.209999084472656,36.147265314426846,-4.213787174133756,-1.4256625084225694,-2.788124665711187,0.3029096351063099,0.14537421675135187,8.598986613807595,-11.512939352764683,1.2604788186242917,0.9562655864650698,-9.523130411052028
2022-04-25,316.4676004150015,322.499168758726,315.1967461189143,322.18634033203125,101755900,27.020000457763672,39.54095522791498,-4.8359465032852995,-2.1077193073951155,-2.728227195890184,0.29890717175059056,0.1538173942072436,8.506374901379317,-10.339571838992768,1.5028377987796926,0.9559856464244544,-8.284423696797083
2022-04-26,320.12373190981674,320.3094719482575,309.751734893325,310.0254821777344,105819600,33.52000045776367,33.78567783132988,-6.238379716458667,-2.9338513892078257,-3.304528327250841,0.3141009194176776,0.16956887813259552,8.786962796902667,-13.672154197319793,1.5082943317380635,0.9565518560249431,-13.090893194238816
2022-04-27,310.12326568045285,315.63675646062467,307.93352571083716,309.654052734375,111204200,31.600000381469727,33.62469696097662,-7.295689229766083,-3.8062189573194773,-3.4894702724466056,0.2998069907921385,0.17518907193315675,8.70955336496587,-13.723501550283334,1.5377746931256255,0.9552290650670867,-14.663604896399073
2022-04-28,314.6298577319818,322.48950258729093,310.39697708845495,320.65167236328125,99450000,29.989999771118164,42.3791382489731,-7.163620881136751,-4.477699342082932,-2.685921539053819,0.29810441096306,0.17020526277401835,9.004260256962302,-10.61824046612282,1.346655359004507,0.957697919739279,-10.645882854085976
2022-04-29,316.4382995156436,319.88910819308836,305.5873050035913,306.22271728515625,91977900,33.400001525878906,35.722116575850876,-8.12953957854387,-5.20806738937512,-2.9214721891687496,0.3213033507432958,0.17836035106132195,9.437125050014275,-14.586822427552379,1.2247723656389844,0.9603090512975109,-13.595743742814214
2022-05-02,305.81214359459227,311.5700251365081,302.70348899452847,311.3354187011719,115511800,32.34000015258789,39.357144289847916,-8.385818335878128,-5.8436175786757225,-2.542200757202405,0.3190960204616097,0.1777491114933793,9.396368699440371,-13.11595415325325,1.4781318654530673,0.9584259236548968,-11.985629326485325
2022-05-03,311.35492669061847,313.96504234228314,308.89146987864683,311.6677551269531,78185500,29.25,39.59626771917794,-8.464530486879653,-6.367800160316509,-2.0967303265631436,0.31931852694210017,0.16386932346771532,9.08759753974008,-12.982178041148252,0.9802728020890955,0.9584425992592108,-13.669112731113275
2022-05-04,312.1467942862061,322.880486487562,306.84839992515623,322.2059631347656,116083400,25.420000076293945,46.764576499567994,-7.589082895310298,-6.612056707315268,-0.9770261879950306,0.330457989633121,0.14936704148148647,9.583632469930487,-10.005646942586173,1.4083321004115745,0.9597413755610094,-8.723333805938926
2022-05-05,317.8753306516669,317.9535228497685,302.67415278166914,305.97833251953125,154607400,31.200000762939453,39.07466673932061,-8.111217476403624,-6.911888861132939,-1.1993286152706846,0.35713459821926336,0.14990762763414006,10.294216604442344,-14.482968646680852,1.805050560595484,0.9628007131121096,-11.396731656372339
2022-05-06,303.97437531233027,308.0214859107472,298.26535956861517,302.3125,139572800,30.190000534057617,37.571640423575055,-8.72029283378805,-7.273569655663962,-1.4467231781240883,0.3492763834332499,0.14903392521981382,10.255781585705892,-15.445858052973843,1.560476212411021,0.9620214319304522,-12.66590736314882
2022-05-09,296.67189952380653,302.410210247968,289.0859737489621,290.48388671875,113387300,34.75,33.14175312882213,-10.041705152365068,-7.827196755004184,-2.214508397360884,0.36288056893694126,0.16322743919206753,10.474956936655891,-18.676705651372288,1.2322831308279174,0.9630394111155532,-14.89332177426046
2022-05-10,297.6788141942796,298.9007724413311,289.91693302237104,294.012939453125,124124600,32.9900016784668,35.58208115502842,-10.681044441358551,-8.397966292275058,-2.2830781490834937,0.3612912242092328,0.1737011026432476,10.368448542534763,-17.613863867597086,1.3077467532481215,0.9610905823380087,-11.772114514187438
2022-05-11,291.7449752398582,297.2682205017222,284.4230110339923,285.29302978515625,140326100,32.560001373291016,32.432107541324726,-11.75583531717308,-9.069540097254663,-2.686295219918417,0.3604690931323544,0.19145457084325102,10.54536003719156,-19.979177854638017,1.4276501906494503,0.9614787504524609,-14.025634085735783
2022-05-12,281.00152136103685,289.1153119265507,278.5478197335563,284.6184997558594,120910900,31.770000457763672,32.194678603279115,-12.517746970736084,-9.759181471950948,-2.7585654987851367,0.36065416476956424,0.19877871448586848,10.546940905463192,-20.08800542427705,1.1939599171748931,0.9606859580149548,-15.93763449679777
2022-05-13,289.0859479224878,296.20263039002543,287.48272464610045,295.1664123535156,83684900,28.8700008392334,39.636554399951066,-12.130604988150708,-10.2334661751909,-1.897138812959808,0.3825718761128036,0.19825147854301256,10.621025886084825,-17.05452190659663,0.8222371469963008,0.9622762211700244,-10.782154056468585
2022-05-16,293.4166257452235,295.4793069019176,290.46438518484274,291.7449951171875,59190400,27.469999313354492,38.1730316076766,-11.961981676052687,-10.579169275363258,-1.3828124006894296,0.38274560913921474,0.19715899584794505,10.220589874012685,-17.942933661749287,0.5813891413370632,0.9608232014243282,-11.884020460818212
2022-05-17,297.6201589861022,299.68281016235943,293.8076254350322,299.30157470703125,62715300,26.100000381469727,43.16448796631192,-11.09074644515016,-10.681484709320639,-0.40926173582952075,0.3862605836679677,0.17929810719827202,10.057534529095488,-15.751398619815745,0.6141420626251517,0.9617995712274351,-11.577996255221912
2022-05-18,294.7754516935142,295.4695156516573,283.3476953351056,284.6087646484375,79477100,30.959999084472656,36.92272393417951,-11.453840483218016,-10.835955864100114,-0.6178846191179019,0.40356902976645453,0.1729905240670968,10.478702017869072,-19.805160745735368,0.772992628388519,0.9643724959084132,-14.674243159642042
2022-05-19,282.80023689573454,287.78583229012213,281.1285766078577,283.0837097167969,79920700,29.350000381469727,36.33540225561849,-11.729444576157448,-11.014653606511581,-0.7147909696458665,0.40110767724113894,0.17126553555596233,10.205741565325882,-20.15082372837639,0.7757529248575045,0.9636352620912985,-13.33833467475788
2022-05-20,286.5541017529559,287.2090546674022,273.92392817553366,282.20391845703125,91764200,29.43000030517578,35.97983617926599,-11.8818876033003,-11.188100405869326,-0.6937871974309733,0.40039169420128395,0.17482026318101268,10.4256976315075,-20.311471816848538,0.8867519942792812,0.9654044914950728,-11.284597154374786
2022-05-23,283.24993641304917,287.2775062317392,280.84513081088346,286.8962707519531,63648400,28.479999542236328,39.386693707790656,-11.49159819530388,-11.248799963756237,-0.24279823154764202,0.4052052291381885,0.1670298117740474,10.140460330746661,-18.90447145292741,0.6265955391478234,0.9673493486546242,-10.953310293574114
2022-05-24,281.66628276649203,282.379887325686,275.91818610899804,280.7962341308594,73491100,29.450000762939453,36.65579057042939,-11.54147011955007,-11.307333994915004,-0.23413612463506617,0.4043287406831564,0.1720992818827404,10.200290638761548,-20.54073916124067,0.7351925787576642,0.9666735311511779,-9.428014704326204
2022-05-25,279.30059130573767,286.808326713319,279.0953106388846,284.7261047363281,67144500,28.3700008392334,39.56308841272679,-11.135522888029811,-11.272971773537964,0.13744888550815304,0.40820932342888816,0.17229475777452988,10.022628169881036,-19.345834843546804,0.6868390199277885,0.9671841550817227,-8.050257304215025
2022-05-26,283.9244388819226,294.16934734410967,283.64093622149096,292.614990234375,59462200,27.5,45.01842860996068,-10.061259713769061,-11.030629361584184,0.9693696478151228,0.4126876550138778,0.15557040491935076,10.058755523648014,-17.035850866443933,0.6209546694277555,0.9684968486084639,-8.74365691663762
2022-05-27,295.75305795174927,302.312522603099,295.63575471302005,302.1658935546875,66985600,25.719999313354492,50.80777483689822,-8.343046879736278,-10.493112865214604,2.150065985478326,0.42248703445395996,0.15337017237800882,10.032953869724869,-14.260066221223438,0.7087695010385705,0.9702838064633812,-1.324795157731884
2022-05-31,302.13648265878385,304.34576264294753,297.5027972031051,301.36419677734375,60968300,26.190000534057617,50.32872720823186,-6.965744295370598,-9.787639151245804,2.8218948558752057,0.42236126183344463,0.14622318396201775,9.805097553304694,-14.41727122989023,0.6642690790791516,0.9698155916284127,-3.2027264888222606
2022-06-01,303.5050998189505,305.63618782122495,296.91631056130956,299.1353759765625,65341700,25.690000534057617,48.94699385332215,-5.98507704334736,-9.027126729666115,3.042049686318755,0.4157241364226435,0.13696353747365098,9.727581818062601,-14.977467871188587,0.7169349644221776,0.9684772369115763,-4.021070176247699
2022-06-02,298.0111840705077,307.5033474062688,296.593700566875,307.327392578125,59291300,24.719999313354492,53.95111450951422,-4.495047791713375,-8.120710942075567,3.6256631503621914,0.423958423282847,0.11324147021124222,9.812015033871972,-12.588317299879684,0.6714700239205244,0.9697382137896473,-4.617720420778659
2022-06-03,302.0973716260252,303.5050697601943,298.07958766643225,299.33087158203125,60914700,24.790000915527344,48.911341578580746,-3.91431945132706,-7.279432643925866,3.3651131925988063,0.4262335603263871,0.10766800944217114,9.77171431085917,-14.79793659487294,0.728504395176025,0.9688490560546339,-2.1725266893124484
2022-06-06,303.7788425978583,305.34295523591294,298.76392080921096,300.3280334472656,51785000,25.06999969482422,49.54429260876938,-3.335179554922206,-6.490582026125135,3.1554024712029287,0.4205617916029559,0.1061382492226079,9.543665747705086,-14.4481322716343,0.6536305335895852,0.9691031591361611,-0.6564288783078354
2022-06-07,296.99458731260836,303.7007115296708,295.8997171954487,302.91864013671875,44900300,24.020000457763672,51.23464596011534,-2.636771643139582,-5.719819949528025,3.0830483063884433,0.41948122550197847,0.11034269371936728,9.419189218170585,-13.642194921149711,0.5923337616181237,0.9687127540587304,4.280703332095048
2022-06-08,302.11692900215,304.7270448055584,299.8880784713703,300.73858642578125,38342100,23.959999084472656,49.72494171331103,-2.2334446961124286,-5.022544898844906,2.7891002027324774,0.40580045810390314,0.1126455296593308,9.092030440743265,-14.186879801987676,0.5361538646549926,0.9687848911227736,2.2875343463339304
2022-06-09,299.0474406099292,302.1169846151866,292.51730204279716,292.6834716796875,55900500,26.09000015258789,44.50650038813687,-2.53456869518277,-4.524949658112479,1.9903809629297085,0.41279151611034753,0.1097791135276258,9.12829130728942,-16.399500270536667,0.8307158834428363,0.9680838622743195,2.5904740470164
2022-06-10,287.0624448282488,288.2550773512787,281.9106792504298,282.3603515625,85963500,27.75,38.875716479122104,-3.5651048440285535,-4.332980695295694,0.7678758512671404,0.4085220498307646,0.11172278954279412,9.245755673144298,-19.25276030972409,1.3115270077972874,0.9686670317070823,-0.7933947355131088
2022-06-13,273.4742949991883,276.0061892710565,268.3713954326944,269.2316589355469,94442000,34.02000045776367,33.13430736572283,-5.379180100755491,-4.5422205763876535,-0.8369595243678374,0.40985173155781435,0.13326204075858766,9.584555705762964,-22.904111568478385,1.4291541422234,0.9704580023093646,-8.786485295253431
2022-06-14,271.43120088194206,272.4087676805518,267.2081051520348,269.720458984375,64697500,32.689998626708984,33.5279242978595,-6.700170339586634,-4.97381052902745,-1.7263598105591846,0.40558254497626633,0.14974893879994833,9.271420478816824,-22.657218027685197,0.9749795803959745,0.9700298057225025,-7.549242146884383
2022-06-15,273.15169079482433,280.39543353301735,270.40470101849684,276.4558410644531,86051400,29.6200008392334,38.86808249424325,-7.121483547786056,-5.403345132779171,-1.7181384150068855,0.414235050218583,0.15409118439173616,9.37167434094722,-20.61893095065675,1.2743710237179469,0.9701899726493742,-7.633014849634678
2022-06-16,269.4075807445418,269.8670382484396,263.2391377699991,265.30181884765625,81910300,32.95000076293945,33.997157512035656,-8.260195286059627,-5.9747151634352615,-2.2854801226243655,0.41169848426806144,0.1710726511712674,9.646319266197706,-23.70690645835529,1.210862122247252,0.9711417776917682,-6.783679281497223
2022-06-17,266.0740995290687,270.97171828464127,264.4415798325234,268.5278015136719,82703400,31.1299991607666,36.47667268902496,-8.800871731166637,-6.5399464769815365,-2.260925254185101,0.39276695870064937,0.18166379028927185,9.423734922334859,-22.665598827119037,1.2200768897137142,0.9699688284196345,-5.141909514216502
2022-06-21,273.02048647788286,277.62389318358925,272.91276179917776,275.3025817871094,51633700,30.190000534057617,41.45107519886398,-8.583745485649558,-6.948706278715141,-1.635039206934417,0.4009540882394889,0.18526183982404454,9.400331832876466,-20.60564187378764,0.7849586968460619,0.9694320247927412,-2.4455141188880036
2022-06-22,272.79522965877635,279.3183421828266,272.1977820764421,274.90106201171875,67472900,28.950000762939453,41.244929319448595,-8.347841936507507,-7.228533410273615,-1.1193085262338922,0.38588100661417307,0.18979671198128586,9.237490995269898,-20.610668406100206,1.022780017007705,0.9701912961769367,-4.181026371934015
2022-06-23,277.38884221350287,279.8472607857224,274.5484553145837,278.9951477050781,57457800,29.049999237060547,44.28740368820399,-7.741291386153819,-7.331085005449657,-0.41020638070416204,0.38680826111689043,0.19053179579240495,8.956156314974814,-19.31975850303526,0.8816814459331423,0.9707294224577676,-0.6414211470307296
2022-06-24,281.8257465327104,288.9757193550371,281.5906890875906,288.5545349121094,58422300,27.229999542236328,50.705913454808986,-6.41528167478981,-7.1479243393176874,0.7326426645278774,0.3906582400742702,0.19027594597428588,9.029328838902254,-16.455898171814166,0.9025212673884339,0.9710640731099816,1.3446010436333422
2022-06-27,289.9158931616627,290.48395844923084,285.30271282557226,286.4388732910156,54151500,26.950000762939453,49.350799434232755,-5.472047281816458,-6.8127489278174425,1.3407016460009844,0.3912587752237799,0.1897606283111267,8.754465752099135,-16.968458649031955,0.8399906370396293,0.9710835936524954,-2.110663209158392
2022-06-28,286.97758388485937,289.5731089555854,277.525939062618,277.7120361328125,61609800,28.360000610351562,44.11375129563578,-5.366844413539468,-6.523568024961848,1.1567236114223798,0.38534424119783134,0.1861736380923798,8.989658905018294,-19.394059307197082,0.9596841023084831,0.972258436164269,-8.092858242271884
2022-06-29,277.5749329814018,279.4750602194207,275.06755413149693,277.9667053222656,57302700,28.15999984741211,44.29951274260924,-5.202944402898368,-6.259443300549152,1.0564988976507843,0.38427004936060444,0.1814420682326539,8.662362275225828,-19.2162791151444,0.8951488032752467,0.97259471541127,-7.763859046721744
2022-06-30,274.9793225115048,278.1037560293959,270.11147720945564,274.51898193359375,79313600,28.709999084472656,42.25194614536743,-5.290271965134593,-6.065609033466241,0.7753370683316474,0.3766470485607749,0.17849853294383272,8.61449917127686,-20.112634617071993,1.2256148522139532,0.9736496542389755,-8.229181842035782
2022-07-01,273.2164241455902,276.72282703844155,271.33587501463063,276.3310546875,56675100,26.700000762939453,43.724219699121925,-5.1538501834966155,-5.883257263472316,0.7294070799757009,0.350601564822987,0.16282064992672166,8.383960089315007,-19.477629715778672,0.8775611909138551,0.973338541315034,-10.085771278180323
2022-07-05,272.58953751181775,281.1792657651739,271.0616045710433,281.0617370605469,61829300,27.540000915527344,47.48814795308308,-4.6108573141810325,-5.62877727361406,1.0179199594330273,0.3540676725074592,0.15313021512453406,8.507795882516122,-17.994660986728412,0.9566917617354087,0.9710856764635265,-6.103324533459542
2022-07-06,281.4438044371374,284.9698158944169,279.71996997128537,282.8639831542969,63194700,26.729999542236328,48.89062376004332,-3.9891212488149677,-5.300846068654241,1.3117248198392737,0.3544157634718942,0.1402414392720354,8.27508517113151,-17.370867266948764,0.9692628935046578,0.9713013255893603,-5.814991725051621
2022-07-07,283.676860210886,289.6221027277591,283.676860210886,288.9169006347656,56620100,26.079999923706055,53.39283693840661,-2.973692210569766,-4.835415297037346,1.8617230864675802,0.3565865059183254,0.12302800191693956,8.166730485583704,-15.51919844940975,0.8606878406851683,0.9733289823898573,-4.622277287272125
2022-07-08,286.0765204482334,290.6505455552985,285.13626083527004,289.2793273925781,59895500,24.639999389648438,53.65608089863917,-2.1153283827109135,-4.29139791417206,2.1760695314611462,0.350577743735319,0.10703797968076267,7.977270073758329,-15.329344020282806,0.895802692036987,0.972973188492461,-3.81037204749618
2022-07-11,286.8600979210317,287.0853513309118,282.2175342768471,283.0990295410156,55273900,26.170000076293945,48.613672544306866,-1.9117300170462954,-3.815464334746907,1.9037343177006116,0.35434820939652617,0.09829173795891175,7.9118788624706635,-17.04447412462809,0.8270691542329501,0.9725253287794292,-3.274678301329248
2022-07-12,284.35269219182925,286.2723974579635,278.7600355390411,280.3565368652344,55797100,27.290000915527344,46.52428258023079,-1.9492038754392524,-3.4422122428853763,1.4930083674461239,0.34544983655394884,0.09768680161564734,7.883341937931503,-17.747661803042757,0.8541758741559026,0.9725844179259967,-0.70966574668756
2022-07-13,274.8324971943098,282.12935046311884,274.2644018922793,279.7786865234375,73939400,26.81999969482422,46.07493707148364,-2.0024469099880093,-3.154259176305903,1.1518122663178936,0.3302200786272414,0.09290100809840719,7.882028125996363,-17.81561117207194,1.1499558303886925,0.9727420830191796,3.917454444098478
2022-07-14,277.17332709410147,281.6494010847364,274.0488929422412,280.7777099609375,63741800,26.399999618530273,47.02750538683698,-1.9416474530391952,-2.9117368316525614,0.9700893786133662,0.33066313580168655,0.08790833810255036,7.861919555746279,-17.424693379134123,0.9920931289841068,0.9721371957171925,4.099522527211419
2022-07-15,283.77482078239,285.9785736645535,282.15871142322095,285.8708190917969,63818100,24.229999542236328,51.71076059161625,-1.4655976064946117,-2.6225089866209714,1.1569113801263597,0.3353875464293169,0.08946570503995738,7.671844137736973,-15.846347104885652,1.0107692417341971,0.9714062354392362,3.405599241850976
2022-07-18,288.6622266990074,290.07263084350615,282.27625174330643,283.4515686035156,59519600,25.299999237060547,49.47332256083175,-1.2689107559137938,-2.3517893404795362,1.0828785845657425,0.32467235995045846,0.07600479090913649,7.680739492198597,-16.47628812317174,0.9597054045789316,0.9743280705254318,6.841170495812343
2022-07-19,287.08531456627213,292.4624917806867,285.4790391624275,292.16864013671875,55172600,24.5,56.73706626856122,-0.4049719243951131,-1.9624258572626518,1.5574539328675387,0.33055854111486066,0.07254589130109942,7.7757526125537755,-13.835445482269723,0.909807258409281,0.9747746655105598,8.803870023805782
2022-07-20,292.5898778358808,297.9866042971471,291.8063031994507,296.8014831542969,67769400,23.8799991607666,60.026167343664575,0.6460898159394333,-1.4407227226222348,2.0868125385616683,0.33382879623985995,0.08226852631178888,7.661791790063961,-12.398866144335692,1.1028585396051285,0.9746431887591449,7.809189883955581
2022-07-21,297.26178790829596,301.1208065906534,294.59769424773924,301.0620422363281,55049400,23.110000610351562,62.82523368269261,1.8020820484895808,-0.7921617683998718,2.5942438168894526,0.33555024072152356,0.09461015915559456,7.580457543838974,-11.085221770274716,0.9050056729924869,0.9750625346949409,9.516507514799688
2022-07-22,300.1315787945641,302.2079991736602,293.95127799269596,295.7828369140625,57127700,23.030000686645508,57.4565977714139,2.266104232916689,-0.1805085681365597,2.4466128010532486,0.3388025260389174,0.09889494799887216,7.628762089347921,-12.576328026820487,0.9394275855196363,0.9736406997082749,6.017197555969833
2022-07-25,295.81220517227155,296.2823499095002,292.0903231460626,294.0981750488281,40582400,23.360000610351562,55.81741113667465,2.4694408470455187,0.349481314899856,2.119959532145663,0.3298906952946432,0.10207718411189058,7.383280994640044,-13.001461119551303,0.677285580569896,0.9731674193964068,1.9211758839303261
2022-07-26,292.3939561600186,292.6486216352546,287.50653113809494,288.3194580078125,50074100,24.690000534057617,50.49575580746555,2.139628107298506,0.7075106733795861,1.4321174339189202,0.31812152590266723,0.102389388033798,7.326735488646697,-14.628033665081585,0.8385470293508458,0.972104054830969,0.6565396292723902
2022-07-27,292.89344106122144,302.1981749114534,292.3253458349496,300.50372314453125,69304400,23.239999771118164,59.30553446631244,2.8288087567814273,1.1317702900599542,1.697038466721473,0.30704472996610016,0.10836918906088945,7.794734161146283,-10.952130625560216,1.1531505508856108,0.9707040944983886,8.20694966235418
2022-07-28,300.2882914073574,304.0199776032613,296.5272230323643,303.4421081542969,55139900,22.329999923706055,61.10328540941788,3.570929052662109,1.6196020425803852,1.9513270100817237,0.30745322033514544,0.11541362807092671,7.77316419041419,-10.020037744543341,0.9191223382554696,0.9711775817782339,9.164911604249838
2022-07-29,304.98963060809433,309.886859425024,303.5596182725258,308.9759521484375,57501000,21.329999923706055,64.30176656719216,4.553114229278776,2.2063044799200635,2.346809749358713,0.3040844697504914,0.12291720243518087,7.678277553293685,-8.325697074564578,0.97622674551612,0.9718642842494313,12.55176234887061
2022-08-01,307.2031282374324,312.25707147850824,306.10615387012473,308.7898254394531,46358800,22.84000015258789,64.11081262519284,5.255897473725895,2.8162230786812303,2.4396743950446647,0.27418949117936636,0.12738686673723945,7.569180414371529,-8.323458231389107,0.7940127559155995,0.9710753329802381,11.746334768149902
2022-08-02,306.48817893094156,312.00243342597105,305.4303607765366,307.8691711425781,48676500,23.93000030517578,63.11243864306897,5.67317235126302,3.3876129331975884,2.2855594180654313,0.27436916415688445,0.1316970411910371,7.497958431161739,-8.52939242671433,0.8432069667622993,0.9684166533084176,9.537916602378482
2022-08-03,309.55382987589326,317.07599625736265,309.49506551973684,316.2532653808594,53735700,21.950000762939453,67.99964834134846,6.60426221049255,4.030942788656581,2.5733194218359685,0.27572904930875186,0.14463477639270753,7.620020337134795,-5.977639307023446,0.9385350102096118,0.9686093014515299,11.80400624152609
2022-08-04,316.33160794613104,318.045638078383,314.1768152523175,317.7322082519531,38973700,21.440000534057617,68.78528251844104,7.376464668716949,4.700047164668655,2.6764175040482936,0.27509583412108757,0.15844399093071684,7.352077657772701,-5.473812233706245,0.6913595358024428,0.9661926320039639,9.973562485918542
2022-08-05,312.62933963384387,317.1739530730081,311.84579486891386,315.13671875,53894000,21.149999618530273,65.73516927131445,7.69035672365186,5.2981090764652965,2.3922476471865632,0.2759948456712646,0.16620980724552029,7.247387352434599,-6.174813354340052,0.9611489416152934,0.9668209695764393,8.938554853016178
2022-08-08,316.05729394967074,319.75959701539574,312.64881259935777,314.11798095703125,43878500,21.290000915527344,64.52573786199002,7.767377321969093,5.791962725566057,1.975414596403036,0.26153600713908853,0.16672048024768038,7.237629999834839,-6.406324785996892,0.790565072459081,0.9674557440859336,10.956926085654972
2022-08-09,312.2178876554482,312.4725530963337,308.9367685501805,310.5626220703125,39764200,21.770000457763672,60.352398482421556,7.455585602371514,6.124687300927148,1.3308983014443658,0.2631500187897579,0.15951438769192985,7.090743028907405,-7.386584206039958,0.7269365529662496,0.9667802285489566,10.774168329664446
2022-08-10,317.91825930909414,319.5245645192212,315.440263015176,319.230712890625,51459600,19.739999771118164,66.10779487717109,7.817812034479573,6.463312247637633,1.3544997868419397,0.2531640261474505,0.15503789056802855,7.224400130336069,-4.736943957876044,0.9604780552575943,0.9668673287842626,14.101155044161139
2022-08-11,321.56182844695473,323.5696802574477,316.71356007875306,317.41876220703125,45897700,20.200000762939453,64.01583505552873,7.867972722659545,6.744244342642016,1.1237283800175284,0.25475368031022233,0.14592438548043574,7.19809441950454,-5.205371556473906,0.8711742926550158,0.9669211075071064,13.04984368281632
2022-08-12,319.4756326415139,323.7949923249394,318.41784430021045,323.59912109375,40928400,19.530000686645508,67.76303464513802,8.310628982451533,7.057521270603919,1.2531077118476137,0.25305761027291973,0.14482888149622425,7.13938982653337,-3.2931056991823873,0.7941035747117114,0.9664584720965014,13.19767513236043
2022-08-15,322.64900566848814,326.7136992197339,322.62939762529567,326.21417236328125,38266600,19.950000762939453,69.22341833775161,8.771339498291638,7.400284916141463,1.3710545821501752,0.25314383582777616,0.13870926803851702,6.9211692385265735,-2.4469857824504544,0.7580887650851177,0.9623666603427997,15.086388115770433
2022-08-16,325.23474657395747,327.54625403873433,322.3943599362304,325.4502258300781,41186900,19.690000534057617,68.25069940630313,8.97139514197579,7.714506961308329,1.2568881806674614,0.2517744969971857,0.13811146135495286,6.7947924430963855,-2.6037792134114,0.8274043112435513,0.9617924681214421,11.391224492055496
2022-08-17,322.3062545138739,324.6177323831417,319.6519347271528,321.7381591796875,47842200,19.899999618530273,63.57588648438744,8.729776495919737,7.917560868230611,0.8122156276891257,0.25617622848132177,0.1361668489356787,6.723613775941309,-3.635710439173792,0.9807329883501289,0.9622582203648299,8.401803036956835
2022-08-18,321.6891405560199,323.696992237814,320.073061166977,322.5118713378906,41937200,19.559999465942383,64.12741521354765,8.502710133471282,8.034590721278745,0.4681194121925376,0.25110583515037016,0.13626403516743057,6.502207868433858,-3.3239463705864654,0.8713956299521209,0.9631089668512145,7.124720520139438
2022-08-19,319.46580859755994,320.12202046047855,315.45984948796337,316.22381591796875,51770600,20.600000381469727,56.623354089864485,7.72630089710367,7.97293275644373,-0.24663185934006027,0.2599750547649916,0.12771317705013158,6.541480295683386,-5.119055922289883,1.0817403427010641,0.9661658406135674,6.910806325738639
2022-08-22,311.9534485078461,312.1885059057158,307.0856022915618,307.8985290527344,51098900,23.799999237060547,48.5267746056785,6.365828601331373,7.651511925421259,-1.2856833240898862,0.2643937881693035,0.11613439342667901,6.726961247877925,-7.5122521146797085,1.0561018112329283,0.9672699141668589,4.692431022944987
2022-08-23,307.66349905323347,310.484307640111,306.8897285292592,307.6439208984375,39497100,24.110000610351562,48.29931475655296,5.207075826223104,7.162624705581628,-1.955548879358524,0.26195355002037585,0.09150672087836502,6.503219666661776,-7.476636682297425,0.8253392314942485,0.9662349214430613,6.702448396702154
2022-08-24,307.16396931396105,310.35697204469074,306.5567177274495,308.53521728515625,38057100,22.81999969482422,49.19704694779489,4.31098175889673,6.592296116244649,-2.2813143573479184,0.26147677247878853,0.08381411721956095,6.310150713131738,-7.096615783906551,0.8220878085197338,0.9645549374409756,2.672677082527253
2022-08-25,310.3177405705039,314.0102696631607,309.269756480703,313.99066162109375,38098300,21.780000686645508,54.414622227187245,3.9949779009363624,6.0728324731829915,-2.077854572246629,0.26473645446446104,0.07679008982619337,6.250500832051219,-5.348235548329953,0.8384096793324993,0.965427186711833,3.476298504172348
2022-08-26,313.6969313669328,314.90166058333523,301.03270306529436,301.120849609375,69047700,25.559999465942383,43.154715728031086,2.6752180466030495,5.393309587867003,-2.718091541263954,0.2911804008140822,0.08490505981706638,6.794676309621908,-9.112244705685491,1.5004340103764824,0.9680864230793225,-2.542302235640903
2022-08-29,298.35872086581986,300.9052854634255,297.0462673179688,298.1530456542969,48321900,26.209999084472656,41.0454473189848,1.37398345153116,4.589444360599835,-3.2154609090686748,0.2916387022749892,0.09585310135985574,6.600383879749359,-9.896975432999112,1.047819181969892,0.9672962540726179,-3.444666536541008
2022-08-30,299.80836506966443,300.42542070552105,292.30580666204384,294.832763671875,51184500,26.209999084472656,38.76277838105625,0.07397392743229148,3.686350273966326,-3.6123763465340346,0.2806256808906271,0.10933900955838435,6.708900320015634,-10.784394117118842,1.1068823953268498,0.9671237285493132,-4.234398469428369
2022-08-31,297.7416984283566,298.6428016532994,293.01098869576384,293.11871337890625,50044000,25.8700008392334,37.60025420723505,-1.0821284174111838,2.7326545356908243,-3.814782953102008,0.2772982582111481,0.12376697875385836,6.631965508409913,-11.179752079051527,1.0865559115239867,0.9669131313549721,-7.315197828579734
2022-09-01,290.62115569172136,293.6182574146716,286.9286558279071,293.2460632324219,57990700,25.559999465942383,37.74963287565909,-1.9654156973652448,1.7930404890796106,-3.7584561864448554,0.27383235585845367,0.13463800375515841,6.6360823711495245,-11.017747110740386,1.2336266963890743,0.9667615031874668,-7.706535372742063
2022-09-02,296.12563692816366,297.50665908061006,287.4869178759996,289.10302734375,64666800,25.469999313354492,34.82853630041757,-2.9655505807860436,0.8413222751064797,-3.8068728558925233,0.27218882070311434,0.14857265841717326,6.877772287825306,-12.143707085401424,1.3600621448970065,0.9678080344903559,-8.261078400991629
2022-09-06,289.58291911171983,290.5036004605088,284.8913658416543,287.02655029296875,57005400,26.90999984741211,33.43219618973063,-3.8809814868813532,-0.10313847729108694,-3.777843009590266,0.27246375879402407,0.16232818776158367,6.787376740041675,-12.641054695377928,1.1826039259975822,0.9668093325651872,-8.624603590511548
2022-09-07,287.50653697718246,293.8239446392359,287.24206747358494,292.8249206542969,49260400,24.639999389648438,40.594402960196646,-4.091423660988198,-0.9007955140305092,-3.190628146957689,0.27282069243167667,0.1688786620381235,6.788092283343494,-10.74189680919714,1.0119622581818106,0.9652143625470359,-5.7114733568934595
2022-09-08,290.74849866230295,295.66530593539215,289.3772804875683,294.3430480957031,55649800,23.610000610351562,42.34351547310699,-4.088569914196341,-1.5383503940636758,-2.5502195201326656,0.24325463083338464,0.1702921718257709,6.752373223663518,-10.142752101870531,1.1383211410825769,0.9604997765140088,-7.79613733577349
2022-09-09,296.6055362585867,301.2775115046468,294.3430190211822,300.7779846191406,56125200,22.790000915527344,49.17463116565215,-3.526412413681271,-1.935962797987195,-1.5904496156940762,0.25014781813537235,0.1684363887901351,6.765381742220735,-8.053964022221688,1.1361609960204648,0.9621244332575145,-5.242531182525667
2022-09-12,302.1590173681304,304.68597428060605,301.845587550832,304.35296630859375,45905700,23.8700008392334,52.53893491735853,-2.760604864960328,-2.1008912113818217,-0.6597136535785064,0.24674003028469996,0.16038232891495105,6.56128230788107,-6.842595984741005,0.9246261419175251,0.9625754729174741,-5.947529993315537
2022-09-13,295.5966940990329,296.79161902356276,286.77190885268436,287.6632080078125,79562200,27.270000457763672,39.42014477517434,-3.460530041780146,-2.3728189774614865,-1.0877110643186594,0.2929041059389529,0.1551486711754821,7.348409104168807,-11.814510541399818,1.5385448390460899,0.9654349396835585,-11.817685318876126
2022-09-14,288.80915188891885,290.82680766143733,287.03635754403905,289.9453125,54907200,26.15999984741211,41.56861272669677,-3.7874200066721073,-2.655739183303611,-1.1316808233684963,0.29435348743516637,0.14448804201604898,7.0942691765423405,-10.990049832880706,1.0478744249970586,0.9675071839975853,-10.909475708465388
2022-09-15,288.02565465319753,290.4350831281966,283.51039364187335,285.11669921875,65299400,26.270000457763672,38.46056359963006,-4.385557420329064,-3.0017028307087017,-1.3838545896203627,0.2840008102593918,0.1382501693234744,7.082156341526691,-12.331587907202316,1.225784779311191,0.9680475239980383,-11.382380024274575
2022-09-16,281.8061412705753,283.7650328323365,279.7492991526634,283.3732604980469,79920400,26.299999237060547,37.37398609538523,-4.943283469485891,-3.3900189584641396,-1.5532645110217516,0.2830904066798561,0.12720465823644767,6.959673750423826,-12.732631984853132,1.4486031661934835,0.9677593765262533,-12.135556647103652
2022-09-19,280.7230049719372,285.7369525869337,280.6641350153482,285.5799560546875,52613800,25.760000228881836,39.6962408856565,-5.1478819140849055,-3.7415915495882928,-1.4062903644966127,0.28465104177719286,0.11830330566274794,6.824898309078228,-11.928423962178995,0.9529271505306964,0.9675900068609417,-9.690560394486713
2022-09-20,283.068018106011,285.5995455385863,280.9976884865525,283.30352783203125,51271100,27.15999984741211,38.125630878422385,-5.4311099335799895,-4.079495226386632,-1.3516147071933577,0.2849984340249587,0.11825494994365435,6.666109647860772,-12.499719047382507,0.9284637387637609,0.965309678724125,-7.988021669467182
2022-09-21,284.14735147135906,288.4254238400741,278.09332914767754,278.2306823730469,82931000,27.989999771118164,34.819473436466765,-5.995790669985638,-4.462754315106433,-1.5330363548792052,0.28724407967573046,0.12119640623042485,6.927965722470469,-13.939761719433205,1.4449638833079848,0.9654679466746828,-9.560806025190672
2022-09-22,276.70005559348715,277.71069644275195,273.57982811059514,274.80633544921875,62757100,27.350000381469727,32.754617158678926,-6.6430435295263806,-4.898812157990423,-1.7442313715359576,0.27229178588824604,0.12375300718758721,6.765314903897702,-14.864941167234235,1.0704264318169452,0.9644645039676001,-10.931939028783344
2022-09-23,272.3336388654652,272.6280185513993,266.9075723667311,270.3320007324219,74815200,29.920000076293945,30.231900500649587,-7.4313732569506215,-5.405324377782463,-2.026048879168158,0.2743029329943575,0.11883763793610216,6.846275488082699,-16.098256531492577,1.2373516627049412,0.964448259993772,-13.904445649201092
2022-09-26,269.86103938526855,274.23720902152206,268.4186656112175,269.21343994140625,71176700,32.2599983215332,29.61776523161228,-8.053552414108196,-5.93496998504761,-2.118582429060586,0.2642063167150196,0.1279612378291318,6.77286605395569,-16.288946103331583,1.1751064979319528,0.9624643908210962,-10.59621401485823
2022-09-27,272.58881366414136,274.94370187836364,266.99592795433864,269.3214111328125,69780100,32.599998474121094,29.766077984359427,-8.440623255140963,-6.4361006390662805,-2.0045226160746825,0.261579465839128,0.13565176169936446,6.856788044674927,-16.10588313373685,1.1319974819662175,0.9635554718645194,-9.670078820832885
2022-09-28,269.30172313773465,275.964118598629,267.8201228095943,274.6787414550781,79652100,30.18000030517578,36.87409230196178,-8.220329064941609,-6.792946324241347,-1.4273827407002617,0.27217733264930677,0.13767305204265254,6.948731454986339,-14.285639542938883,1.2629815902096693,0.9691745869543551,-6.835747142141457
2022-09-29,270.6754698446514,271.05815455362637,263.78741457937485,266.7604675292969,81216000,31.84000015258789,31.758173224548855,-8.585712117241599,-7.151499482841398,-1.4342126344002004,0.2800358594158984,0.1469619982881165,7.230345413608977,-16.605967326342995,1.2567211471232287,0.9703300080745091,-8.992344960090215
2022-09-30,265.93622642390045,270.01804644675275,262.0800945315711,262.2370910644531,78482400,31.6200008392334,29.260683605722193,-9.134977165472776,-7.548195019367674,-1.5867821461051017,0.2805634803523895,0.15888870991102097,7.280888735149882,-17.870751404583558,1.195468690736772,0.9699715693991522,-10.574386515597167
2022-10-03,264.01302168913685,269.9885607365079,262.5019565451054,268.3891906738281,61267400,30.100000381469727,36.567154822121935,-8.970444944786664,-7.832645004451473,-1.1377999403351904,0.2909936393333793,0.16359991967264875,7.3145016592145184,-15.787357050918583,0.9356668524233304,0.9688840106385116,-7.164863287748513
2022-10-04,273.74666587110323,277.53413678896345,273.74666587110323,276.8276672363281,66696900,29.06999969482422,44.96404879464338,-8.06615581596094,-7.879347166753368,-0.18680864920757223,0.30263270465715103,0.1634115164736525,7.44524769178029,-13.002598769388317,1.0111028650938865,0.9704623099466244,-3.553289075951549
2022-10-05,273.04997663213595,278.4760440609356,270.2437421314964,276.6804504394531,55766300,28.549999237060547,44.8524989110667,-7.277488968729017,-7.758975527148498,0.48148655841948074,0.3026553956860465,0.1595535977146496,7.501465851613069,-12.913869480711462,0.8412500867403432,0.9701978527100831,-5.513352544848315
2022-10-06,275.6795651899126,278.8390489720594,274.17832155720447,274.50213623046875,53489400,30.520000457763672,43.14680841056321,-6.750421900318429,-7.557264801782485,0.8068429014640559,0.3023324422509918,0.15386231109526413,7.298555963273202,-13.46714811346557,0.808219422324392,0.9702303361657053,-6.740744173710967
2022-10-07,269.85126427538046,269.9788258468675,262.7080857683854,264.04254150390625,71354700,31.360000610351562,36.05634932229247,-7.094933355958176,-7.464798512617623,0.3698651566594471,0.31113524350570343,0.14407922919190289,7.619662713188213,-16.611965355456555,1.0658982745909202,0.9728839460341947,-12.213474720149664
2022-10-10,264.23874574700363,264.63125207537865,258.6851465176474,261.403076171875,60393000,32.45000076293945,34.51493793147186,-7.4945514362258905,-7.470749097339277,-0.02380233888661376,0.2929113842370521,0.12253920152193225,7.500122916369858,-17.284583176973094,0.8924948150976789,0.9730503822917183,-14.111868419633012
2022-10-11,259.7251919354999,262.6001177949354,256.1241534089937,257.81182861328125,66522500,33.630001068115234,32.48037154603371,-8.008715817904886,-7.578342441452399,-0.4303733764524864,0.29373889657953506,0.12737387876757253,7.426968735624988,-18.25317696736176,0.9926414932873501,0.9724155580083359,-10.377197557263052
2022-10-12,258.44962403233006,260.3727791819486,257.0268934659801,257.7235412597656,50580200,33.56999969482422,32.42976037964333,-8.32732660875547,-7.728139274913014,-0.5991873338424565,0.2933388324515988,0.12534599410744407,7.135462805649525,-18.10430938748226,0.7571967274799424,0.9705783909064165,-11.113051272465169
2022-10-13,250.3645148227575,265.0924257747889,249.48142048092458,263.7677917480469,112894100,31.940000534057617,39.39250305205015,-7.999889706695683,-7.782489361269548,-0.2174003454261353,0.3040989620258452,0.12024456140568046,7.740858697664869,-16.012384237909917,1.631912391936168,0.9712727128063887,-7.487778698757874
2022-10-14,266.1030341940896,266.7015553797776,255.25090006411662,255.839599609375,77244300,32.02000045776367,34.38712234349836,-8.284632364785693,-7.882917961972777,-0.4017144028129165,0.31351280678900606,0.12248908090386884,8.005844170378875,-18.359787417072585,1.118749503495644,0.9720622871634449,-9.71639343820927
2022-10-17,261.82491445792976,265.1610077097722,261.7267879032243,264.2877502441406,64576500,31.3700008392334,42.73682697854834,-7.739383030717761,-7.854210975721774,0.11482794500401283,0.330075956306534,0.11107614888911624,8.099813022523042,-15.493226987132552,0.9272457456454923,0.9740646729952807,-7.455777395830088
2022-10-18,271.3328547047113,272.00006750155967,263.68925268685314,266.3777770996094,69781000,30.5,44.61463818078872,-7.057269495262858,-7.694822679629991,0.6375531843671327,0.3312212717022097,0.09930924933918325,8.114884579107578,-14.658385387332833,0.9888357957396072,0.9744538452202416,-5.97442286086075
2022-10-19,264.8568991664693,268.536421260434,263.03187058099604,265.4063720703125,53115400,30.760000228881836,43.89416719747224,-6.519916334548213,-7.4598414106136355,0.9399250760654221,0.32429891242590886,0.09285049371850039,7.928432157702605,-14.796567752535026,0.7689184692709617,0.9740610817827706,-4.609236549094808
2022-10-20,264.51347510272905,269.67462775308275,262.88469964866005,264.05230712890625,60605500,29.979999542236328,42.85528258937402,-6.132628681627011,-7.194398864816311,1.0617701831892994,0.3233932699648608,0.08948313699957382,7.847110439611183,-15.063508967051039,0.8787164538570376,0.9746458651377056,-3.913311642809536
2022-10-21,262.94353986467723,270.7833645888353,261.8053375485851,270.24371337890625,77897700,29.690000534057617,48.82006639606627,-5.265409324704422,-6.808600956793933,1.5431916320895116,0.3245008247346125,0.0894422904706999,7.927890196799685,-12.924954329607843,1.126917027090641,0.9753180102854809,-0.03265886142832519
2022-10-24,270.5086287735804,274.14889389885707,266.85854200823854,273.2167663574219,63963600,29.850000381469727,51.44117386386375,-4.288792675556351,-6.304639300546417,2.0158466249900657,0.3241497265061656,0.09168167322426479,7.882351746358173,-11.82250056469713,0.9301908245388154,0.9749033611235942,1.4870455267340876
2022-10-25,274.1587837673911,279.2512455205015,272.677153061995,278.8685607910156,59014500,28.459999084472656,56.04925140829564,-3.0239066545917694,-5.648492771355488,2.6245861167637186,0.2923281601116321,0.09955774627193939,7.78890465436877,-9.864619221978089,0.8649896098499575,0.9756398861738499,3.54489070068591
2022-10-26,273.22664203879685,278.6429188713533,272.21600095423463,272.70660400390625,63492400,27.280000686645508,50.43024355365254,-2.489990721986146,-5.0167923614816194,2.5268016394954733,0.29738190445428536,0.09812071137664813,7.707737167398215,-11.71585831319441,0.9417765574584356,0.9727584597364191,-0.7179796444110376
2022-10-27,271.58800928552915,273.0499966012422,267.2216307339429,267.7416687011719,57760300,27.389999389648438,46.39439409215243,-2.439367770767035,-4.501307443338703,2.0619396725716683,0.29808574781206276,0.09812167180426784,7.573496360248291,-13.17003387152017,0.8719206405383176,0.9713213126294669,0.3678210572064078
2022-10-28,267.1136914892832,276.40571250968816,266.94687331181507,275.9347229003906,62651300,25.75,53.06893259220473,-1.7183298783269834,-3.9447119303363594,2.226382052009376,0.3122562010855884,0.1003942844917859,7.70816370579292,-10.364356806237456,0.9571901209029026,0.9734548124385369,5.22337697552131
2022-10-31,273.6779672252014,274.5021766012349,270.80301113428953,272.7261962890625,47742000,25.8799991607666,50.42123133408503,-1.3897828845459799,-3.433726121178284,2.043943236632304,0.31274061199257663,0.10158493871659349,7.52413142438636,-11.268263077514682,0.7370199459438431,0.9740522558688399,1.6159390042295385
2022-11-01,276.20946484249686,276.76875940014787,269.5765032805312,269.9395446777344,45895900,25.809999465942383,48.17323224831158,-1.3388332842303612,-3.0147475537886996,1.6759142695583384,0.3132215322881913,0.0974302831955457,7.50042604547424,-12.030242303046126,0.7200821877015606,0.9737543700541612,-2.4882348745558502
2022-11-02,269.91009673983194,272.9812758948234,260.6180759808633,260.686767578125,79803100,25.860000610351562,41.54923922730966,-2.021771419744141,-2.816152326979788,0.7943809072356469,0.3241129947115218,0.09507609794671487,7.847767036080373,-14.905415222435037,1.2288957291680622,0.9752783788537158,-5.780561234422333
2022-11-03,258.06695719387005,259.5289443113048,255.21164461024333,255.59429931640625,70038900,25.299999237060547,38.418176681742125,-2.940033564802377,-2.840928574544306,-0.09910499025807118,0.3267824736832246,0.0983790665465222,7.678292459780465,-16.428292255364322,1.064965675072866,0.9740052054313584,-6.88804727486263
2022-11-04,260.53956678156436,261.59925583727016,254.21077759058295,259.7055358886719,78313200,24.549999237060547,42.20477670575574,-3.2980031705242254,-2.93234349374029,-0.3656596767839355,0.32813121547449675,0.10040485923845435,7.657591444559519,-14.95409178386112,1.1845128139507553,0.9749204708888356,-1.6425404749295769
2022-11-07,260.75552792536917,263.10062493911397,258.6165057577425,262.5609436035156,47333800,24.350000381469727,44.74598953645661,-3.3130977941020205,-3.008494353812636,-0.3046034402893847,0.32985212330129215,0.09989202263782065,7.4309148543318,-13.905106913456242,0.7230805494115532,0.974535215597588,0.4429433075528566
2022-11-08,264.08176679807127,267.72203225448277,260.5297763341785,264.4742431640625,63213800,25.540000915527344,46.445199423732966,-3.134540080746376,-3.033703499199384,-0.10083658154699204,0.3306410399452213,0.09609026130957747,7.4138677876155485,-13.163156613884604,0.9681132230787932,0.9748929052918716,2.5842160100322253
2022-11-09,262.7276805133192,263.51263319340626,258.0865661948358,258.3711242675781,64862100,26.09000015258789,42.00744717209312,-3.445781669366795,-3.116119133232867,-0.32966253613392826,0.33118355834186153,0.09546282371283603,7.340568443444915,-15.057460589589047,0.9826106571477006,0.975506909650069,0.2512704135008814
2022-11-10,270.8226557966358,277.7303239197382,268.7032474143106,277.43597412109375,99256700,23.530000686645508,56.11384175794971,-2.1295210263317585,-2.9187995118526455,0.789278485520887,0.3872771019605707,0.10167028351707953,8.199042101210285,-8.701139146065268,1.5193569076706654,0.979057342620671,5.181899686259972
2022-11-11,277.2495289451392,283.21527741874615,275.90528169082427,282.54803466796875,66961800,22.520000457763672,58.99413720711621,-0.6661949401424181,-2.4682785975106,1.8020836573681818,0.38612581125734496,0.10608942032474987,8.135538788832543,-6.941551078328347,1.0331383008062691,0.978273102470701,10.439523474619694
2022-11-14,280.48749863671657,283.77454432531556,279.09420305501146,280.0754089355469,55290700,23.729999542236328,57.04399411510833,0.29063107967192536,-1.9164966620740949,2.20712774174602,0.3823970912197349,0.11163029679661657,7.888738966080511,-7.659500897408471,0.8592225432028144,0.9780905298063185,5.973662675179647
2022-11-15,286.7181803960782,287.7484646032794,280.595464890081,283.9512023925781,73985400,24.540000915527344,59.31430973714364,1.3461491649343884,-1.2639674966723984,2.610116661606787,0.37380661723650577,0.12090206603301462,7.873333016198511,-6.27270319168771,1.1459961101243876,0.9774328395852793,6.597181448209666
2022-11-16,281.98877238020174,284.0394890772375,279.2511995891804,280.0754089355469,48859800,24.110000610351562,56.12008584086159,1.8486011876995576,-0.6414537597980072,2.4900549474975646,0.3762333629828758,0.12393441210559526,7.65297276418841,-7.434701002604044,0.759315975655478,0.9774418644301878,5.527010052851411
2022-11-17,275.60111294313054,280.93887533704117,275.44411640871823,279.4572448730469,55462100,23.93000030517578,55.605742255991494,2.1718812667867837,-0.0787867544810491,2.250668021267833,0.375472390044342,0.12469411656860935,7.498814633055162,-7.516249641583054,0.8653789817764734,0.977335015941203,5.834047773201312
2022-11-18,282.47931913874527,282.5774157520669,277.01399628458324,279.4670104980469,53588600,23.1200008392334,55.61266335498721,2.401191620581244,0.41720892053140957,1.9839827000498345,0.3568883154102509,0.12711031745412715,7.360572121228626,-7.412323919625321,0.85231055515352,0.9766452476898412,3.4129552927689044
2022-11-21,278.0737330460213,279.23154876722174,275.75810160362045,276.5921325683594,40083500,22.360000610351562,52.99342914745372,2.3241517310652853,0.7985974826381848,1.5255542484271005,0.35697514644627315,0.12790315682599407,7.0997390335998976,-8.253899170641708,0.6498569766666107,0.9747409214782189,1.2354169386961544
2022-11-22,277.3280772460666,280.73283330792435,275.18902541606224,280.57586669921875,41873400,21.290000915527344,56.08028117659094,2.5550975405322447,1.1498974942169968,1.4052000463152479,0.3554223149789316,0.12897458387157987,6.988601094904341,-6.830257156393637,0.6884418244019083,0.974905900352971,0.6122260262542145
2022-11-23,280.59546382086114,284.0198629688996,280.4188539382524,283.39190673828125,46390000,20.350000381469727,58.17133131260367,2.931561439492498,1.506230283272097,1.4253311562204007,0.35583086253446944,0.1337638951011389,6.746630233171686,-5.789971552778326,0.7735751143270313,0.9748612958434104,3.918241281102941
2022-11-25,281.792533229262,282.4990026961143,281.03701544355647,281.5276184082031,15498800,20.5,56.261584504564425,3.0443855227230188,1.8138613311622815,1.2305241915607372,0.3517531313398273,0.1353222899724932,6.432934594711193,-6.290521003362882,0.26788928125704076,0.9746819751809302,5.148974298213482
2022-11-28,279.5455412091659,281.56682286849747,276.46457040518544,277.3966979980469,38714200,22.209999084472656,52.17423906543345,2.768554495125045,2.0047999639548344,0.7637545311702105,0.3421083026652034,0.13567604737851305,6.337885871039823,-7.553902657481022,0.6832915654680621,0.9743695442564603,0.5298264322406432
2022-11-29,277.6222968122089,278.0245946753391,273.92316272052415,275.2968444824219,35618900,21.889999389648438,50.17863189392337,2.3533874039357556,2.0745174519510186,0.2788699519847371,0.3311255116532597,0.13573786875170296,6.178139162738044,-8.156436189697272,0.6354590499379731,0.9738230228391306,0.9425747245177529
2022-11-30,275.5618701378381,287.95450584051946,274.7082257686987,287.8465576171875,74718100,20.579999923706055,60.02064970480337,3.0024115295216234,2.2600962674651397,0.7423152620564837,0.3545711390341413,0.14214024927923335,6.683006370529667,-3.887192674159646,1.2995956314596062,0.9745360375993098,6.633712359866095
2022-12-01,288.17033309023947,290.1916146377565,285.4131471945287,288.19976806640625,51547300,19.84000015258789,60.25860535906287,3.504867030935145,2.509050420159141,0.995816610776004,0.3540792974828358,0.14020554727816437,6.546967875722394,-3.6735496533491645,0.9191652971337392,0.9740033487037335,10.554045663263633
2022-12-02,283.1171427382444,287.9348670277143,282.9405029287859,287.0517578125,53583200,19.059999465942383,59.02884222552445,3.7670080783869935,2.7606419518047116,1.0063661265822819,0.3538720638880859,0.12664010064738832,6.454989108715104,-3.9600381966780396,0.9696953025791667,0.9740051509538928,12.30757437870389
2022-12-05,284.92262593300785,286.1981818577451,280.772113440123,282.234130859375,41482100,20.75,54.04430951814426,3.5451482523135383,2.917543211906477,0.6276050404070612,0.3529033812459164,0.11270716626830735,6.4424644846909525,-5.484850252717263,0.776582541462363,0.9733947813773524,8.67466875267553
2022-12-06,282.07702792269265,282.21438115102205,274.9927215079729,276.3860168457031,53937600,22.170000076293945,48.671490881912234,2.8644096837600728,2.906916506277196,-0.04250682251712323,0.35756974527012747,0.09999946777747352,6.4995319751703216,-7.354778538868121,1.003557354208156,0.9734930972024617,5.26547210428383
2022-12-07,275.19878996005144,277.25932811415316,273.540549774362,275.2576599121094,45614300,22.68000030517578,47.68643155506926,2.2084132757034354,2.767215860162444,-0.5588025844590088,0.3526668626850932,0.08866148846055726,6.300906715500383,-7.648138977727749,0.8628216431485917,0.9702807785503119,4.077303188030124
2022-12-08,276.6117778520161,279.4867041498166,274.5316259922556,278.51531982421875,42594900,22.290000915527344,50.78344354640472,1.9291591794661258,2.5996045240231807,-0.6704453445570548,0.3480417974060371,0.05486581399085557,6.204776104218998,-6.4875209509759895,0.8230410292568151,0.9705289279386097,7.796612571836237
2022-12-09,277.4948060056195,280.2716351492783,276.29773374866903,276.7392883300781,47860500,22.829999923706055,49.07759140617682,1.5467079116054947,2.389025201539644,-0.8423172899341491,0.3440556582608533,0.05532975229627571,6.045427911104019,-6.996862730857122,0.9731054834510766,0.9701018370292425,-0.251115881140751
2022-12-12,276.9159612528378,280.2716989813557,275.87588527808754,280.2127990722656,35732500,25.0,52.44226592622411,1.5065294799050548,2.212526057212726,-0.7059965773076713,0.3345557395040461,0.05500447438432918,5.92759832483003,-5.738638306598293,0.7503392091793264,0.9702238922137573,-0.8264915374291415
2022-12-13,291.0746827007029,291.3003708053401,280.5365424209151,283.22503662109375,80667700,22.549999237060547,55.20637745945424,1.698174678565863,2.1096557814833536,-0.41148110291749074,0.33366223407101464,0.05558633577284671,6.296167853990347,-4.636523088099355,1.6499618689833198,0.9701779884657359,1.1245641656000283
2022-12-14,282.63637134705806,285.93323901991835,277.8677246441367,281.1253356933594,64984400,21.139999389648438,52.89840871889762,1.6614741228419234,2.020019449755068,-0.35854532691314445,0.3329068550601457,0.05460363691928641,6.4225497484040135,-5.260100471160984,1.3415277000623134,0.9711007087506438,-0.9951944825054237
2022-12-15,277.0238905835483,277.69113345419976,270.48908464925995,271.6861572265625,60554100,22.829999923706055,43.994162387144414,0.860803050517859,1.7881761699076262,-0.9273731193897672,0.3322568022173274,0.06123530573387028,6.723528412382257,-8.33713980386775,1.2351599612526671,0.9722360544578175,-2.9953546228383754
2022-12-16,271.00906650131145,272.5495369212673,267.4865111652677,269.095703125,68300400,22.6200008392334,41.90923616551234,0.017041022213163615,1.4339491403687337,-1.41690811815557,0.3279693797796264,0.07032599540034523,6.604921079783496,-9.111348798530186,1.3751603799084808,0.9715077016833937,-3.7077377445533632
2022-12-19,269.3661757124393,269.45469205157076,264.07464554690455,265.3139343261719,44167900,22.420000076293945,39.00320859908977,-0.9458998559629777,0.9579793411023915,-1.9038791970653692,0.32828969461471513,0.08345288634258512,6.517430038703691,-10.291686504348853,0.8977910687799198,0.9718029757705882,-5.0643101476100405
2022-12-20,264.1434663605713,266.85808712803,262.5599575900267,265.10736083984375,51064200,21.479999542236328,38.84476061369476,-1.7060400260249935,0.4251754676769145,-2.131215493701908,0.3269188749872338,0.09397322461835107,6.358908574367946,-10.282551057850851,1.026514605170647,0.9734543069235846,-4.15224092669273
2022-12-21,266.1499872651614,270.26123993454263,265.30411436251245,268.953125,46394700,20.06999969482422,43.45058381938456,-1.9753647843685371,-0.05493258273217583,-1.9204322016363613,0.32888070466043523,0.0982473444352482,6.2728350401058695,-8.909008086093795,0.9284271028424521,0.9740114988743677,-4.142459519399255
2022-12-22,265.9335717531084,266.06143868929945,258.1438039406445,262.37310791015625,60278400,21.969999313354492,38.1556396117478,-2.688764579019903,-0.5816989819897214,-2.1070655970301817,0.329778935900988,0.1078144157514819,6.596869755766558,-11.040110482812931,1.1897277270958997,0.9737586629598497,-7.416866300115032
2022-12-23,261.1043231467132,263.63206646907213,259.196224220141,262.9632263183594,39373600,20.8700008392334,38.875057217599355,-3.1699798775479735,-1.0993551611013719,-2.0706247164466016,0.24676619086300805,0.11511844658159712,6.442510648135455,-10.748521989415496,0.7592367447013032,0.9726852473507349,-6.594163725324509
2022-12-27,262.3534598691124,262.4616665309038,258.7044791014766,259.24542236328125,38009000,21.649999618530273,36.03129768703059,-3.8074522374546405,-1.6409745763720256,-2.166477661082615,0.24172092207849621,0.1265751780869293,6.286527545903122,-11.924447388608792,0.7334219791954297,0.9715891171288243,-6.543436084770349
2022-12-28,258.8421834173247,261.10434791855766,255.45875180482062,255.82266235351562,47139000,22.139999389648438,33.594786754095665,-4.536547309528544,-2.2200891230033295,-2.3164581865252143,0.24302156258146806,0.14067349222948936,6.240746729319831,-13.006270642322129,0.8995958889084287,0.9721388380036159,-7.073884978783218
2022-12-29,258.6356282554521,263.00261509072897,257.93731257243115,262.05841064453125,45893600,21.440000534057617,41.37304897357285,-4.558638487402561,-2.687798995883176,-1.8708394915193853,0.2511128091397726,0.13789943582794556,6.3078328727407955,-10.797299786117406,0.9005990505695072,0.9722813721235627,-8.95899092423832
2022-12-30,259.2847715193835,262.02889845021673,257.9766565398637,261.9010314941406,37858300,21.670000076293945,41.241750162140384,-4.536550556281952,-3.0575493079629315,-1.4790012483190207,0.24893963106848657,0.13195250799975933,6.148827246449849,-10.743965604605714,0.7530315555474224,0.9722279384251401,-9.12517617509183
2023-01-03,264.2320534278989,265.70738597636927,257.8192854228727,260.1306457519531,42335300,22.899999618530273,39.71488066327853,-4.608773967957063,-3.367794239961758,-1.2409797279953052,0.24930358046082654,0.12574331472002742,6.273061054096041,-11.232103940842004,0.8516091396213701,0.9731408835311269,-9.378487094348865
2023-01-04,262.25509648138757,263.0517735598777,258.2126701796838,261.369873046875,47754900,22.010000228881836,41.35165330374007,-4.513981882717758,-3.5970317685129585,-0.9169501142047993,0.2500586840274623,0.1217504122394728,6.170635505960171,-10.68455304007901,0.9546060914810598,0.9711495398918656,-7.392535321284632
2023-01-05,259.6978565755329,259.86504410770016,256.96357502386735,257.2782897949219,45396700,22.459999084472656,37.7110606796725,-4.714667296059645,-3.820558874022296,-0.8941084220373487,0.25205974819918814,0.12488118479807017,6.044611400034991,-11.954939960079244,0.9152796685075744,0.9713661165525105,-6.91342032019241
2023-01-06,259.01922078173544,265.5008447681954,256.05871056351606,264.37957763671875,54659700,21.1299991607666,46.5126429603038,-4.251686555075253,-3.9067844102328877,-0.34490214484236503,0.2623475357924111,0.12300431116357263,6.28729160036673,-9.393639729576032,1.0920802965136154,0.9724923768107678,-3.951963508977019
2023-01-09,266.37615168320843,270.76282800563155,265.4811431671901,266.0909423828125,45568700,21.969999313354492,48.40476674913355,-3.7039809628198554,-3.8662237207502814,0.16224275793042597,0.2611452039748136,0.11720509152449235,6.294145798120021,-8.685323499038319,0.9077488143350715,0.9714989894372253,-4.46093143071905
2023-01-10,265.05825234593607,268.4515294222852,264.5468145033539,268.34332275390625,35247800,20.579999923706055,50.86822225052524,-3.05297921891065,-3.703574820382355,0.6505956014717049,0.26247330709004346,0.11244792197337843,6.123472163892254,-7.780659561592837,0.7110849119647151,0.9727205897294093,-3.0338899932985552
2023-01-11,269.41540770119474,273.09389391760425,268.6285456657879,272.9856872558594,44077000,21.09000015258789,55.57618658554836,-2.1378122602059193,-3.3904223083470684,1.252610048141149,0.2648408062431455,0.10474442039521772,6.0254078067355215,-6.058859939466294,0.8817821373749232,0.971732350729092,-2.579151216623199
2023-01-12,273.5462996296158,275.4937492486474,269.23832411872826,274.46099853515625,60600000,18.829999923706055,56.9867796805299,-1.2787499282829913,-2.968087832334253,1.689337904051262,0.2644579830971779,0.09167555684282908,6.041837615534353,-5.417293216390346,1.237166818573467,0.9702882036081252,-3.0943726552191353
2023-01-13,271.9529345892857,276.5953149988163,271.61852951934367,276.34942626953125,44802900,18.350000381469727,58.790561498632435,-0.4404789380994316,-2.462566053487289,2.0220871153878575,0.2277699623755511,0.08350505540353138,5.9657624629585175,-4.624342704511589,0.9339033109940611,0.970996952897302,-1.6988541470476015
2023-01-17,276.15273862166276,278.19854991993594,274.9823057192175,276.91009521484375,36269700,19.360000610351562,59.33579823929112,0.26603151352912846,-1.9168465400840058,2.182878053613134,0.22785781441100716,0.08950381058003207,5.7693683013699415,-4.295507918479097,0.7756633452089721,0.9712959882686089,1.9227840099063087
2023-01-18,278.45421464034155,280.0082481984459,273.1037035736477,273.31024169921875,47754500,20.34000015258789,54.36243344866194,0.5293658431765493,-1.427604063431895,1.9569699066084443,0.23028974595986618,0.09234299778762609,5.850452324471962,-5.407110066312787,1.0442183144318473,0.9709066692512726,1.5661857566937831
2023-01-19,271.67756364298884,272.81849104631254,269.38589369701623,270.6251525878906,44150400,20.520000457763672,50.93322962556803,0.5154541114476388,-1.0389924284559884,1.5544465399036271,0.2271467901889999,0.09358787697041604,5.712873444309858,-6.201522839287859,0.9654281454632285,0.9715421221202295,2.001861785061476
2023-01-20,272.238187884211,278.3657161222517,271.17593171041085,278.03131103515625,60613600,19.850000381469727,58.676290733210564,1.089485148063602,-0.6132969131520704,1.7027820612156725,0.23407137820644047,0.10115396870094122,5.857708450742087,-3.495770085393499,1.3117302752781987,0.9724507322114573,4.874987308677592
2023-01-23,278.8772170978136,285.4375127034324,278.08053988052825,284.20806884765625,52799900,19.809999465942383,63.80622037514338,2.019541596004103,-0.08672921132083566,2.1062708073249388,0.24206315732214306,0.11585581755253797,5.968315109137377,-1.2339137266205253,1.1347703536385256,0.9712958960068409,5.671971220879568
2023-01-24,282.58515029246405,284.78830361957864,282.06386740646946,283.6277160644531,44875100,19.200000762939453,63.014685479507165,2.6789076326705867,0.46639815747744884,2.212509475193138,0.24008829643842036,0.12525121235503942,5.736609473706792,-1.3297988913195087,0.980683902844436,0.9739981882362999,8.100909549607893
2023-01-25,279.1033615059184,283.6178748681591,276.555957931968,282.9982604980469,50872000,19.079999923706055,62.11465173755552,3.114763113278059,0.9960711486375708,2.118691964640488,0.23932200672094117,0.13162787331557754,5.8319772350481,-1.4405012310795713,1.0979432879659075,0.9764075919371311,7.618949029561972
2023-01-26,286.430920216272,288.6930849620477,283.7753094140832,288.51605224609375,51596300,18.729999542236328,66.61597886013278,3.8609151749853368,1.569039953907124,2.2918752210782127,0.24308889142591927,0.13950857002597397,5.8221806085447225,0.5736468996481905,1.0974837529914425,0.9750025952197336,11.290702692445432
2023-01-27,287.19801669741844,293.35507967411013,287.07999491772796,291.3879699707031,56441900,18.510000228881836,68.7004629174577,4.630607062616718,2.181353375649043,2.4492536869676753,0.24282483815940706,0.1433369470936105,5.854530904818826,1.6489204522914118,1.188790737854244,0.9737079245616398,13.902328781193196
2023-01-30,288.11278109914326,289.5389479650875,285.12279528055996,285.49652099609375,49405800,19.940000534057617,60.37258225616956,4.710898428882047,2.687262386295644,2.0236360425864026,0.24945361446126033,0.14349790357424458,5.883862603770565,-0.3257144671144711,1.03676027365999,0.9742905313744288,8.94384969134041
2023-01-31,285.5358438167465,289.87332488004057,285.42766717649994,289.77496337890625,46705100,19.399999618530273,63.804072654143305,5.06141956485402,3.1620938220073196,1.8993257428467007,0.2305734382178329,0.14526585890280105,5.781133682325569,1.2542658529961426,0.9710733856914134,0.9723639886620673,10.6429255836624
2023-02-01,289.5683922004085,298.4400463013743,287.4930758213984,295.9713439941406,67562200,17.8700008392334,68.11097773714212,5.772662560180095,3.684207569641875,2.08845499053822,0.23422256513120485,0.1490139098861677,6.150122025014879,3.4824659779893845,1.3688276866977824,0.9717159044077647,13.777960739144635
2023-02-02,302.5119728522092,308.5214785867878,301.68579037890953,306.5937194824219,83070600,18.729999542236328,73.8544184784746,7.111487879683864,4.369663631650273,2.7418242480335913,0.24650505368286976,0.16484491083318173,6.607265779845756,7.2423683793521505,1.6249006449969823,0.9661654749238123,17.30262402026581
2023-02-03,299.92523793720255,307.25273405427316,299.5318219746656,301.14483642578125,76170800,18.329999923706055,67.17121524846371,7.644713765036727,5.024673658327564,2.6200401067091628,0.2547191005503987,0.16013622177495535,6.686811944114456,5.405270840135653,1.446403682337616,0.9664426273601221,17.050232518968333
2023-02-06,298.5188019476799,300.87932805755514,297.2500075325312,298.59747314453125,40802300,19.43000030517578,64.24429536088834,7.7721556212671885,5.574170050915489,2.1979855703516993,0.2554818026828577,0.15716914812553995,6.487384583338427,4.577634751663664,0.7851226867846863,0.9665857743086134,12.942715096863866
2023-02-07,298.4695908155438,305.9151093423731,297.34835372777377,304.7840270996094,67584000,18.65999984741211,67.9022992105415,8.276945931012165,6.114725226934825,2.16222070407734,0.24570116115635732,0.15899893821870825,6.63591108557135,6.785244204568048,1.2734855665888671,0.9662320695211328,14.541300944070068
2023-02-08,303.4660305552868,304.41023483405587,298.6761231004766,299.3645935058594,56720900,19.6299991607666,61.92563240342457,8.145793255316562,6.520938832611172,1.6248544227053898,0.25443936259699346,0.15402529211972626,6.5981962936828795,4.920908249183372,1.0475982915849014,0.9549386881545348,11.56029165681991
2023-02-09,303.76112963534644,303.90865688562087,295.26322984664824,296.7188720703125,49137800,20.709999084472656,59.18674654844405,7.73915405579271,6.764581877247481,0.9745721785452295,0.25152078406144135,0.14961482061346634,6.7444270612035755,4.040071354791584,0.9033216849744259,0.9550296299991198,8.693930093195279
2023-02-10,294.5549790651348,296.6106048330318,292.3616412285641,294.7713623046875,50050100,20.530000686645508,57.181894921684034,7.177009698158088,6.847067441429602,0.32994225672848554,0.2481434921310457,0.14399623845224005,6.573913045528205,3.384854313452272,0.929102562043925,0.9516771189277093,7.4000910431467615
2023-02-13,296.1779775413484,300.0826928248424,294.9976993135386,299.4925537109375,39636700,20.34000015258789,60.66078058073037,7.031413180302934,6.88393658920427,0.1474765910986644,0.2435692941658022,0.14092049861506856,6.483728579430113,5.059434114988467,0.7393391484972716,0.9520760822581714,8.37458856123483
2023-02-14,297.9089973638625,302.65955495056505,295.96154759932966,301.70550537109375,64079100,18.90999984741211,62.210622666937965,7.013743526038013,6.909897976571019,0.10384554946699431,0.24319483364186126,0.1379217385967669,6.499034205987633,5.870900402382598,1.1650437247523724,0.9497125225601555,8.95431787599228
2023-02-15,299.88596304940586,304.1840943071057,299.19749244507426,304.01690673828125,43100600,18.229999542236328,63.81419329436786,7.104356372916186,6.948789655840052,0.1555667170761339,0.24079741261417975,0.12977608191814508,6.391003324276475,6.686118773112584,0.7869559215874159,0.9495543110156666,11.23509490465986
2023-02-16,299.3744509451747,303.35783635947445,298.1646675895621,298.31219482421875,59498600,20.170000076293945,57.34624716521756,6.639311284044595,6.886893981480961,-0.24758269743636596,0.2507213862188294,0.10964051794626031,6.352520168879524,4.708138273521196,1.071348636393183,0.9523180515688476,10.230771963199636
2023-02-17,296.11894213868777,296.96478511993575,293.19778228141206,296.20745849609375,58230700,20.020000457763672,55.126231308130144,6.031398857368345,6.7157949566584385,-0.6843960992900939,0.2458961811042765,0.09698957132242897,6.264083909874322,3.9975895158881696,1.0507727544017385,0.9526987728986851,6.537446229802213
2023-02-21,292.37159589739304,293.8174230815035,289.057020043899,289.1947021484375,46526700,22.8700008392334,48.40271403959839,4.926958143693639,6.3580275940654785,-1.4310694503718393,0.24950346776637272,0.09275905704120171,6.327394948611496,1.5943055745108337,0.844353153387275,0.9543308481015704,1.754571332545174
2023-02-22,289.77495178525845,291.48632777680405,287.74883100896216,289.4110412597656,51389200,22.290000915527344,48.61094238583798,4.022765739938336,5.89097522324005,-1.8682094833017135,0.2493853802371721,0.08734348202236379,6.1424022214136675,1.699900845014662,0.9271164029993648,0.9539510256166296,2.039055024509051
2023-02-23,293.06989454127427,293.227266948525,287.73901305263115,291.9388122558594,69294400,21.139999389648438,51.09441196938652,3.4701549533234584,5.406811169256732,-1.936656215933274,0.24943863414803447,0.07888774313426257,6.095677341019397,2.606868963178856,1.2297101393979328,0.9555548257590185,3.1592249867819167
2023-02-24,286.96199025175014,288.1520832888862,285.28008974372005,287.0505065917969,74332000,21.670000076293945,46.422232414362156,2.6077015495452542,4.846989245314437,-2.2392876957691827,0.25190136853017003,0.08030993481289184,6.135894853242249,0.8948782546542393,1.293023332676663,0.9567666576200743,-0.507959832005056
2023-02-27,290.2175620163273,291.614193215911,288.51600117228685,289.10614013671875,48995000,20.950000762939453,48.55272732600949,2.066254959860373,4.290842388223624,-2.224587428363251,0.2521712973179026,0.08182949055414532,6.023594265447381,1.6261729208364777,0.8578362496614265,0.9576807880893305,-0.7830899244789635
2023-02-28,288.47665746305773,291.2502896511579,288.14225237888974,288.7323913574219,48243100,20.700000762939453,48.17761618351139,1.5886828862903712,3.750410487836974,-2.1617276015466027,0.25186855446959205,0.07848851371977565,5.815340194506009,1.4886583032007676,0.8455321344222073,0.9510132601135706,1.1334184914191692
2023-03-01,288.4373452382196,289.09631027104115,285.42766937773797,286.4112243652344,58287000,20.579999923706055,45.81048404537682,1.0112477650419578,3.202577943277971,-2.1913301782360133,0.25339946213573694,0.08159003779785949,5.662004530134378,0.6696025674906665,1.011302217952484,0.9508872256972626,-1.1608107803549261
2023-03-02,283.913006173757,289.5881080433555,283.62776680300846,288.7815856933594,53565900,19.59000015258789,48.588473202676276,0.7364057929167416,2.709343513205725,-1.9729377202889835,0.2504903152956486,0.08439988709758191,5.683314295149566,1.5141427371592973,0.940812696411,0.9511396431986866,-2.4292075725153905
2023-03-03,290.53228030722266,294.98778255805007,290.0208125773532,294.751708984375,60511500,18.489999771118164,54.86452757400668,0.9889308260857206,2.3652609757817245,-1.3763301496960039,0.2536018928986912,0.07737517792094509,5.72066305011679,3.6073190543188125,1.0842835287241106,0.9533153585638781,-3.862443926782988
2023-03-06,295.9910349018383,299.00071070704007,294.88945813859004,295.0861511230469,56736300,18.610000610351562,55.19450169668262,1.2021873522963347,2.1326462510846467,-0.930458898788312,0.24284431945629342,0.07508253414046666,5.615544383870239,3.7325631344513965,1.0346524492672209,0.9517026650583105,-2.011884173291334
2023-03-07,295.13531472908204,296.05985870088523,290.8568450750078,291.4666442871094,65955800,19.59000015258789,50.86080776196197,1.066832947431692,1.9194835903540557,-0.8526506429223637,0.23854877553295806,0.07474437477640256,5.586077901156465,2.4478375894038997,1.1758132855038983,0.9501106722273606,-2.388107569138842
2023-03-08,291.8895820907625,293.5222868558657,290.0306789046681,292.9223327636719,50876300,19.110000610351562,52.47691714408039,1.0647517058825429,1.7485372134597532,-0.6837855075772103,0.2386536198797892,0.0675065963806487,5.43647290473083,2.941699091321716,0.920698279546172,0.9495481412653001,-3.891835949808764
2023-03-09,293.42393830636234,296.03038296556815,287.0308310599027,287.8471984863281,71456700,22.610000610351562,46.70914101210265,0.6461331645288055,1.5280564036735638,-0.8819232391447582,0.2444710463931426,0.06744606669296857,5.690978547654731,1.1481146503946225,1.2761224516219478,0.949329399111102,-3.847280296126876
2023-03-10,288.0143622197032,289.5093848469245,282.6540061346902,283.80474853515625,98593600,24.799999237060547,42.68479698579835,-0.011682306021668865,1.2201086617345174,-1.2317909677561862,0.24134509495568937,0.07210812518608477,5.774149987981843,-0.2669655000496721,1.6862841044664374,0.9509438093302284,-4.352309458798443
2023-03-13,282.01473751643863,289.62744365354104,280.50005440365516,285.90960693359375,97123600,26.520000457763672,45.32620421301586,-0.35902273343208435,0.9042823827011971,-1.2633051161332816,0.24050629481164684,0.07447014974054932,6.013667078117846,0.463685527011503,1.5968592757446198,0.9480026542640497,-3.0063148949774465
2023-03-14,289.47003032070535,293.03049413445825,288.62418754316735,292.4797058105469,73602500,23.729999542236328,52.659980582932825,-0.10295366804587047,0.7028351725517836,-0.8057888405976541,0.24234477782013722,0.07088551897720455,6.092754229742607,2.7583063616110475,1.177264593866308,0.9496942019526385,-2.341576714845217
2023-03-15,289.86346559006546,294.34847367849227,288.417638639473,294.0140686035156,83631500,26.139999389648438,54.20490844182284,0.22124281587588257,0.6065167012166035,-0.38527388534072093,0.23905344531563133,0.06423010867268526,6.081188573262368,3.2948427425752977,1.3170823126246602,0.9388657084507156,-2.5493193298271932
2023-03-16,293.0993493840484,302.12837582908804,292.3026723457045,301.76446533203125,98198100,22.989999771118164,61.10903914614476,1.0909868905579287,0.7034107390848686,0.3875761514730601,0.24321386759350735,0.060307303100999285,6.348653923985311,6.018507703251759,1.4821812182723877,0.9418370268717752,-0.7408934688586388
2023-03-17,301.67599883245816,304.0660303423184,298.3810834915909,300.3383483886719,89923700,25.510000228881836,59.33637297043546,1.6462130972851696,0.8919712107249288,0.7542418865602408,0.21957280882352556,0.06277356283943457,6.301246275895467,5.5193734484957995,1.3268233331877508,0.938181069803792,0.6792057447222444
2023-03-20,299.71976133007405,301.7292982650957,297.5033364258872,301.40423583984375,56359500,24.149999618530273,60.264152687906225,2.1474871801731297,1.143074404614569,1.0044127755585606,0.21369515855201235,0.06818142222301611,6.1530116732749685,5.889636625845206,0.8327334526002613,0.9344892474464548,1.7544383825225385
2023-03-21,303.34477382256875,306.1620810990752,301.8277460248144,305.7089538574219,49757000,21.3799991607666,63.85130206194219,2.8591468057164207,1.4862888848349396,1.372857920881481,0.21591818886946978,0.07935007376185839,6.053356929414716,7.405027930773117,0.7334286681032968,0.9353280195093828,5.710426776942801
2023-03-22,305.64000682102585,310.54570394200346,301.38449456589075,301.55194091796875,75791900,22.260000228881836,58.371219495925686,3.0525184510066197,1.7995347980692755,1.2529836529373442,0.21137057727884184,0.08299525951198089,6.275346389893144,5.940407053011492,1.0974508762228365,0.933720482500345,4.19503679104829
2023-03-23,305.2952840480836,309.46214334329983,302.42870442717185,305.1278076171875,74576000,22.610000610351562,61.43720747447628,3.454488240832461,2.1305254866219125,1.3239627542105485,0.20745232443181075,0.09009496142891901,6.392121820995854,7.187633585165074,1.0757314912114313,0.9342180837146639,4.5177259095543265
2023-03-24,304.70421439009317,306.34927716855964,302.36958525783,306.25079345703125,57195200,21.739999771118164,62.37441899118358,3.819637365488859,2.468347862395302,1.351289503093557,0.20560590965307607,0.09451875673529903,6.219805398833981,7.575828539349792,0.8353443404541704,0.9362113947068219,6.6888183174462545
2023-03-27,306.95017403899794,308.03376536860117,303.29554470487295,304.1525573730469,50287400,20.600000381469727,59.466346982394754,3.894813574796558,2.7536410048755533,1.1411725699210047,0.20570125401013514,0.09656205822606659,6.113977917754998,6.832381478591552,0.7337623878962781,0.929944100806804,5.204461319712084
2023-03-28,303.5713366838818,303.6008878054485,300.22204924136156,302.5369873046875,48585900,19.969999313354492,57.25298273492016,3.780449590028354,2.9590027219061135,0.8214468681222407,0.20153076937579015,0.09615933924062534,5.958015790178592,6.246532882102346,0.7087579030840937,0.9266211705068235,4.781104012045856
2023-03-29,306.240927629031,308.67407049184743,305.42329639013053,308.053466796875,53274300,19.1200008392334,62.399319767484876,4.087827172962534,3.184767612117398,0.903059560845136,0.20716435944094977,0.09697999001823136,5.970806318534402,8.135053844425903,0.7800028506532235,0.9280365550068509,7.556352751050777
2023-03-30,310.5358322787813,311.5997328505983,308.142101085464,310.9692687988281,58354800,19.020000457763672,64.81079376714405,4.514664730426148,3.4507470357791483,1.0639176946469995,0.20775051267707384,0.10090721848128717,5.797624871047894,9.078673073546927,0.8514029411910607,0.9281705873449693,7.683205649070923
2023-03-31,311.1959117890415,316.37743031032176,310.89054009526586,316.1409912109375,62138100,18.700000762939453,68.65114089511337,5.21019150227761,3.802635929078841,1.4075555731987688,0.20402574057359432,0.11239009226040239,5.775429538477037,10.802548362519994,0.9055271928046422,0.9308818079850876,7.256711861065535
2023-04-03,314.0131468209509,315.6385487610593,312.6833162331238,315.37255859375,47126800,18.549999237060547,67.47286916667443,5.634445015009192,4.168997746264911,1.4654472687442803,0.20267460914840738,0.12028825171377545,5.6098756412868,10.45789388260508,0.6916128433873368,0.9257550339737414,6.874740611681229
2023-04-04,315.81585267602793,316.8304812990663,313.0871687598195,314.3086853027344,45875400,19.0,65.78933477851476,5.8177597836494215,4.498750153741813,1.3190096299076082,0.18820189178633653,0.12302013222805136,5.4765497054268,9.990880172632195,0.6833162003064953,0.9221198748190909,7.836931416798576
2023-04-05,313.3532116089617,314.29887775103657,309.383349816938,311.20574951171875,62795700,19.079999923706055,61.00802026780004,5.647555567390214,4.728511236471493,0.9190443309187204,0.19171562918497762,0.12274475744470299,5.437177261167484,8.823758171431585,0.9271148505991632,0.921375589716404,6.241728507193689
2023-04-06,309.5508113907797,313.79649393538483,308.1520178709859,313.303955078125,46916500,18.399999618530273,62.96790285113603,5.617223299921591,4.9062536491615125,0.7109696507600782,0.1912384896033173,0.11761328023492013,5.451984318541158,9.484723379027935,0.7054542583964079,0.9214077887616413,8.843843791311379
2023-04-10,310.3684423765669,313.1759198722005,308.5755937232502,313.12664794921875,45134700,18.969999313354492,62.68118494834878,5.515300603730964,5.028063040075403,0.4872375636555608,0.18270305522061958,0.10336548387769508,5.40029696399356,9.349728287340971,0.7070810244886494,0.9193175539240056,10.331715577489797
2023-04-11,313.0872514687464,313.1463837916033,310.60486633406816,311.1170959472656,40113600,19.100000381469727,59.38098168023393,5.212288068340513,5.0649080457284255,0.14738002261208738,0.1842261718650404,0.08637300215326878,5.196098427817957,8.587050595816418,0.657794858247353,0.9165677289743454,8.816593917225957
2023-04-12,313.0773833038018,313.6684359012657,307.9057256848143,308.36871337890625,62813300,19.09000015258789,55.107545891896535,4.696241597059043,4.99117475599455,-0.29493315893550687,0.18685783198155784,0.07545145835763747,5.236570698434632,7.590598907023048,1.0392245717291169,0.916084390147223,5.432516257607101
2023-04-13,310.1320235868726,314.8801056912448,308.94994829071317,314.40728759765625,54613800,17.799999237060547,61.639665157322064,4.720122885191131,4.9369643818338655,-0.21684149664273455,0.19073403553793658,0.06663156926713819,5.327629385142055,9.643975576430133,0.9257896698317226,0.9187038650967781,6.9361371348666045
2023-04-14,312.85077528863286,315.57942927793,310.900310918547,313.816162109375,56278300,17.06999969482422,60.70842924654589,4.637887412324176,4.877148987931928,-0.23926157560775252,0.19064876007127263,0.06531855097743997,5.281307169016407,9.368979564487185,0.9891503902894415,0.9186685492859741,3.9937428563973754
2023-04-17,313.402447338998,314.43679690552113,311.32394793395235,314.0821533203125,43007000,16.950000762939453,60.993993092132776,4.541823165083542,4.810083823362252,-0.2682606582787095,0.18304514128082724,0.061558297363832094,5.126417297770148,9.39283619461017,0.7883994356712111,0.9165546554281108,4.576107248833439
2023-04-18,316.2000573099406,316.6236635360586,312.900071315091,314.1018371582031,46746900,16.829999923706055,61.01657242098062,4.4163707058510795,4.731341199860018,-0.3149704940089384,0.18312487158524224,0.05768361226095774,5.026215506569966,9.324332179042946,0.8645765152870039,0.91167492273951,4.212814489145544
2023-04-19,311.68843490470397,315.0180023004906,311.5603699952991,313.9541015625,38960100,16.459999084472656,60.73241426061333,4.255967555446489,4.636266470977312,-0.3802989155308234,0.1781814963711417,0.056938762905177354,4.914173849328648,9.201413474056952,0.7278277675481748,0.9099848173044447,2.6970579700205777
2023-04-20,310.979141091968,314.50570557216747,310.26988403768104,311.5603332519531,62462100,17.170000076293945,56.168020603477345,3.8908386401235475,4.48718090480656,-0.5963422646830123,0.18041121971655052,0.050214861019653285,4.865720112554205,8.311349054182598,1.181589055213596,0.9106322824889684,3.3189613383078687
2023-04-21,311.195870207055,312.66362622051224,309.4128821446647,311.8854064941406,59002300,16.770000457763672,56.64455037079478,3.5863607042458625,4.307016864694421,-0.7206561604485584,0.170805414837601,0.0469933305976774,4.750364681360871,8.36969066170537,1.1328272672797903,0.9111589346892415,2.2146781474047694
2023-04-24,311.65889725420544,312.998588538131,309.05827761526285,311.2353210449219,44043100,16.889999389648438,55.34862587007585,3.2550807391135095,4.096629639578239,-0.8415489004647299,0.16397866148524592,0.044424762250807076,4.692503698611391,8.101891858074053,0.8564280228648632,0.9086064106838186,1.6275966281178
2023-04-25,309.6000485109279,310.2698940665777,305.26571306671144,305.36419677734375,57121600,18.760000228881836,45.2744361026729,2.4900841782586554,3.775320547314323,-1.2852363690556676,0.17530936982675174,0.042825445749519644,4.783725432868465,6.033045118748364,1.1034106545879552,0.9137288408461521,0.3983656802894364
2023-04-26,308.76273510163384,310.2403515483062,306.6940660638558,307.2161560058594,55400500,18.84000015258789,48.461079277229004,2.010085510025988,3.422273539856656,-1.4121880298306682,0.1644519000409623,0.035971001263664606,4.790327528446606,6.631461415801086,1.063166794107998,0.9055633196416178,1.5466435171642257
2023-04-27,310.9890058345726,316.07197972213305,310.3486813541132,315.5696105957031,65430400,17.030000686645508,59.824801312888724,2.2774836658992967,3.193315565065184,-0.9158318991658874,0.18012573283536631,0.035311999842494286,5.080720113291397,9.463962804979415,1.241169078139301,0.9108419277713518,2.4398828803910755
2023-04-28,315.3331908090026,317.8352964470779,314.2003575286192,317.74664306640625,59712600,15.779999732971191,62.16606469698266,2.6346958236806586,3.0815916167882795,-0.44689579310762095,0.16592282168680617,0.03804660278020017,4.9774500279462055,10.146593371282222,1.1312495453222755,0.9092983464291959,2.1794353807875977
2023-05-01,317.283627344953,318.8006552031,316.29854978603345,317.38214111328125,41013400,16.079999923706055,61.5196286268112,2.8554607963520198,3.0363654527010278,-0.180904656349008,0.16502628766021218,0.039101335996263,4.800639698597659,9.950481592004383,0.7928603249993886,0.9160347624028861,0.39259379101383995
2023-05-02,317.31320837049464,317.63830083039403,312.87049854122097,314.6141052246094,56519400,17.780000686645508,56.69797208430678,2.775071962780544,2.9841067547169313,-0.20903479193638752,0.1677658864134028,0.03874647819041263,4.798294169353045,8.937315521534845,1.0827878865554996,0.9150295856981571,-0.24049440843001424
2023-05-03,314.9785497134306,317.65796187829636,312.4468931700833,312.5552673339844,59882100,18.34000015258789,53.348764605597744,2.5162267262541036,2.890530749024366,-0.37430402277026253,0.1647928583335494,0.03847581737426221,4.827778064985905,8.169925275212671,1.132021648304097,0.9149999026401263,-0.5578649432042115
2023-05-04,312.328668671685,313.4812225700832,310.41761592327816,311.45196533203125,50224500,20.09000015258789,51.590042002304436,2.1967401080077025,2.7517726208210336,-0.5550325128133311,0.15965763047184162,0.03840573557390178,4.701765820830131,7.752136846311207,0.960870146648706,0.911585982686419,0.07911673248286455
2023-05-05,313.71769024908843,318.92875959863363,311.49140507028153,318.0717468261719,51806100,17.190000534057617,60.09115951970683,2.4494697415864835,2.6913120449741235,-0.24184230338764,0.16728662430940522,0.04124002388525598,4.899982138385291,10.0018893697793,0.986514337335609,0.9151678195528629,1.5217783467999846
2023-05-08,317.6087339950582,319.2045549020113,316.5251426192928,318.8597717285156,36465800,16.979999542236328,60.96982345350652,2.6824254895449826,2.689534733888295,-0.007109244343312504,0.16718288134281312,0.04444410351934129,4.741370005837662,10.240492376780825,0.7001768116473532,0.9139710146962059,1.8309280978943132
2023-05-09,317.1950065942407,318.0618797451931,316.5251610002082,316.84039306640625,31768800,17.709999084472656,57.4775029975258,2.6732816895203086,2.686284125014698,-0.013002435494389175,0.16696725110090582,0.045098777365207586,4.569458628871217,9.502465053872218,0.614916438758,0.9204485060853983,1.839595828610685
2023-05-10,319.28334857559264,321.1451596791991,316.80096383296683,320.28814697265625,60446600,16.940000534057617,61.52917119616807,2.910687494677404,2.731164798947239,0.179522695730165,0.16789069214556762,0.04623439914202508,4.553368430111291,10.643960753932962,1.1726895600702063,0.9179135052352708,3.865318716397814
2023-05-11,320.83979760848985,321.8741170999283,319.2833581110262,321.33233642578125,44278500,16.93000030517578,62.68870434901807,3.146816130366858,2.814295065231163,0.3325210651356949,0.1607314661357209,0.05041502825905255,4.413182041453493,10.94141667714465,0.8677208944294958,0.9195835748274545,2.2025726187959505
2023-05-12,321.8642840511605,322.28789031728274,318.12100074656803,320.1798095703125,48432800,17.030000686645508,60.520450072707725,3.2040165814779584,2.8922393684805225,0.3117772129974359,0.15952751952689329,0.05279798663233246,4.395589722115009,10.505966892654978,0.9564851095747057,0.919332044133213,2.027826552387557
2023-05-15,320.65258467624415,322.14989164466675,319.12569652331075,321.9134826660156,33375600,17.1200008392334,62.615129819809496,3.3506174487410476,2.9839149845326274,0.36670246420842023,0.15317669152708133,0.05630564440494507,4.297632964917937,11.068917892912562,0.6654536188661233,0.916504003736982,2.4934015711858937
2023-05-16,321.1944540988482,323.99207134788713,321.1550425707807,322.2780456542969,40019200,17.989999771118164,63.05898805095409,3.4563739512317966,3.0784067778724613,0.3779671733593353,0.15290224333101443,0.059502102393335865,4.193304094359971,11.169191031857913,0.8033036069594943,0.9138578264748813,2.6030438312831805
2023-05-17,323.34186571074235,326.7600862265288,322.15979061377,326.17889404296875,47486100,16.8700008392334,67.50468929426458,3.8110215217812424,3.224929726654218,0.5860917951270244,0.1558128687177855,0.06601397951318458,4.222374917102746,12.481046271546639,0.9450990480066753,0.9071825325962405,3.893815184967453
2023-05-18,326.57289520994686,332.45380932572147,326.55320448153367,332.2370910644531,64213500,16.049999237060547,72.9494269723476,4.528723836355368,3.485688548594448,1.0430352877609201,0.15987452055083998,0.07783300606857321,4.368984943220601,14.522065811294723,1.2757950212533165,0.9072148567209767,6.636518069127595
2023-05-19,332.45388235199385,333.1631395390135,330.42462457900183,331.488525390625,61554900,16.809999465942383,71.35841782142568,4.979702190472949,3.7844912769701486,1.1952109135028004,0.15979454076629848,0.08527421019655251,4.252522801562821,14.234039832491376,1.2198805880525627,0.9068355696882283,6.285359458411421
2023-05-22,331.23235120738036,333.61625228580976,331.22249081123755,332.60162353515625,43015900,17.209999084472656,72.32497392022032,5.36507822086412,4.100608665748943,1.264469555115177,0.15966635777400978,0.09116756766173219,4.119754135349207,14.588265530625549,0.8533476007924471,0.9049111322955741,6.864999261170124
2023-05-23,330.8777120681583,332.0302359646383,328.0308235242421,328.38543701171875,48216700,18.530000686645508,63.57357049966943,5.269536547980579,4.334394242195271,0.9351423057853081,0.16353813063437656,0.08489870306258043,4.151971697889558,13.109886167891535,0.9650448520380112,0.9078354919344069,7.538945455076029
2023-05-24,326.4251987284514,327.94222683216327,324.64221046316493,326.7010192871094,62891200,20.030000686645508,60.42770473323351,5.000260757314038,4.467567545219024,0.5326932120950136,0.16177742732728753,0.07739652752521346,4.122775615794149,12.50532054232591,1.249385525224084,0.9084082421248486,6.342395378737309
2023-05-25,334.07918100136555,335.9212710239014,331.64603849607823,334.6505126953125,66862800,19.139999389648438,68.38010661438996,5.366454289983892,4.647344894171998,0.7191093958118939,0.16677815004386207,0.08321373609822957,4.4868810530082825,15.195092614604185,1.3263974472976974,0.9018898333960255,6.046495435219579
2023-05-26,335.67504228658356,344.0383412338299,335.5765285171726,343.2010192871094,63007000,17.950000762939453,74.35072426797024,6.274293574583851,4.972734630254369,1.3015589443294822,0.1795029713568479,0.09903084494057045,4.836948730544648,18.08967229620337,1.2458366737325441,0.9021442054680427,8.010903270308777
2023-05-30,347.44671947362946,348.64851537438756,343.3291022305439,344.7574768066406,72652200,17.459999084472656,75.26626703571654,7.038223601687946,5.385832424541085,1.6523911771468613,0.17942806597427197,0.11205364089439236,4.880559256025615,18.56945513498928,1.392979156658627,0.8975237612622989,8.62535478440436
2023-05-31,343.1715145127931,345.36824861241314,341.33928441544333,342.79718017578125,65105400,17.940000534057617,71.79058356499482,7.4001596626076775,5.788697872154404,1.6114617904532738,0.18105996505159908,0.1172537889215486,4.8197310375216285,17.856359229740363,1.2380916068059724,0.8984923430646812,8.957982011344146
2023-06-01,342.5410106070338,348.08697169129266,341.486970464927,346.75714111328125,50488600,15.649999618530273,74.36579820240856,7.915289817458074,6.2140162612151375,1.7012735562429366,0.18241639399137555,0.12189241365471111,4.94689319386763,19.175738937743457,0.9687807549407941,0.8969897513297225,10.9426643393439
2023-06-02,348.5204356133213,350.52014189728266,346.75716839073124,349.3577575683594,53372100,14.600000381469727,75.92046563949941,8.436135669470048,6.65844014286612,1.7776955266039272,0.17973386770354405,0.12438781956156436,4.862329450305757,20.02022715408648,1.021026346493667,0.8896674602473625,12.170670426149876
2023-06-05,349.1410162719178,352.16521145655184,348.56968454083005,349.60400390625,47266200,14.729999542236328,76.06846722789996,8.767711065727497,7.080294327438397,1.6874167382890999,0.17978305603331637,0.1294263040382081,4.7718435549783305,20.04736217846522,0.9081620977752467,0.882827273804709,9.913567424556803
2023-06-06,348.9933113093328,350.5103393193497,347.6634504592224,349.5449523925781,41390400,13.960000038146973,75.94791365752533,8.922864761810331,7.448808414312784,1.4740563474975472,0.1793164944448582,0.1320782744689649,4.634346791060401,19.971402411789175,0.7915211104518884,0.8760263176148329,9.62340921770104
2023-06-07,349.8306449494266,351.79093993313035,342.9843429772955,343.61480712890625,69225900,13.9399995803833,64.8355249554168,8.469678835863647,7.652982498622957,0.8166963372406899,0.17729155116481052,0.12635555073467822,4.93236465997286,17.880637184377893,1.2780540525371697,0.8713991126808321,8.45044213061823
2023-06-08,343.9102958419939,348.34314515722576,343.6837472279017,347.8801574707031,47153900,13.649999618530273,68.41520120945172,8.35835394866001,7.794056788630368,0.5642971600296418,0.17888118963946778,0.12427217346489705,4.917791329140478,19.262119387791298,0.8813739773566369,0.8644148247505596,8.61474605252952
2023-06-09,349.3381174040593,352.3229016995843,347.7619870362359,349.2100524902344,53196900,13.829999923706055,69.45912413377239,8.281970190173467,7.891639468938989,0.3903307212344789,0.16508695818498703,0.12184324994571727,4.892300138726758,19.632803144073797,0.9861072196430658,0.8747974327864487,8.675664694857787
2023-06-12,350.8748647317439,355.20920104850626,349.89964732757426,355.1106872558594,44606500,15.010000228881836,73.62452387587085,8.598449845709126,8.033001544293016,0.5654483014161098,0.1693973169189892,0.12041999682262136,4.971360740122838,21.55727208745736,0.8298104085104562,0.8673639068505219,10.909769023982108
2023-06-13,357.8688455587627,358.67658633410844,354.6574830002181,357.83929443359375,57097800,14.609999656677246,75.30202750172407,8.966082628803235,8.21961776119506,0.7464648676081751,0.16910430037418644,0.11991887680738696,4.903342353963373,22.399437277821136,1.0392536306113669,0.8717911142313635,11.160082973241314
2023-06-14,357.84912152673996,360.725561286595,355.0416744745641,360.43988037109375,69525600,13.880000114440918,76.81550404316019,9.359390580614274,8.447572325078903,0.9118182555353709,0.16489852805794586,0.11858428017609295,4.959095529539624,23.164020504971468,1.2323633094443325,0.8762295957164844,11.841276572010905
2023-06-15,359.1691204117541,366.22227946055284,358.54854679135525,364.7348327636719,71138800,14.5,79.0940421179473,9.903495399468284,8.73875693995678,1.1647384595115042,0.16272808800634,0.1219824388779045,5.152998182372336,24.49001059314372,1.2350675874099801,0.8745247455206977,11.820488518678962
2023-06-16,367.15813598479673,367.2862008868305,361.9963388160624,362.4396057128906,80932000,13.539999961853027,74.85995143289077,10.033832966890259,8.997772145343475,1.0360608215467835,0.16420788595961625,0.12478927186931643,5.162774174400604,23.56404771056387,1.3849909232542665,0.8724743686192569,9.090651062369881
2023-06-20,360.9836564865407,363.3214880884525,358.95161542560527,361.9207458496094,49204700,13.880000114440918,73.89689511993785,9.980213089401957,9.194260334155171,0.785952755246786,0.1578772159831558,0.12406122968789993,5.106138352146791,23.24261617548276,0.8510342797418015,0.8754609749228999,9.180474776049374
2023-06-21,360.7765003499649,361.2105314791675,356.0613713585557,356.9886169433594,53378300,13.199999809265137,65.29750320778203,9.431022411219942,9.241612749568125,0.18940966165181727,0.16622687828666055,0.11914644967494481,5.1599409334972846,21.43132052568007,0.9150202320536412,0.8771940015538855,7.332193135138265
2023-06-22,355.7358590582589,361.3584857267549,355.33141959680887,361.20068359375,47603000,12.90999984741211,68.652485009739,9.229274092319656,9.239145018118432,-0.009870925798775687,0.16490000935963178,0.10954807232726299,5.221878447529337,22.71360081448205,0.8164484791303793,0.8815597130036725,9.992905556545795
2023-06-23,357.29442618397115,359.9282047601322,355.92330557947,357.6199645996094,48922900,13.4399995803833,63.07018421418767,8.68039085612935,9.127394185720615,-0.447003329591265,0.16879740257680872,0.091005062464761,5.22584270229724,21.35157412148631,0.8492593290172732,0.8842270254546771,9.463988015699453
2023-06-26,357.0872774766993,359.8887320632771,352.73712222431004,352.8258972167969,52685500,14.25,56.45178133599715,7.768999573805729,8.855715263337638,-1.0867156895319088,0.1759644275535255,0.07878960077003808,5.363397497773654,19.603040913630096,0.9259691321360438,0.8771078102543326,5.431153944781908
2023-06-27,354.3745340015221,359.62234225873766,353.64458634815446,358.8923645019531,49428100,13.739999771118164,61.90017512846801,7.450345679361703,8.574641346542451,-1.124295667180748,0.17929540407860525,0.07570427528613222,5.465758036642735,21.526530401955686,0.8792103842953435,0.8798664576517591,4.572056705261973
2023-06-28,357.0675483490136,361.54591393435317,356.9886171781495,359.5928039550781,46498000,13.430000305175781,62.48380339993871,7.171659357418491,8.29404494871766,-1.1223855912991691,0.1793176316789956,0.07316641709255063,5.4008679451828,21.642580763371406,0.8467879768418112,0.8760440947220974,4.303119771571473
2023-06-29,359.2968378484694,359.93804068933997,357.2253613280005,358.8726806640625,46151000,13.539999961853027,61.44173139698682,6.8141413286079455,7.998064224695717,-1.183922896087772,0.179945611418256,0.06720659024812349,5.208854474908279,21.28713433830603,0.8552292288964484,0.8763290796641102,4.689507795845338
2023-06-30,362.5618775957342,365.46198054960155,362.2462432720893,364.4065246582031,58712500,13.59000015258789,66.1180434993742,6.89782682319094,7.778016744394762,-0.8801899212038222,0.18154837417174674,0.06690413550802693,5.307457718524762,22.997883135607864,1.0797799446634042,0.8797146101715319,5.08983996357153
2023-07-03,365.0477549428845,365.896069358153,363.9626771182446,365.2647705078125,19432900,13.569999694824219,66.79073313454691,6.953248724919149,7.61306314049964,-0.6598144155804908,0.1760542443167768,0.06795465775472036,5.066453041480736,23.13105115595884,0.36890291679310416,0.8814083046274824,4.553215892548357
2023-07-05,363.69633843472985,366.9614156043299,363.65687285075256,365.2548828125,34460900,14.180000305175781,66.77428473878228,6.916642379069685,7.47377898821365,-0.5571366091439645,0.1755700825041161,0.06800488022401376,4.940602306630493,22.961629755604193,0.6622348439426503,0.8812437284911867,4.476744754458517
2023-07-06,361.53602472711174,362.91701900964404,359.5730109686453,362.4731140136719,49374700,15.4399995803833,62.13794887311835,6.587232575673511,7.296469705705623,-0.7092371300321121,0.17839539800665447,0.06546982602404014,4.993550130717937,21.862905879405222,0.9416094649346796,0.883559144472093,3.6985691060913872
2023-07-07,362.246330046742,365.4522242749665,361.0428854707792,361.2697448730469,47133700,14.829999923706055,60.19097751249909,6.158084535291323,7.068792671622764,-0.9107081363314409,0.17326932229365255,0.05366457112569691,4.951820750251464,21.303995145846972,0.9182148678155887,0.8877180136160749,5.138002605783343
2023-07-10,360.9934655171471,362.0686692678403,358.4780841861166,361.3880310058594,48498800,15.069999694824219,60.32258049013877,5.761115767406693,6.8072572907795506,-1.0461415233728575,0.17169252391939085,0.04526423501294428,4.85458963107091,21.184847791360724,0.9435723912058434,0.8861705933772425,3.882910032399245
2023-07-11,361.8122463196746,363.62727179126034,359.67168246967464,363.17352294921875,38214100,14.84000015258789,62.34608017231949,5.526879015771783,6.551181635777998,-1.0243026200062149,0.15997198810124458,0.036687210098063146,4.7903753232505375,21.610382116178712,0.7544739890373128,0.8797343142089021,3.9985877724338703
2023-07-12,367.2869098148163,369.11180918523524,365.2745865569618,367.7604064941406,61975400,13.539999961853027,67.00187174613654,5.646281057068393,6.370201520036077,-0.7239204629676843,0.14791891920613398,0.03773665501032685,4.872368959876677,22.954966386666406,1.2029752068361548,0.881084219284318,3.562190520379094
2023-07-13,370.946550680406,374.8330826914552,370.36456128123314,374.0044860839844,46960000,13.609999656677246,72.06547851920955,6.17358779679472,6.330878775387806,-0.15729097859308538,0.1537971715394942,0.047605100978767544,5.029533762550813,24.8262453048093,0.9205759206077762,0.8834533131760576,4.517444534977
2023-07-14,374.4385303185598,377.66414187905843,373.04766200254113,373.92559814453125,55148500,13.34000015258789,71.91533070526188,6.510072525948203,6.366717525499886,0.1433550004483175,0.1519914501514761,0.05521150333182217,5.00002991354842,24.582219066470383,1.0965510096994215,0.8837742408353881,3.7414610612879873
2023-07-17,374.64567874339326,378.29547766181156,374.1623382225001,377.41754150390625,40868900,13.479999542236328,74.45266985670538,6.978070886278431,6.488988197655596,0.489082688622835,0.15103478923088387,0.06539435336806385,4.95501917095784,25.51961497249077,0.8378346547129365,0.8832021947700812,3.477240888712174
2023-07-18,376.77630552473073,381.87615525347934,374.84291366216644,380.5050048828125,55262000,13.300000190734863,76.47631289918395,7.511507467916829,6.6934920517078424,0.8180154162089863,0.15122878627286127,0.07700520511517664,5.10346362955463,26.324127997372127,1.1635159776059705,0.8813552728120355,4.984388815452068
2023-07-19,381.57045592462543,382.71471712581587,379.0846356897065,380.41632080078125,54093000,13.760000228881836,76.2893820287872,7.836766373278692,6.9221469160220135,0.9146194572566788,0.15137116552405577,0.08564640284920642,4.998222044308541,26.05686249382883,1.1330723787607528,0.8800464897926114,5.110393687920123
2023-07-20,377.41749582116574,378.8872951532636,370.6210172751938,371.64691162109375,71941700,13.989999771118164,60.533025171503766,7.302736961455764,6.998264925108764,0.3044720363470006,0.16887198016481683,0.08422436989346034,5.340870721542747,22.92814660158542,1.4782051060773054,0.873194354310019,4.106095819873179
2023-07-21,374.0340981047344,374.76407595135635,370.0982564791526,370.53228759765625,60499600,13.600000381469727,58.86877184154408,6.7121998994803675,6.941051919983084,-0.2288520205027167,0.15977631159288294,0.08394344636177493,5.292652775161389,22.352779676461733,1.2268461672768154,0.8625529689128318,2.5834956653630448
2023-07-24,371.5088371142778,372.45580040284335,369.259780489297,371.1241455078125,40380100,13.90999984741211,59.5054174141455,6.22024984205359,6.796891504397186,-0.5766416623435955,0.15703552588173733,0.08153079124588494,5.142893285046029,22.35772051604836,0.826005907216324,0.8704016814788128,3.776126124088841
2023-07-25,371.83434440952163,375.3065629128826,371.81459656753555,373.6394958496094,38894400,13.859999656677246,62.18435887315364,5.964587575414669,6.6304307186006834,-0.6658431431860148,0.15753267833319187,0.07447575204297611,5.07428786504775,22.990437437006314,0.8069977818889641,0.856547737899552,5.899113074464424
2023-07-26,372.5939347892774,374.09329591818295,370.0883968905897,372.3966369628906,47075700,13.1899995803833,60.06974956008125,5.5971644345158325,6.423777461783714,-0.8266130272678813,0.1520626530220409,0.07131629768888395,4.997902948086713,22.38414300082867,0.9791364363437145,0.8575199893470267,3.762763936111546
2023-07-27,377.87132858848736,379.48905634201355,370.2166306378995,371.50885009765625,63940200,14.40999984741211,58.538444442538825,5.174691347017813,6.173960238830534,-0.9992688918127213,0.15137777771008742,0.06767879668868096,5.303226002088664,21.877160699087707,1.3062107840498556,0.8550034800486583,3.3137610128779693
2023-07-28,375.57292124086865,379.301621194224,375.0599890617254,378.2757568359375,56902900,13.329999923706055,65.71308956616087,5.324533296367747,6.004074850337977,-0.6795415539702301,0.15829813875767312,0.06535467882322257,5.481050651694315,23.859664863526262,1.1498206654071148,0.8577599234430698,5.406674070584394
2023-07-31,378.5816063433154,379.6568103749979,377.1512722065916,378.47308349609375,44019900,13.630000114440918,65.8984042326486,5.396993550983552,5.882658590467092,-0.48566503948354,0.15529911586247339,0.06618741790408741,5.268514045745172,23.679956227341272,0.9029006312729636,0.8551849800163817,3.8601281497592455
2023-08-01,377.12159610720056,378.35463212023797,375.52358625085094,377.5950927734375,41060600,13.930000305175781,64.23483493395003,5.322221059761489,5.770571084325972,-0.44835002456448336,0.15403748988388036,0.06618469236346239,5.1028699885664315,23.15183277554208,0.8239267562692315,0.857444019839264,3.375721739734905
2023-08-02,374.11301624410834,374.11301624410834,368.06620256154446,369.3091125488281,72687100,16.09000015258789,51.11921498486344,4.541996656302274,5.524856198721233,-0.982859542418959,0.1681536465551047,0.06454821947068283,5.419014290232618,20.24242832623873,1.4046748803519615,0.8649431245448946,1.1099727689086958
2023-08-03,366.8923855805065,370.84797529781065,366.72467941372497,368.71728515625,47666400,15.920000076293945,50.328772270476016,3.831737782887217,5.18623251555443,-1.354494732667213,0.16275785294530182,0.06080810137500802,5.3264629755078365,19.829540584989168,0.9226740016434013,0.8652457005285099,1.7226577368556484
2023-08-04,370.65070155812396,372.9688157588796,366.48796991998756,366.9910583496094,61702800,17.100000381469727,47.99750347277909,3.0938959256034195,4.767765197564228,-1.6738692719608084,0.1603607311047085,0.056151603463597245,5.408918894320993,19.069820504114197,1.1777679942423693,0.864569074128487,1.5836680369049505
2023-08-07,368.8060471326721,370.19691551363337,366.4682154233577,370.0982666015625,37230400,15.770000457763672,52.28214159303705,2.728425089703819,4.359897175992146,-1.6314720862883272,0.1587497749389401,0.049523211596292666,5.288903265460611,19.876246870980292,0.7183704530827418,0.863869740134755,2.4102169547396857
2023-08-08,367.58289757978815,367.6026153215132,363.8147317741457,366.9515686035156,44726500,15.989999771118164,47.97149341845884,2.1599757330754414,3.9199128874088056,-1.7599371543333642,0.1554332846053448,0.045897946363883634,5.359948377028912,18.66187466643471,0.8576213229820138,0.8684445925472566,1.040286644140953
2023-08-09,367.2376782997876,367.39551055970287,362.15757472893176,362.9171142578125,51150900,15.960000038146973,43.06847901793579,1.3681575060533646,3.4095618111377175,-2.041404305084353,0.15190456982456893,0.050332171068244835,5.3512331951533545,17.16994813564272,0.9910932990871252,0.8714880667693853,-1.3169694591375958
2023-08-10,365.93556593499335,369.2795445784272,362.0589072046374,363.5878601074219,72035300,15.850000381469727,44.09157194826798,0.785702353158058,2.884789919541786,-2.099087566383728,0.15189577746083097,0.0547102935769927,5.484762065055955,17.20988638726434,1.3626443305029128,0.8711601936507772,-2.7851607037203796
2023-08-11,361.0231376247219,363.00586953435027,359.74079197480165,361.2697448730469,48707200,14.84000015258789,41.327417682917414,0.13548809953601904,2.3349295555406324,-2.1994414560046134,0.15302461073452334,0.06038672372855606,5.367783927024831,16.29753605852139,0.9270096387138129,0.8793232193897179,-3.3845913021960494
2023-08-14,360.47064050098004,365.44224968668334,359.75056680041496,365.3238830566406,42130800,14.819999694824219,47.523533006555034,-0.052076011585256765,1.8575284421154545,-1.9096044537007113,0.1498632286335034,0.0604800213670046,5.390919566970799,17.43919385911404,0.8008839400916732,0.8803419099372253,-3.204318060860578
2023-08-15,364.3473694564293,365.1464045724237,360.7765016020325,361.4472961425781,45539900,16.459999084472656,42.86235218138062,-0.5076778922284575,1.3844871752466723,-1.8921650674751298,0.15286978339600985,0.0599181540977713,5.330666844659179,16.027506629649046,0.8737631973740231,0.8766777464337483,-5.0085303729720305
2023-08-16,360.904759800201,362.44358657388284,357.5213156826456,357.6199645996094,53190500,16.780000686645508,38.814602754234606,-1.1641596267329533,0.8747578148507471,-2.0389174415837004,0.1557406628561561,0.06125790885495233,5.3014957051290414,14.633533848000912,1.0214377979705669,0.8792826257722252,-5.992475862545865
2023-08-17,359.0206147652373,359.36587086317655,353.29933981208217,353.713623046875,62604300,17.889999389648438,35.16453207277884,-1.9768473816001233,0.3044367755605731,-2.2812841571606963,0.15731176877115474,0.07076908856422831,5.356141086983709,13.240209457077444,1.2130905962386118,0.8826463884628354,-4.825356545005366
2023-08-18,350.4387596284085,354.5324337644558,349.8962056419688,353.2698059082031,61191400,17.299999237060547,34.76453110331718,-2.626444597967293,-0.28173949914500007,-2.344705098822293,0.15713437154700624,0.07879061400009112,5.304718732376803,12.952494608604034,1.1849184765112568,0.8796353374332592,-4.658833323642131
2023-08-21,354.73954198021823,359.64209462081556,354.27591921166766,358.9614562988281,50696500,17.1299991607666,43.62156042689304,-2.6514225044391537,-0.7556761002038308,-1.895746404235323,0.16451563820298973,0.08061366307817815,5.380973730965062,14.609202621218975,0.9719852405259167,0.8813245715625992,-3.2772562378936776
2023-08-22,361.57544862809516,361.5853225487528,357.75797415725725,358.448486328125,44530200,16.969999313354492,43.05420104789257,-2.6816971296291285,-1.1408803060888904,-1.5408168235402382,0.16382970486396434,0.0809826324050075,5.270000492431525,14.26708860467825,0.8491732611739534,0.8835848625867694,-4.065686227025312
2023-08-23,359.63224718021087,365.19572081247736,359.4152316107943,364.10076904296875,51770600,15.979999542236328,50.668014836376805,-2.2239615666464942,-1.3574965582004113,-0.866465008446083,0.16623139523763386,0.07945707579852844,5.375517206140157,15.868542760827856,0.9828451185418597,0.8813303728048988,-2.2276967879139464
2023-08-24,367.5828086455714,367.68142743375915,356.11063794104007,356.3177795410156,66842500,17.200000762939453,42.284453689041385,-2.4608578058711714,-1.5781688077345635,-0.882688998136608,0.16877653315550145,0.08091580267838502,5.818036655181509,13.217701311888582,1.2654930244767375,0.8923020818232154,-4.08901983159955
2023-08-25,357.1562853553055,360.7764622188786,353.71362834874395,359.0798034667969,69960500,15.680000305175781,45.71705767293046,-2.3980839159607967,-1.7421518293798102,-0.6559320865809866,0.17089354570757914,0.07443052563851561,5.9069507419638745,13.920629465418916,1.3083523845047376,0.8927694298861597,-5.074592548489997
2023-08-28,362.0095437140864,362.7197737484638,359.30673807654387,361.7826843261719,40910000,15.079999923706055,48.91872892623909,-2.105959074218049,-1.814913278347458,-0.291045795870591,0.169992556520374,0.06464643610810743,5.745023566228379,14.601240388883774,0.7673015144217423,0.8915433533088877,-4.409930295635977
2023-08-29,361.5853868592156,370.03909003019135,361.2598785572031,369.6839599609375,58492400,14.449999809265137,56.91821425452371,-1.2227856111139204,-1.6964877449007505,0.4737021337868301,0.18090893720930218,0.05596631763692883,5.961751273854085,16.898019711211585,1.0794283859378526,0.9116954499793846,-2.0951365533891653
2023-08-30,369.79246502611335,372.3275944840184,368.78628829776625,371.7455749511719,41731500,13.880000114440918,58.73409273930289,-0.3524463959439572,-1.427679475109392,1.0752330791654348,0.18187564131457215,0.058025274859741224,5.788862339025374,17.374908419845134,0.7927636746818468,0.9132064045064902,0.6597352514613686
2023-08-31,371.8245216791007,374.56679288853866,371.75546442947723,372.8602600097656,35730700,13.569999694824219,59.72260877692987,0.4223805311106048,-1.0576674738653928,1.4800480049759976,0.16929759868953448,0.061401800007664,5.576887738906903,17.559247850757888,0.6865512848854363,0.9115554478344059,1.1236182897582214
2023-09-01,375.2374689093434,375.6616260226414,370.97608972948257,372.4656066894531,39801200,13.09000015258789,59.182065210704344,0.9931428953465797,-0.6475054000229984,1.6406482953695782,0.16907584058113617,0.06492445924849047,5.513219778496328,17.264023938816795,0.7812020197192605,0.9176748622799172,1.4917388898964656
2023-09-05,371.65677243235325,374.1623100422556,370.72952694136774,372.93914794921875,32344200,14.010000228881836,59.65393251983723,1.4667788892409703,-0.22464854217020463,1.691427431411175,0.16905554480147478,0.06708278600055029,5.364617158667154,17.24886619525966,0.6378978689305879,0.9122736510838112,0.7676019057702543
2023-09-06,372.1599264800972,372.50518264573924,367.6420949715913,369.6543884277344,42998700,14.449999809265137,54.911887492359085,1.5591136931224696,0.13210390488833024,1.4270097882341393,0.1698330350769843,0.06827068589355115,5.359791145735747,16.052747128005095,0.84947508261148,0.9137005455779255,0.736560368035688
2023-09-07,365.18584266172996,367.79002946457575,364.1402304130357,367.0107421875,52060700,14.399999618530273,51.37239610366889,1.4027989397560532,0.38624291186187487,1.0165560278941783,0.1707841799635768,0.06877553544740594,5.370817350661673,15.06463500320481,1.0275789521263403,0.9116423005698734,1.127978750205605
2023-09-08,366.961379080998,369.7628331961545,366.5569396698899,367.52362060546875,35800100,13.84000015258789,52.018561240770254,1.3052571812611973,0.5700457657417394,0.7352114155194579,0.17075979741285505,0.06939060216273056,5.216179934633308,15.066597532133821,0.7328322998823276,0.9110409767037249,1.0824785230409084
2023-09-11,370.5618760366777,372.36702763847194,368.58901828006657,371.8540954589844,39936600,13.800000190734863,57.19106543530655,1.5594118353561726,0.767918979664626,0.7914928556915466,0.16563945972220998,0.07158733772688303,5.189553298802585,16.24905209613635,0.8249119841679428,0.9145836397300318,2.929763905266114
2023-09-12,370.17719006672775,371.8344136208928,367.44479264722776,367.7308654785156,41391000,14.229999542236328,51.49848991536406,1.4118461461299034,0.8967044129576816,0.5151417331722219,0.16840106220483925,0.07200346479723009,5.133821121156445,14.803648349970405,0.8556071247881835,0.91661149387628,0.6588625965912698
2023-09-13,367.96755194596057,370.7394146004213,366.8331647915041,369.13153076171875,46300700,13.479999542236328,53.20254768104878,1.3918765700841504,0.9957388443829753,0.3961377257011751,0.168889696652701,0.07236738249004965,5.0461374559965,15.086899502889453,0.9563451560662504,0.9158805704711631,2.1259626786942265
2023-09-14,370.88739661212503,373.1364533250581,368.81591998177146,372.1500244140625,48039400,12.819999694824219,56.73071638326823,1.601160566017768,1.116823188709934,0.4843373773078339,0.1581907475365034,0.07189397257908828,4.994308590802937,15.864316187841881,0.9975650304651527,0.9185915302990512,4.062988997474171
2023-09-15,370.8084725988113,371.212912039703,364.84055999453483,365.7776794433594,69811200,13.789999961853027,48.429678209514414,1.2385474533054435,1.141168041629036,0.09737941167640751,0.16601766221535222,0.06539593157439054,5.159676864283276,13.723902035960295,1.4389016799367562,0.9232847206005719,3.410684692482313
2023-09-18,364.83524171123304,367.27524895295056,364.5487548286201,366.1589660644531,36903500,14.0,48.91137673203861,0.9707503865860758,1.1070845106204439,-0.13633412403436806,0.16550720346709694,0.05682882481626311,4.985878097143791,13.68187255616791,0.7801577967896486,0.9256718310421357,3.6485315021797415
2023-09-19,364.8352918762419,366.17876269516546,362.34587336929843,365.37860107421875,37621700,14.109999656677246,47.92472029468317,0.6876238492050675,1.0231923783373686,-0.3355685291323012,0.1636227093875955,0.05349062650200758,4.903521756338308,13.303222767831313,0.8064868452333358,0.924406188202252,1.7876974429389625
2023-09-20,366.44550827164454,366.80112226485835,360.034296855332,360.11334228515625,45514200,15.140000343322754,41.798121287885905,0.037944250144335,0.8261427526987619,-0.7881985025544269,0.1670328008019091,0.05200804368962564,5.036614874423168,11.546100455592446,0.9746484169474242,0.929575042871102,0.4644617066417833
2023-09-21,356.41867480351533,357.2089782284347,353.3464550275593,353.5143737792969,69734800,17.540000915527344,35.64736741213338,-0.9979098379079687,0.4613322345774158,-1.4592420724853845,0.17227563366815216,0.061101285632039086,5.160205758935582,9.38945185558583,1.465131308581259,0.9283615070560123,-2.9075454280137913
2023-09-22,355.2629270681144,357.40655932872374,353.24769086125485,353.5638122558594,51589700,17.200000762939453,35.72368002058239,-1.7941604291301587,0.010233701835900888,-1.8043941309660596,0.17211699285518847,0.06417013335956877,5.088681666687961,9.28414467352126,1.10155221759402,0.9275006050723739,-0.7728963984631188
2023-09-25,352.5957151133889,355.3320977025268,351.6078583281686,355.2431640625,39168000,16.899999618530273,38.39606913954618,-2.263591825949675,-0.44453140372121425,-1.8190604222284605,0.17204746776949476,0.06741820666664028,4.991221502950121,9.66956536782066,0.8647500116737278,0.932572498676227,-1.0684642709657854
2023-09-26,352.6549624119001,353.19830169854066,348.92086519938505,349.9087219238281,53657700,18.940000534057617,33.61510805507503,-3.0311235829421435,-0.9618498395654,-2.069273743376743,0.17330992206748372,0.0774904849771373,5.086298457247609,7.8984014080676666,1.1682139016010833,0.9299785212777554,-3.282070402141901
2023-09-27,351.06453588953457,352.6451127155616,347.0933324689299,350.7286682128906,56066000,18.219999313354492,34.95576702900472,-3.5325145879205593,-1.475982789236432,-2.0565317986841274,0.17136890030619947,0.084763495267705,5.119547156489332,8.030960624011726,1.2238791113222243,0.9297784623256667,-5.127431482299039
2023-09-28,349.8099926608064,355.79643321470763,348.9505619806573,353.66265869140625,56453300,17.34000015258789,39.65220360925098,-3.65103519937054,-1.9109932712632536,-1.7400419281072863,0.17090587595226575,0.08702780143424876,5.242856019172259,8.805783035661516,1.212845224429851,0.9310021299318864,-4.864325893358856
2023-09-29,357.1497445207876,358.5426261819971,352.68461263313833,353.91943359375,64829600,17.520000457763672,40.06010407939851,-3.6818025215519015,-2.2651551213209835,-1.416647400230918,0.16793153781163161,0.08726168461265166,5.286795842721295,8.761466323572389,1.3505852936957818,0.929843305259847,-5.079872662085128
2023-10-02,354.18619715511295,358.27590876510163,353.57373074250097,356.8731689453125,51625100,17.610000610351562,44.691268293589594,-3.4283244978194034,-2.4977889966206677,-0.9305355011987357,0.16956886831340634,0.08509268474415373,5.245037426998393,9.545202044936579,1.0624129620509912,0.9240859283507005,-4.186275850468246
2023-10-03,354.4232197501651,356.6261510075981,348.99000799015,350.610107421875,60478500,19.780000686645508,37.98886843128739,-3.6902788230003694,-2.7362869618966084,-0.953991861103761,0.17051807374371866,0.08504859147059429,5.433474821867258,7.508051369130356,1.209593587074948,0.928718058116549,-5.987314726847659
2023-10-04,351.4497889653418,356.2310120703612,350.98549508184834,355.3814697265625,54786700,18.579999923706055,44.78281765165623,-3.472837739244085,-2.883597117366104,-0.5892406218779809,0.17547891747741629,0.08328646532788449,5.446862666625754,8.831450267288442,1.0829888457685726,0.9313275795528299,-3.8611522405778698
2023-10-05,355.3716493592481,355.77667432617557,350.8275315092369,354.33441162109375,45897400,18.489999771118164,43.652565140630706,-3.3464274200508726,-2.9761631779030577,-0.37026424214781484,0.16891483849256267,0.08279402282902211,5.411311248790962,8.369360626003722,0.9128313974510076,0.9288825416331674,-3.453939928529426
2023-10-06,351.33127055005457,361.46669112836105,350.5409971561232,360.2713928222656,75049100,17.450000762939453,51.17691314817259,-2.735646733181511,-2.9280598889587486,0.1924131557772375,0.16475439228847769,0.08045596888925713,5.805195729037169,10.025356082307171,1.4365468406979653,0.9314201909947075,-1.9732684857793892
2023-10-09,357.90051544673355,362.6521043606751,356.39898392645813,362.1087951660156,45304800,17.700000762939453,53.25724356300731,-2.0793659883187843,-2.758321108830756,0.6789551205119717,0.1639061198051639,0.07438338389556876,5.837190350835725,10.422933475895192,0.8627658294090852,0.9304718816546019,-2.620732274291615
2023-10-10,362.444685709443,366.77150369681175,361.9408991971738,364.1141662597656,46968800,17.030000686645508,55.486568270657095,-1.3815168161947895,-2.482960250303563,1.1014434341087735,0.1632473413429218,0.07221658441756457,5.765291361464455,10.873588615956798,0.8897289468215672,0.9311537232568751,-0.9835179905400948
2023-10-11,365.44776368245255,366.89991445060724,363.719014203554,366.71221923828125,38215100,16.09000015258789,58.263786402484804,-0.6117730184815855,-2.1087228039391674,1.496949785457582,0.15150081683830843,0.07026831261516635,5.580691996149367,11.487595251197437,0.7294944634731634,0.9311753262767448,-0.6554063583907754
2023-10-12,367.21605724132263,369.2016291155069,363.03741169057633,365.4378967285156,49587900,16.690000534057617,56.40490442138776,-0.10338097810659974,-1.707654438772654,1.6042734606660543,0.15075836630855527,0.06382310072203067,5.62237238391945,10.927383473723994,0.9451947752665657,0.9306251182603265,-1.8036080196729531
2023-10-13,366.07006977509343,366.65290161876635,359.44152951772287,360.84429931640625,52469900,19.31999969482422,50.188801494124604,-0.07033081435594113,-1.3801897138893116,1.3098588995333704,0.15430590196086455,0.06128583990644757,5.735872363714024,9.364373438871807,1.0169355856228641,0.9415134408486522,-1.348737335329142
2023-10-16,362.1680653455129,365.98120837684917,362.0198928507585,364.9241943359375,44201100,17.209999084472656,54.93871442022318,0.28182639030421797,-1.0477864930506056,1.3296128833548235,0.1584040025009002,0.06032893801616009,5.693089270623231,10.418347596222024,0.850659639340836,0.9429340841300087,-0.33722285754386183
2023-10-17,361.3678593197458,365.42796605907466,359.2439734306002,363.7288513183594,50999100,17.8799991607666,53.33402402484286,0.4591663368231025,-0.746395927075864,1.2055622638989665,0.15847706696334582,0.05918490086231801,5.728153796184033,9.88763660478472,0.969014916252833,0.9438127420318593,-0.45151789158124345
2023-10-18,361.229608252731,363.44239783115,357.6239068257933,358.95751953125,54280500,19.219999313354492,47.38451713548239,0.2122561656161679,-0.5546655085374576,0.7669216741536254,0.16084770438205598,0.058978691728035604,5.755067417354178,8.28738881136237,1.0228450565127052,0.9440538471003485,-0.3209608248813556
2023-10-19,360.38000831691085,361.57530650929226,354.7986238673838,355.5987854003906,72274200,21.399999618530273,43.68983000436514,-0.2515440549207142,-0.4940412178141089,0.24249716289339474,0.16171375256683018,0.05824210027337995,5.828039933393769,7.119900240769103,1.3586620954457762,0.9458487992082326,0.5896257056849041
2023-10-20,355.0949756378056,355.66794942983694,350.0667884443341,350.29400634765625,72559700,21.709999084472656,38.5740401888691,-1.0352269549335347,-0.6022783652379942,-0.4329485896955405,0.16645403942677053,0.06028162880347279,5.811834294258701,5.380755224335945,1.3376631816181164,0.950140289961854,-0.9248135116941447
2023-10-23,348.9702748686097,354.89741519394914,346.85624701534783,351.35101318359375,60665200,20.3700008392334,40.07961423032573,-1.5531064372058268,-0.7924439796315608,-0.760662457574266,0.16224019429960376,0.06202254847182362,5.971072428854602,5.549385646926141,1.0966533157948921,0.9472937646370133,-1.0956300564369137
2023-10-24,353.1687196609657,355.53957012238686,351.46960463666403,354.76904296875,47082100,18.969999313354492,44.791940773573565,-1.6684899069826429,-0.9676531651017772,-0.7008367418808656,0.16314206092079683,0.059340404186910875,5.84374989385021,6.431694431332352,0.8561984466001409,0.9487583060354584,1.3890254058828377
2023-10-25,352.36853944060357,352.5463464327666,345.50292248888735,346.08575439453125,71190500,20.190000534057617,36.8610562373685,-2.4325599201987416,-1.26063451612117,-1.1719254040775715,0.1757861425231484,0.06372645004986999,6.088204935708241,3.7022480598228706,1.2770528718419443,0.9501008481341681,-1.3237907930415127
2023-10-26,344.88056722255317,345.8190432577608,338.1927874225395,339.48687744140625,78621400,20.68000030517578,32.19565039274731,-3.529874930572305,-1.7144825990113972,-1.8153923315609077,0.1796543828249686,0.07720402276334085,6.217116509728492,1.6166278000075085,1.3828567337917153,0.9494518081634117,-4.008277634526658
2023-10-27,342.22318543933613,344.6039236767999,339.90171619143626,341.1167907714844,63476700,21.270000457763672,34.40405090078538,-4.219346596920502,-2.2154553985932184,-2.003891198327284,0.17586990679266923,0.08618346960657025,6.138540061561719,2.0004939922821285,1.1178094726070493,0.9417652479833121,-3.6173890459378577
2023-10-30,343.6062056337421,346.2833191752884,342.24298862021556,344.9595947265625,55298500,19.75,39.414294630674306,-4.404898765341898,-2.6533440719429544,-1.7515546933989432,0.1799878068246122,0.09053580628365707,6.06911065743617,3.0409589966971793,0.9706538628156817,0.941193884248676,-3.3383216378969793
2023-10-31,344.98924447351965,346.98470437601566,342.41092252399517,346.60931396484375,47671900,18.139999389648438,41.480754815724424,-4.368474584665648,-2.9963701744874935,-1.3721044101781548,0.18103084515831952,0.09248207344738871,5.962301457049335,3.425208510230094,0.8462963715801323,0.9404170053778289,-1.1410947295416252
2023-11-01,347.44897599014894,353.18842127398983,347.3501842861268,352.6253356933594,58992700,16.8700008392334,48.39342660913401,-3.810243369785155,-3.159144813547026,-0.6510985562381291,0.18500805311195206,0.09275977825138468,6.006359017913389,5.101610310848832,1.0433738182992565,0.9429425579213027,-0.7755424151191015
2023-11-02,357.1497505011224,359.2637483446497,355.92478758772677,359.02667236328125,58162400,15.65999984741211,54.54610584661007,-2.8188132150013985,-3.091078493837901,0.2722652788365023,0.184906311478657,0.09312918834850833,6.05150570601174,6.873037707003,1.0176510377827601,0.9418828228555467,1.3242464147696698
2023-11-03,360.32076435285194,364.53890199557856,360.0935464381068,363.24481201171875,53280500,14.90999984741211,58.09173944641324,-1.673438697674385,-2.807550534605198,1.134111836930813,0.18770524109495199,0.09434132486033472,6.01298598646071,7.979816890687889,0.9503318906664835,0.9430157960507265,0.8253275860068188
2023-11-06,364.0153044725888,365.2896480523243,362.4545041566832,364.7265625,38848700,14.890000343322754,59.29298239603023,-0.6387926557156334,-2.3737989588272854,1.735006303111652,0.18759789063453253,0.09565736399765652,5.785997265687882,8.280761338792738,0.6969333636753172,0.9454603193377391,0.7229228808939059
2023-11-07,365.77371002580435,369.04351347492616,364.5685235781495,368.1742248535156,50777400,14.8100004196167,62.020776747166124,0.45413434730420477,-1.8082122976009876,2.2623466449051923,0.18285010614335748,0.09832932004341242,5.692353882194224,9.16824279773146,0.9078290858982054,0.9441709744218906,1.1150509839964462
2023-11-08,368.5496001929726,369.25100022398175,366.11948091593234,368.41131591796875,35663400,14.449999809265137,62.208325258824765,1.3241541143865447,-1.181739015203481,2.5058931295900257,0.1828694834309651,0.09956170284058875,5.509437126898165,9.101406093539227,0.6390695919143005,0.9441170837618349,0.46333244177594324
2023-11-09,369.1028586853648,370.2487461354753,365.0822739531514,365.5762023925781,53859400,15.289999961853027,58.4888588363377,1.7645405553528235,-0.5924831010922201,2.3570236564450435,0.18370907566459443,0.09964289510498459,5.484939630857147,8.129601391507403,0.9614528274587989,0.9437292844528388,0.037846557595866415
2023-11-10,367.30490932159444,373.94330798328633,366.7714582277364,373.7951354980469,58309800,14.170000076293945,65.01863836781244,2.7451053302742707,0.07503458518107797,2.670070745093193,0.19379666757450403,0.10807212026864657,5.690808627989365,10.421323710059955,1.0355001424239345,0.9462544194837778,3.5890372124972147
2023-11-13,372.2145725921907,373.6864695790459,370.6833764620218,372.62945556640625,40733500,14.760000228881836,63.493148709144286,3.3890821214320113,0.7378440924312647,2.6512380290007465,0.19332852184853122,0.11316448933602628,5.506590799991917,9.94504509430854,0.7256038667996262,0.9463253545758001,2.1114689982367985
2023-11-14,379.05052519236835,381.5695781265845,378.5269622929975,380.6508483886719,67792600,14.15999984741211,68.90045087592716,4.494883512047693,1.4892519763545504,3.0056315356931425,0.19301929150287878,0.12591506646945297,5.751843068576654,12.154333359818537,1.1898228155175798,0.9505246526496431,4.652365906355138
2023-11-15,382.54758952123757,383.0415179776885,379.57413056636284,380.9373779296875,54141400,14.180000305175781,69.07664731960558,5.33288543660484,2.2579786684046086,3.074906768200232,0.19035035259248143,0.13745491117917535,5.588667664487297,12.088221789000752,0.9503476384980893,0.9502676468977992,6.123247794652764
2023-11-16,380.1667690499346,381.5003816251738,378.90231367901754,381.2633056640625,45343500,14.319999694824219,69.28978610374777,5.954665961018804,2.9973161269274478,2.9573498340913567,0.18974267285165483,0.1467612926069593,5.375053398892224,12.043528345882814,0.8151850748868757,0.9488717417569102,7.217268820188627
2023-11-17,380.5323263416612,382.3697557474845,379.6235149277258,381.3522644042969,46571900,13.800000190734863,69.35187754980602,6.381052927105202,3.6740634869629987,2.706989440142203,0.18494847067465123,0.1521875026760796,5.187281071811256,11.946699702751472,0.857296038089856,0.946568323428022,8.866340129672734
2023-11-20,381.3621271567814,386.6570555807807,381.3621271567814,385.99517822265625,44429600,13.40999984741211,72.47935523169964,7.012773129040795,4.341805415378558,2.670967713662237,0.18711521425109945,0.15950940928126747,5.19567465071644,13.168695895927772,0.8302674548578886,0.9469292020246652,9.860271847561087
2023-11-21,384.2862282750415,384.5035580022915,382.00428121241606,383.7527770996094,43337000,13.350000381469727,68.82633280495179,7.248911965424895,4.923226725387826,2.3256852400370693,0.18824237294827284,0.1642239714484195,5.109619104968137,12.370978450655034,0.8126936000543084,0.9460855374141681,8.169747249737469
2023-11-22,385.8272724711062,388.2969146942405,384.315852636428,385.3234558105469,44121000,12.850000381469727,69.96810507558791,7.4766086493285115,5.433903110175963,2.042705539152548,0.18770170834653185,0.16292122378778467,5.069227568515494,12.698015022923958,0.8489433617337447,0.9435259992760314,11.337566171904712
2023-11-24,384.9183745998721,385.5110946761788,383.7823453726982,384.78009033203125,15718800,12.460000038146973,69.02622611548348,7.526454575475896,5.85241340323595,1.6740411722399458,0.18730016347675738,0.151787159140238,4.830621978155857,12.398696142661565,0.32193150712005264,0.9428645566675019,13.34166823530385
2023-11-27,384.28618367901737,386.4001815560311,383.56503736160306,384.4442443847656,34139700,12.6899995803833,68.41321585858081,7.452944959707224,6.172519714530205,1.2804252451770193,0.18251527931481007,0.13775744118607472,4.688087850746727,12.156887343569688,0.7208599465980401,0.9443377765797573,12.701647877048217
2023-11-28,383.69345938158176,386.03467515011846,383.3378152607805,385.45184326171875,35491100,12.6899995803833,69.29427530005667,7.3907963681957085,6.416175045263307,0.9746213229324017,0.18046482592414906,0.12416704531278629,4.545857282074674,12.30229454990195,0.7654005671638668,0.9453007308196468,11.738258379869993
2023-11-29,387.921478864897,389.35388324551946,384.73069063301875,385.0764465332031,38811700,12.979999542236328,68.52735321009546,7.227932674358499,6.578526571082346,0.6494061032761529,0.18001524385385073,0.10733961871783866,4.551381234247962,12.053219110157622,0.8450864923707666,0.9484111940430496,11.098124319954383
2023-11-30,385.3431889894915,385.8074829175296,381.1349392843574,384.1083679199219,52834400,12.920000076293945,66.48385204364698,6.940737666738698,6.650968790213616,0.2897688765250823,0.1748439483786775,0.09309521896345531,4.5600356913139795,11.637673877363428,1.158182040181602,0.943316740245111,8.928182135483297
2023-12-01,383.04148614828785,385.7976151474195,381.38189390779917,385.20489501953125,40490100,12.630000114440918,67.66021538415393,6.724102854848923,6.665595603140678,0.058507251708245,0.17130431643394722,0.08369026283506079,4.549727516193004,11.824436076371555,0.9051146451502216,0.9421836652987201,7.291442299797035
2023-12-04,381.40162729851806,381.90544391224165,378.01328571864434,381.62884521484375,51186900,13.079999923706055,60.235059138292954,6.192477842825156,6.5709720510775735,-0.37849420825241786,0.16698550830192702,0.07541727765935963,4.738433357956855,10.652497906776818,1.1469144307221395,0.9423969582778715,5.061058711702104
2023-12-05,379.7223485518686,383.78242615725713,379.54451138864584,382.5871276855469,42933000,12.850000381469727,61.45575216762168,5.781837157645214,6.413145072391102,-0.6313079147458884,0.1669892166628025,0.06695638267018098,4.702682030146457,10.791607781446675,0.9575925223339001,0.9418352858147987,4.896974068223203
2023-12-06,385.53088153482884,385.6296732491102,380.02854179863795,380.374267578125,41994100,12.970000267028809,57.096978214098584,5.217695789944685,6.174055215901818,-0.9563594259571335,0.1675258247834197,0.0604045848139629,4.766856988741159,10.005565238724548,0.9459164960492865,0.9425529555263537,3.313660191574619
2023-12-07,383.3576370145214,386.5187610277297,382.2611001716552,385.68896484375,49593500,13.0600004196167,63.74741336383868,5.1402082234492354,5.967285817411303,-0.8270775939620671,0.1501249064518838,0.05350957089417163,4.865259593088553,11.38752101664248,1.0998377748430141,0.942760275983626,4.689771507894824
2023-12-08,383.95027742377255,387.85229330636986,383.7625822387343,387.40777587890625,46687500,12.350000381469727,65.60436177530985,5.158033851096832,5.805435424148409,-0.6474015730515772,0.13376794587788124,0.03891573678959085,4.8098632698419115,11.72988765165212,1.0436912927140791,0.9428153697413003,5.9718256668370495
2023-12-11,386.9830650870014,390.9839037517908,386.7756235723386,390.7171630859375,41198000,12.630000114440918,68.90677038153716,5.377215486411842,5.7197914366010965,-0.34257595018925446,0.13429289695486846,0.036910512491907715,4.766893049099791,12.5161280298307,0.9389330035360977,0.9398452319590607,4.527086090979648
2023-12-12,390.7565770230817,393.9473648796763,389.62054789637233,393.8288269042969,39221200,12.069999694824219,71.66181846406984,5.735884075243916,5.723009964329661,0.01287411091425561,0.13319901386450372,0.034327065711676985,4.735459044400089,13.241451204789126,0.8954233668212644,0.9399155875682311,5.689129246550584
2023-12-13,394.76737564135937,399.4498077725173,393.99684845335867,398.83734130859375,55408100,12.1899995803833,75.43479934977948,6.3510656391988505,5.848621099303498,0.5024445398953521,0.13533429446375098,0.045883120211743955,4.7987106032444,14.500346810511806,1.2831109734528645,0.939548480312079,4.777736079377437
2023-12-14,400.06223523696093,401.3661832279728,395.478565471964,398.4915466308594,55447800,12.479999542236328,74.6953637859823,6.733083919980118,6.025513663438822,0.7075702565412954,0.13078287942075723,0.05308418728095318,4.8764896855847155,14.217317897933606,1.282090975652138,0.9360848084519585,4.608150766557739
2023-12-15,399.27192924563496,401.6032868244302,398.66935110583745,400.4178466796875,62896600,12.279999732971191,76.10077289989752,7.109320651895018,6.242275061130062,0.8670455907649561,0.12387568175016252,0.060255878810159515,4.7504361504408665,14.586117751718705,1.4253993146835398,0.9277396780071709,5.023966568789695
2023-12-18,400.8118131679451,403.84069023789203,400.48518259292433,402.93994140625,46610000,12.5600004196167,77.83643220784131,7.524267862757597,6.49867362145557,1.0255942413020271,0.121777460061528,0.06784502060257842,4.655608108138272,15.12963670524303,1.0562573161568958,0.928435408563066,5.660823080642996
2023-12-19,403.39529019255974,405.11758457056203,403.2072200929834,404.9988098144531,35711900,12.529999732971191,79.16656035394354,7.927862526477952,6.784511402460047,1.1433511240179053,0.12185728392527584,0.07693160676855165,4.478610612150683,15.536485566428457,0.8173626887718972,0.9279567161042673,4.923282119559236
2023-12-20,404.1970751409553,406.2955098486141,398.8024897102253,398.98065185546875,54042400,13.670000076293945,66.58706157267117,7.67364218336013,6.962337558640064,0.7113046247200661,0.13156736435235863,0.078516844872299,4.693925578310547,13.645367002399492,1.221935342955383,0.9281682976825417,3.968147115690246
2023-12-21,402.9202149671943,403.9892483298878,400.3565587801799,403.62298583984375,45568900,13.649999618530273,70.48331046071885,7.757346424020113,7.121339331716074,0.6360070923040393,0.1338997862255694,0.08302346341559343,4.7164020708897265,14.786713999454607,1.0286599433828334,0.9295030434657819,4.749134721322101
2023-12-22,404.8404658836527,405.80060218217875,402.34610518361205,404.2267761230469,34314000,13.029999732971191,70.9576595319833,7.782689467937814,7.253609358960422,0.529080108977392,0.1300663989149644,0.08645237782437568,4.626265994295224,14.768500127157742,0.7586717782787588,0.9290968400153025,5.053974017791529
2023-12-26,405.0878968518052,407.3744015622354,404.98890781785167,406.7013244628906,22722500,12.989999771118164,72.88117540776148,7.91125337882454,7.385138162933246,0.5261152158912941,0.11720295076511839,0.09021158976348342,4.520648811787602,15.26997120889896,0.5088093033785408,0.9302671547385891,5.78941690588799
2023-12-27,406.98458562407046,407.8164764899842,406.1229552263835,407.5292663574219,31980500,12.430000305175781,73.51326862454866,7.987870002828629,7.5056845309123235,0.48218547191630545,0.11586936749628786,0.09352025804292233,4.318711129774252,15.305900822735522,0.7189431476156268,0.9368467980091975,5.727673503616559
2023-12-28,408.68798242413885,408.9355700662778,406.9746650602208,407.3311767578125,27029200,12.470000267028809,73.07441256499179,7.941065395423379,7.592760703814536,0.3483046916088437,0.10204861744774521,0.09504691696554254,4.150296406651593,15.062899625314987,0.6157900720220042,0.9323258370735971,5.779301856804286
2023-12-29,407.3113860703457,407.6679279958033,403.6470768284761,405.568359375,42662100,12.449999809265137,69.11992720808227,7.673275038338147,7.608863570719258,0.06441146761888916,0.10375760255476728,0.09365373119407351,4.141050318128425,14.384715302756415,0.9833394856253608,0.933672284534496,5.586962755144165
2024-01-02,401.9238700521785,402.17145769366215,396.37790083832385,398.7052307128906,58026900,13.199999809265137,56.33729893214788,6.828537001612062,7.45279825689782,-0.6242612552857576,0.117509338542882,0.08995640358358545,4.501722333738976,12.29555647813232,1.3109941076669915,0.9288402973675308,3.5047155080090153
2024-01-03,396.07089507710157,397.1305774375239,394.05060168069537,394.486328125,47002800,14.039999961853027,50.192372943737205,5.752336487175967,7.11270590295345,-1.360369415777483,0.12260712066476802,0.08280778019907584,4.512644240771568,10.960184518305397,1.0669711514997429,0.9285929260131868,3.369106678222389
2024-01-04,392.61457543782296,395.73417363347363,392.2382373921895,392.45611572265625,39432800,14.130000114440918,47.5069982754348,4.681651488075545,6.626495019977869,-1.9448435319023245,0.11931626111665009,0.07618771999975965,4.44002224080818,10.247953923779733,0.8987012489761277,0.9294141245972766,2.5795400113986178
2024-01-05,392.62450725119504,395.7044831084741,391.5252023697646,392.9216003417969,44922800,13.350000381469727,48.19141005254813,3.8265762420101055,6.066511264384316,-2.239935022374211,0.11777323996148734,0.06551953051355412,4.421397847801132,10.243670629396323,1.0204167161188875,0.9292062996025977,3.298680755552108
2024-01-08,394.149648647045,401.32969091647055,394.00110209298794,401.0425109863281,42473800,13.079999923706055,58.38543148215666,3.7608597189640705,5.605380955300268,-1.8445212363361971,0.13085424658799544,0.05815643331433513,4.706161614006314,12.365357704096837,0.9726529661658345,0.9326894035444276,3.9808103269944883
2024-01-09,398.0318047189517,402.76567927629526,397.8337225139678,401.8347473144531,39132900,12.760000228881836,59.2282571451783,3.7297119539326786,5.23024715502675,-1.5005352010940713,0.13059762443056355,0.051053306711276746,4.722289838886395,12.435003972514833,0.9039654647488835,0.9325096251737368,3.723975700491966
2024-01-10,402.1516827903551,405.5683742893205,401.260373278586,404.5582275390625,33962800,12.6899995803833,62.07209825823419,3.8800622761255,4.9602101792465,-1.0801479031210004,0.13128076281913123,0.04675013808027713,4.692697779732691,13.041574144836114,0.7911480717937966,0.9339263885064474,3.5424766969043286
2024-01-11,405.8357810961895,407.23217906985536,400.3393171288109,405.4000244140625,54536200,12.4399995803833,62.9327049396594,4.020792766149782,4.7723266966271565,-0.7515339304773745,0.13125839855794647,0.0446090178675932,4.849852362683533,13.116782074103334,1.2481321913066366,0.9323233337368393,2.9381286282980756
2024-01-12,406.4398926116254,407.2816966919619,404.21160369355385,405.6080017089844,39595000,12.699999809265137,63.15514654932334,4.1018214782577616,4.6382256529532775,-0.5364041746955159,0.13106417214970015,0.04494671102905821,4.722726693806712,13.012304655575683,0.9228830357922221,0.9329425105068955,1.6975994219036616
2024-01-16,404.3700436335004,407.1529263504869,402.90431389213234,405.568359375,43903000,13.84000015258789,63.077445442548374,4.115398756220998,4.533660273606822,-0.4182615173858242,0.1305646669970015,0.04487752295416332,4.688861391274415,12.847955199502811,1.0372497230153648,0.9291723222632161,1.7759003431749631
2024-01-17,402.25069683542137,403.6569776937358,399.0320575427703,403.2806396484375,54386000,14.789999961853027,58.59699108174816,3.8966409330622582,4.40625640549791,-0.5096154724356516,0.1323046747194067,0.044713998043743736,4.82082142277122,12.067480907794206,1.2979696700482628,0.9282632432175959,0.7149513920242656
2024-01-18,406.55871563240174,409.58918603714187,405.21185332945134,409.0048828125,59562500,14.130000114440918,65.24851644234855,4.1374780940105325,4.352500743200435,-0.2150226491899021,0.13307458930972163,0.046922823419206,4.927087491766445,13.511724695283672,1.3998747310419064,0.9248720481736874,1.5051725537765126
2024-01-19,411.2133638072903,417.2743044441196,410.62906059929276,417.1158447265625,70325100,13.300000190734863,72.09047910363299,4.926045730701333,4.467209740700614,0.4588359900007184,0.14240220610469137,0.05618042472608046,5.165825644613099,15.599562814401255,1.5882229791881544,0.9297656372519535,2.9918692644209655
2024-01-22,419.324334667482,420.6316046615702,417.0564234202822,417.6605529785156,44880600,13.1899995803833,72.48230726209923,5.5311846145243635,4.680004715465365,0.8511798990589989,0.14009909235701237,0.06304829632270471,5.052208187232732,15.584988574536329,1.024179720143438,0.9290280201568023,4.681906512552825
2024-01-23,418.35382095126016,419.6115856289424,416.5117832355889,419.3937072753906,33003800,12.550000190734863,73.74532060349799,6.080520155566262,4.960107803485544,1.1204123520807183,0.13635385750936946,0.07084047340313615,4.912750630527073,15.891137293094593,0.7641048217218787,0.9224049413012632,3.907290216074233
2024-01-24,423.3154273136651,425.70217568589584,421.22577200723106,421.720947265625,46948000,13.140000343322754,75.37943537458665,6.627266346138413,5.2935395120161175,1.3337268341222952,0.13650364700635098,0.07920768236039438,5.012444757668368,16.359923243729728,1.0712737736786975,0.9137923818336681,4.327811064463694
2024-01-25,424.2265459625598,424.90000730432473,419.88883595250144,422.2359619140625,44367200,13.449999809265137,75.73930253135416,7.021188132973236,5.639069236207542,1.3821188967656948,0.1355048339400683,0.08648805095008467,5.012353800108007,16.326922789211373,0.9879862025043034,0.923029597219859,3.8196672881967375
2024-01-26,420.3443846588511,422.09729423034594,419.0668240026905,419.720458984375,37137000,13.260000228881836,70.33192563045384,7.049135873191005,5.9210825636042355,1.12805330958677,0.1367395063112099,0.09077265502372509,4.880695522341148,15.461163711522177,0.8222603913137578,0.9224854739283139,2.991488865553249
2024-01-29,420.1760504467939,424.2166979376791,419.52241540494185,424.01861572265625,38694700,13.600000381469727,73.77693842556069,7.333573120310632,6.203580674945515,1.129992445365117,0.13525816261199483,0.09738977132713646,4.867380308798013,16.458294940650948,0.8458264659721342,0.9243590781359666,4.096774299887596
2024-01-30,422.97872455744596,423.55311457639135,420.28496986138805,421.1960754394531,36739000,13.3100004196167,68.17820694124737,7.247689423863278,6.412402424729068,0.83528699913421,0.1373777743788991,0.10088524206519986,4.786399276831598,15.513673270415964,0.8083095782341871,0.9207896974321401,3.853287788163784
2024-01-31,416.7890987605464,418.7895962972089,412.7682773304046,412.946533203125,64010600,14.350000381469727,55.03302063002284,6.439723734872814,6.417866686757818,0.021857048114996225,0.15043361354096516,0.09837230783781561,5.046499193418521,13.09748645994312,1.399113414991597,0.9291252654405626,3.5718875482949386
2024-02-01,414.7488722584985,418.30422673728754,413.7783179398968,417.8090515136719,51008600,13.880000114440918,59.936316799982215,6.121208217161836,6.358534992838622,-0.2373267756767854,0.15290446284045392,0.09342338697014063,5.068727360614522,14.266920904362387,1.110062170410645,0.9268074191272317,5.9121753343202466
2024-02-02,419.7105521526754,426.08841213002773,418.7103186461384,424.87030029296875,59602400,13.850000381469727,65.77302377700818,6.365192164686391,6.359866427208177,0.005325737478214521,0.1591785826928499,0.0881388971449916,5.298058307453189,16.022367333020206,1.2692271654784113,0.9285625803509769,8.259314423123731
2024-02-05,424.92974741145673,425.464514985163,420.89901313797907,424.31573486328125,39889200,13.670000076293945,64.97244842562648,6.439571038986287,6.375807349563799,0.06376368942248778,0.151633717298714,0.079828553771758,5.245732846005387,15.696589399732986,0.8540136233854987,0.9309494920470874,7.989923306373359
2024-02-06,425.46451715596,426.068646752736,421.1168936317303,423.4640197753906,35846100,13.0600004196167,63.69025477016756,6.356516576922445,6.371949195035529,-0.01543261811308394,0.14931493729422024,0.0765838915953718,5.2247342942196955,15.288469252727078,0.772936141089454,0.9278560009576513,5.590806005557569
2024-02-07,426.2567926001766,428.65342405542555,424.9495225938039,427.821533203125,37712700,12.829999923706055,67.25107845546395,6.566614390601444,6.410882234148712,0.15573215645273208,0.1514002399071232,0.0749057499028796,5.222210721777926,16.291277045963177,0.8144319711308747,0.9277728763975248,6.467033043395842
2024-02-08,427.9403387413293,429.37635905118435,427.25702470366645,428.6138000488281,29889900,12.789999961853027,67.86807320562642,6.719588501367809,6.472623487592532,0.24696501377527724,0.15087949531645933,0.07409535105892939,5.000576695045067,16.321065294138943,0.6483444926757868,0.9218210037202106,5.946133553159028
2024-02-09,429.7527571849936,433.6250317965554,428.9604887658379,432.8327331542969,36943900,12.930000305175781,71.00121538189485,7.0994165737564,6.597982104825306,0.5014344689310946,0.1526741925002205,0.07526525849645939,5.001337770236653,17.263209701941655,0.816940504859719,0.9214882867434121,6.766824639412339
2024-02-12,432.7238188059716,434.9026023422169,430.4559073373031,431.1392517089844,33203300,13.930000305175781,68.12950236094994,7.18100510122963,6.714586704106171,0.46641839712345856,0.15349048431791648,0.07312482015833957,4.96172042985645,16.608664221060504,0.7394502956170991,0.9139804562074227,6.294562703996687
2024-02-13,423.1569690887234,427.10845799317786,421.22577348497225,424.4147033691406,64491700,15.850000381469727,58.08345824316239,6.626661714148668,6.697001706114671,-0.07033999196600327,0.1607910842129809,0.06596729186923506,5.315417415153283,14.621183821239232,1.4040655432478997,0.9204148126710469,4.64689701711043
2024-02-14,427.098624586713,429.46554688871095,424.7415852393566,429.0397033691406,45092700,14.380000114440918,62.21071802031312,6.485775451174732,6.654756455126684,-0.16898100395195215,0.1530248167134356,0.05493249262246419,5.2965192797545,15.696379104808337,0.9917578399492384,0.9219692040830677,6.387379206489752
2024-02-15,429.7329574988492,430.78272674594547,427.1679227777959,430.3172607421875,38796100,14.010000228881836,63.28609395014278,6.403395913632778,6.6044843468279035,-0.20108843319512548,0.1479194676459216,0.04865981147436048,5.176396757497003,15.864460150504833,0.8732131374168254,0.9185041556622053,5.2107881409958035
2024-02-16,430.69357440657893,430.792585285216,425.7021990653748,426.4152526855469,53716500,14.239999771118164,57.86941385506655,5.954609070144215,6.474509291491166,-0.5199002213469504,0.1502021688296051,0.04687340342694977,5.170253147664442,14.641279027983048,1.2320665524430774,0.9190497542359594,2.2294544972465635
2024-02-20,424.4147060430947,425.92994113971844,419.4134479735006,423.19659423828125,53999500,15.420000076293945,53.78038463072084,5.278377575091781,6.235282948211289,-0.9569053731195076,0.1531290753349975,0.044853463614823195,5.301078259406003,13.606979658911875,1.2257390792730256,0.9205697717090088,1.325488179404477
2024-02-21,420.4533435538116,421.59227094508236,417.561536668885,421.50311279296875,49779000,15.34000015258789,51.71006936718318,4.553321586748382,5.898890675918707,-1.3455690891703256,0.14415552090295422,0.04402443826909443,5.324933924405305,12.985467578201662,1.1088265637235581,0.9182345890497148,0.5029654668120775
2024-02-22,430.2974234274202,434.8827515507583,429.52495116672,433.8428955078125,53887800,14.539999961853027,62.913285100718674,4.9177382046236175,5.70266018165969,-0.7849219770360722,0.16483962062840826,0.047596684092053004,5.900269983932752,16.11302584676195,1.1911434460287096,0.9293355327596111,2.8744003163192033
2024-02-23,435.40760883106094,436.3385407564334,431.584870254059,432.5653076171875,39853900,13.75,61.32691258711006,5.045291356075779,5.571186416542908,-0.5258950604671284,0.16511177029292784,0.04956631805336065,5.8183700209642994,15.595204757816186,0.8853524168644352,0.9286738863972774,2.4463443749083824
2024-02-26,433.37741063480513,434.36776119374065,432.1493553900167,432.3375244140625,33043200,13.739999771118164,61.03142996021843,5.069559223704005,5.470860977975128,-0.401301754271123,0.16531271252688617,0.04972981425628159,5.561229719732846,15.356313061941124,0.7374061705814143,0.9269851340193321,3.006063955094751
2024-02-27,433.4467426813821,433.76363189087067,430.8322026971725,433.3774108886719,33713200,13.430000305175781,61.93316011370466,5.113753662427712,5.399439514865645,-0.28568585243793354,0.16523597899134368,0.05156967261525814,5.373386825016085,15.459578961554922,0.7565635079940481,0.9268445055729937,2.207166105211056
2024-02-28,431.2283144443798,432.45636962600565,430.10921353464533,431.0698547363281,32938800,13.84000015258789,58.68781352362023,4.906023986455352,5.300756409183587,-0.39473242272823494,0.16657361379427577,0.05090557746129242,5.223016148516832,14.677168850236768,0.742350485807664,0.9314637841815598,2.344223954739655
2024-02-29,434.0013873934054,435.8434251426976,430.82233996449804,434.7639465332031,42495200,13.399999618530273,62.110714595810535,4.982049096068579,5.237014946560587,-0.2549658504920078,0.1659347418227627,0.04309956861842258,5.2085925077798825,15.483891944003538,0.9815225411324608,0.9321150969938744,5.283350646110474
2024-03-01,435.6552261234735,442.27076092694847,435.59580750488135,441.31011962890625,43853000,13.109999656677246,67.28373682383001,5.5070392825047065,5.29101981374941,0.2160194687552961,0.1664782017666631,0.04480906926429757,5.372751213920273,17.037125336990105,1.0213239481985463,0.9320391464106056,5.624834605687168
2024-03-04,441.31009687293357,441.73597058168656,439.48785547616654,439.7354431152344,34325700,13.489999771118164,64.98530492880364,5.729982877254315,5.378812426450391,0.35117045080392373,0.1590691581333774,0.048284935451727205,5.1495629204631115,16.438161818565877,0.8236803326424877,0.9329596945687383,3.4987483973380584
2024-03-05,436.6852366183088,436.69514979662387,429.46557161000254,431.8424072265625,57917100,14.460000038146973,54.86773962745278,5.2097109460984825,5.344992130380009,-0.1352811842815269,0.16907462920335747,0.04672850862866875,5.515299247946592,14.18841115357346,1.3603557865520266,0.9349988702466818,1.7738376743691608
2024-03-06,436.0711738965989,437.725042437446,432.67427866652747,434.5559387207031,46234500,14.5,57.32745509151256,4.959184612718673,5.267830626847743,-0.3086460141290699,0.16951415397473105,0.04484437008191718,5.541537531013515,14.750696448255837,1.072865989385856,0.9354192425531145,2.619329725154862
2024-03-07,438.1509113528084,442.40940670363625,436.6059366623216,441.15167236328125,44526700,14.4399995803833,62.65517238402246,5.232543763322269,5.260773254142648,-0.028229490820378622,0.1738823614211715,0.04859747674761012,5.706675420436345,16.323967869460752,1.025132102308537,0.9367300601513856,3.1158177243563845
2024-03-08,441.5082111519571,444.3109203547765,434.11029075017854,434.7837219238281,72096000,14.739999771118164,55.456295714745615,4.8790992592140014,5.1844384551569185,-0.30533919594291703,0.1799619836274027,0.048477340914182154,6.02767214787646,14.490611263407684,1.5829483510844895,0.9371760974818222,1.4395061181644353
2024-03-11,433.2883013478157,434.42719849495757,431.23826834909926,433.1694641113281,45860000,15.220000267028809,53.76972887841289,4.417809075690855,5.031112579263706,-0.6133035035728511,0.17932011462487393,0.04850470838693439,5.850370821223061,13.908381335907032,0.9971473887556086,0.9372903904449377,0.07779701747077095
2024-03-12,435.4868360403753,439.73541792274483,432.2483705641161,439.37890625,55300900,13.84000015258789,58.94235518150294,4.501394098799665,4.9251688831708975,-0.4237747843712327,0.18151028617347303,0.050612157387378974,5.967276288180608,15.370323844800515,1.1742146240424494,0.9398459944413992,1.911135325386093
2024-03-13,438.3786663377931,438.39849269164176,434.88273009385387,436.0018310546875,37928700,13.75,55.31726987438334,4.2461866899420215,4.789372444525123,-0.5431857545831011,0.18192397174704733,0.04801645114237095,5.862197707321003,14.331453380671173,0.828717928549306,0.9402998137631675,2.730142851688333
2024-03-14,437.23980085811144,437.764685480342,432.17912367236954,434.902587890625,52195200,14.399999618530273,54.149853559517084,3.9101593600577758,4.613529827631654,-0.7033704675738779,0.17138629814412654,0.047358634853671144,5.842438000224678,13.906249083374092,1.1316510941926,0.9455057300773776,1.366513279643966
2024-03-15,431.86221906333805,434.63518881890917,428.5643344443908,429.73297119140625,73069800,14.40999984741211,48.92096605380633,3.189938788158827,4.328811619737088,-1.1388728315782615,0.17311222465468212,0.047533495489558125,5.877853389225358,12.427154373791781,1.527483010702967,0.9465709898779368,-0.13578110944783006
2024-03-18,435.0710876933443,437.3618203198335,433.5934934257889,433.8315124511719,47323800,14.329999923706055,52.81145553143242,2.9162599928557142,4.046301294360814,-1.1300413015050994,0.1684871956050901,0.04521699446161096,6.002924513454063,13.364421561430776,0.9959319907991018,0.9471681105369678,1.7392107151227965
2024-03-19,431.8184093155366,435.3189683120467,429.71606445011173,434.9123840332031,43004100,13.819999694824219,53.81061142423063,2.7548289262376784,3.7880068207361868,-1.0331778944985084,0.1684440330645487,0.039406059980253164,5.974351609774129,13.516117000339198,0.9156173024951599,0.9451744541251305,2.7684036106219834
2024-03-20,436.11231629553157,440.40619159409187,434.40665956154163,440.06903076171875,43653500,13.039999961853027,58.34239286771382,3.0083139671879167,3.632068250026533,-0.6237542828386164,0.17115216234443245,0.030526302109347342,5.976150211400994,14.726233412065495,0.9355446421003554,0.9452511984346977,4.404692967918633
2024-03-21,445.13639587885984,445.59255105668296,441.9531753932683,442.1514892578125,39345700,12.920000076293945,60.047171271423636,3.338752623265407,3.573405124674308,-0.23465250140890115,0.1693750517713139,0.03337428272510192,5.943819503084081,15.130243063129633,0.8565712289058529,0.94528150213318,1.9151157794746965
2024-03-22,441.6358483488356,443.7579853065826,440.78300489367444,442.6572570800781,28253900,13.0600004196167,60.47028471626983,3.5999409963471294,3.578712299008872,0.021228697338257163,0.16936211935492598,0.03552649646103754,5.731759568071515,15.122379996358296,0.6229644826966559,0.9433500133563433,2.3330464291005493
2024-03-25,439.85085067024545,442.5382714859671,438.849294490246,441.05078125,27789200,13.1899995803833,58.35628646602211,3.6353988748938377,3.5900496141858658,0.04534926070797196,0.16783343817488708,0.03589030681299565,5.594345498197273,14.559433549517603,0.6162880824993763,0.9435306201106038,2.015382969069446
2024-03-26,442.5779000097676,443.500166922462,439.3946794942053,439.6227722167969,34142000,13.239999771118164,56.46657499859935,3.5078349665493533,3.5736066846585635,-0.06577171810921012,0.16768427612261927,0.03573411652347099,5.4879984932015144,14.052629187495782,0.7568158759763606,0.9437095076681511,1.441090645522669
2024-03-27,442.7167361983034,442.81590826063257,438.24433947591956,441.1201477050781,41359200,12.779999732971191,58.00231484506838,3.487365163161769,3.5563583803592045,-0.06899321719743545,0.1605240029966476,0.03450622392384289,5.4225392283094775,14.30482061440515,0.9083204509362405,0.9386890388615626,2.3314766408097487
2024-03-28,441.070574211559,441.9234176268969,439.94999346626497,440.3070068359375,36839600,13.010000228881836,56.829873146351545,3.3667195764946314,3.51843061958629,-0.15171104309165884,0.15815994488485194,0.03452442159480367,5.176173866332507,13.96831572004734,0.8141180744793532,0.941992980105917,1.2749585946430386
2024-04-01,441.25901908568176,443.79766665398495,439.32526968388123,441.23919677734375,38729000,13.649999618530273,57.88098147749441,3.3081922366653203,3.476382943002096,-0.1681907063367758,0.1580819310268024,0.03449326058392567,5.125904088030451,14.086462447697453,0.8607452472767366,0.9379021780097987,-0.016070977847082446
2024-04-02,436.4098045902398,437.74855190392645,434.3769132990223,437.43121337890625,44259700,14.609999656677246,52.28103766417094,2.920866531377669,3.365279660677211,-0.4444131292995417,0.15784750024153824,0.034213593089476003,5.24993118733695,12.989410244444214,0.9729239111630477,0.9386048780259221,-0.5240036418270422
2024-04-03,435.2990758292009,440.29705082574515,435.2891798078394,438.41290283203125,39949800,14.329999923706055,53.52925771488076,2.662431402055404,3.22471000895285,-0.5622786068974461,0.1558328796665454,0.03209267933012078,5.232641175234721,13.135327650007378,0.8958747285031876,0.938429368513823,1.5215030982405509
2024-04-04,442.60765528118344,443.22250998661207,431.48122734232624,431.7093200683594,57267700,16.350000381469727,44.89348810515729,1.8948538990507018,2.9587387869724204,-1.0638848879217186,0.16241835260261078,0.033770722503283085,5.6975441373098,11.305941617279348,1.2685358034631953,0.9378506379874502,-0.655063801618716
2024-04-05,433.13731100057555,439.47403376675936,432.3241424296577,436.7965393066406,54744600,16.030000686645508,51.312725695968766,1.6776997957725825,2.702530988732453,-1.0248311929598706,0.14250616248662598,0.033023910609067286,5.845199105959098,12.508960733352009,1.1990769153939866,0.9409117978730016,-0.9872189837363377
2024-04-08,437.7286572418918,438.8095630424515,435.5370970504107,436.9254150390625,28144900,15.1899995803833,51.466964397211456,1.4987264137874377,2.46177007374345,-0.9630436599560124,0.1421809966537712,0.03256196871757317,5.661432454964934,12.426413675613643,0.6476335290123939,0.9406001493008569,0.49258815526898037
2024-04-09,439.2657320756614,439.5433956821738,433.791779434532,438.5418395996094,39443600,14.979999542236328,53.458496380192564,1.470371148813797,2.2634902887575192,-0.7931191399437223,0.1424758843092302,0.031241611665982914,5.667874154441855,12.730168748491577,0.9143745735268908,0.940936923819302,1.240247970688091
2024-04-10,433.3554807446242,435.57678977181143,432.6414842340189,434.71405029296875,61502200,15.800000190734863,48.394186301343,1.1260484050846458,2.0360019120229444,-0.9099535069382987,0.144826415208112,0.031677309767693416,5.684479955238186,11.63559216574633,1.4155582934823814,0.9397360057608172,-1.061693197073288
2024-04-11,436.58827122716644,442.60762484007125,434.3074349129006,441.6556396484375,45474600,14.90999984741211,56.45121905309341,1.397192433025566,1.9082400162234687,-0.5110475831979027,0.150863620744696,0.03245226648946964,5.8713163818047915,13.288993011358894,1.0376499685507719,0.9404664026555172,1.2967396444353074
2024-04-12,437.4212525251469,438.55172924126435,433.23644591876376,434.6148376464844,53665000,17.309999465942383,48.226676869307454,1.032045372902985,1.7330010875593722,-0.7009557146563872,0.1565863645330841,0.03256867508217197,6.053307620938287,11.374793683055492,1.2224904064743585,0.9427700216687889,-0.06616429797217105
2024-04-15,438.3732573371675,438.4625031137757,426.62207920806094,427.4649963378906,63453600,19.229999542236328,41.598750855531264,0.1638425818318865,1.4191693864138752,-1.2553268045819888,0.1569488547024692,0.035154511690046394,6.466673069850892,9.44738797984392,1.4614824487528413,0.9448489424133346,-0.5277637522733691
2024-04-16,427.30635557041785,430.1425193560447,426.11638153993636,427.50469970703125,47619000,18.399999618530273,41.64670998637697,-0.5150732117178336,1.0323208667875334,-1.547394078505367,0.15678985298536835,0.04005619234355558,6.292349123154997,9.361466270204746,1.0964024374168888,0.942119992798876,-1.4583571185029398
2024-04-17,429.4880058877849,429.5078281955674,421.3563807632828,422.2885437011719,56880500,18.209999084472656,37.31159272391582,-1.4572211277957763,0.5344124678708715,-1.9916335956666478,0.15217308246683234,0.050119785517180666,6.425141859521398,7.947184531071241,1.2890512174662185,0.9423190091450518,-2.9026168937666963
2024-04-18,422.9330838090479,424.66848889149566,419.3036044050467,419.8787841796875,46549400,18.0,35.474447020044835,-2.3709962246954888,-0.04666927064240056,-2.324326954053088,0.15135651429100172,0.06001000663637632,6.349409190016223,7.256323123521893,1.0514729168257262,0.9420835309539458,-4.587972606725765
2024-04-19,418.6987694838107,419.2243481775673,409.6250847361291,411.19189453125,75231000,18.709999084472656,29.78167032883539,-3.7528682386696346,-0.7879090642478475,-2.964959174421787,0.1535176794049863,0.07630570269181522,6.628287065269235,4.975701128112743,1.6331514704517591,0.9417021305153306,-7.002033348011727
2024-04-22,413.82970138532335,417.6674213850305,410.48781146853577,415.3271179199219,47807700,16.940000534057617,35.11924272218998,-4.462888398229097,-1.5229049310440974,-2.939983467185,0.15309979809987076,0.08323665852196757,6.667667268928198,5.959919573541883,1.0162636579620414,0.9446376023163229,-6.174108460445316
2024-04-23,417.26077660841884,422.7248330144235,415.37662861902277,421.5249328613281,44384700,15.6899995803833,42.20967529060291,-4.473900284059766,-2.1131040016472316,-2.360796282412535,0.16010477463314687,0.0845354339716592,6.719813542183442,7.458535412088565,0.9271461065553652,0.9471878726916746,-4.427120236207916
2024-04-24,424.6288804555555,426.146119246378,420.66223992916287,422.9529724121094,48440300,15.970000267028809,43.73540749515041,-4.317625526354163,-2.554008306588618,-1.7636172197655453,0.15410892445737492,0.08487575831966788,6.631532526114279,7.738037332225588,0.9969744154362955,0.9446415269147699,-3.7918417466479393
2024-04-25,415.7435550161751,421.77286514490976,414.6527531576191,420.9101257324219,57392200,15.369999885559082,42.0260913321964,-4.3089464567153755,-2.90499593661397,-1.4039505201014055,0.15328831751051275,0.08462158818487274,6.750724435283994,7.138881410206567,1.1620452386571045,0.9463893799041038,-4.581523214887973
2024-04-26,424.05367120624175,428.942548052639,423.35952732013,427.4054870605469,41874900,15.029999732971191,48.86879142310349,-3.734893330889065,-3.070975415468989,-0.6639179154200763,0.16053072464205326,0.08198999410415606,6.842274284207788,8.709694962161842,0.843559481006722,0.9444927942519641,-2.930119115773655
2024-04-29,429.5177353307269,430.14248602327274,426.39401213106163,429.1408996582031,30022200,14.670000076293945,50.54821785780699,-3.1041362492362055,-3.0776075822224325,-0.02652866701377299,0.1573491857997812,0.07811898786708435,6.62128854192231,9.07461133927938,0.6101405984467552,0.9457702664271394,-2.741890840048289
2024-04-30,427.5542688952502,428.95251334248894,420.9696612164031,421.0489807128906,43665900,15.649999618530273,43.391511945856585,-3.2200877820488927,-3.1061036221877245,-0.11398415986116817,0.16378413778192877,0.07750604824370318,6.731999249056433,6.953839671121948,0.887957037308475,0.9466924468376203,-3.7450991527267163
2024-05-01,419.62092726026583,426.5526513103922,417.15170351906676,418.0045166015625,52251700,15.390000343322754,41.03737914888761,-3.5171000769562397,-3.1883029131414276,-0.32879716381481217,0.16443418565313853,0.0768587016932757,6.922638430647077,6.1257854833200795,1.0494251094856206,0.9480803181291534,-4.6550605829883125
2024-05-02,421.75299854433047,424.24207490316456,417.1219631527472,423.33966064453125,36559000,14.680000305175781,46.51369793577771,-3.2841255686615796,-3.207467444245458,-0.07665812441612152,0.16508276189799048,0.0765727719673137,6.936743667773527,7.421896117725808,0.7498459143458103,0.951559223367353,-1.9387256736784875
2024-05-03,430.81677912492376,432.8397740281822,429.01195063538,431.8481140136719,48515300,13.489999771118164,53.87182629157315,-2.3854327299390548,-3.0430605013841774,0.6576277714451226,0.17558554754467123,0.07434191113720848,7.119841504621915,9.509446222365998,1.0014741798681093,0.9525597982667444,-1.1328902240900884
2024-05-06,433.6529596726167,436.66761492012506,432.87946598721726,436.578369140625,30227200,13.489999771118164,57.38205875608918,-1.276801946112414,-2.689808790329825,1.4130068442174109,0.17876653347324403,0.07412995820781337,6.955531461895577,10.617890560267528,0.6226250308972563,0.9530928923062308,-0.07942909395793896
2024-05-07,437.02463232314915,438.2840297962167,435.9139475542184,436.6477966308594,30996100,13.229999542236328,57.433258949759825,-0.3881277493507582,-2.2294725821340116,1.8413448327832533,0.17850878641632079,0.07285888222477581,6.6279993747600585,10.54289103477713,0.6440664406955754,0.9529386356960643,-0.4318956135358154
2024-05-08,434.0199016435761,437.79812431113413,433.900877007212,436.38995361328125,24896700,13.0,57.15861538350538,0.2919813976996011,-1.7251817861672891,2.01716318386689,0.17829151138963314,0.07378128518862032,6.4329456554144935,10.386419849407586,0.5377797122173177,0.953390419452332,0.385518553905273
2024-05-09,436.6577015367736,437.91712929852883,434.8033018941045,437.3419494628906,24580100,12.6899995803833,57.95799623252738,0.8974457100559903,-1.2006562869226332,2.0981019969786234,0.17811242776699143,0.07030464782319794,6.195865780343768,10.538171334950395,0.5431991270838801,0.9506762307002686,-0.9767089556425912
2024-05-10,438.84929879050276,440.6045263914394,436.8263035761057,438.373291015625,27116600,12.550000190734863,58.85371770723316,1.4438572956239568,-0.6717535704133153,2.1156108660372723,0.17819710311119202,0.07266546774502522,6.02317699712876,10.706538009216246,0.6173638740615581,0.9497696431606942,0.8647779697290803
2024-05-13,440.2871494121526,440.3863214728053,437.9666684555867,439.3847351074219,22994200,13.600000381469727,59.75920055721225,1.9361883253077394,-0.15016519126910433,2.086353516576844,0.17821837791564019,0.07735950719340542,5.765782427135177,10.866947132371124,0.5487845115904482,0.9518520721656645,2.7884713068083045
2024-05-14,438.958324196547,442.7464729293576,438.7699063620887,442.2109680175781,34478300,13.420000076293945,62.25850670871307,2.525307417462102,0.38492933047713696,2.140378086984965,0.17728274849437414,0.0833466460285187,5.637981294287584,11.4901413513651,0.8359753850331691,0.9516216514324455,3.44002494490121
2024-05-15,444.6900813753036,449.3707177314974,443.17284280343677,449.122802734375,41464700,12.449999809265137,67.56425679625002,3.5094609580401652,1.0098356559897428,2.4996253020504224,0.18264193272547616,0.09295565654705443,5.746679038546991,13.131995298490528,1.0245176899522415,0.9526992559227883,6.354484258088733
2024-05-16,448.9344332726971,450.8979311561078,448.04194523953385,448.2105407714844,34780400,12.420000076293945,66.24063740986385,4.1677545331566535,1.641419431423125,2.5263351017335287,0.1763834559572207,0.09829655801928036,5.54020095840606,12.80187629339592,0.872039787423315,0.9542560094233064,6.747603751198894
2024-05-17,448.33948850792126,448.9444169802255,445.7909447369393,447.992431640625,35803700,11.989999771118164,65.90818884974574,4.61861681053648,2.236858907245796,2.381757903290684,0.1736158614959972,0.09514153713004858,5.369720335897499,12.635462020807703,0.9443748179200079,0.9476129414972313,8.949723377044382
2024-05-20,448.21053210724057,451.78048417088377,448.0221142717293,451.1160888671875,24474200,12.149999618530273,68.35750517974981,5.168403310197675,2.823167787836172,2.345235522361503,0.17448953429363667,0.09497214685020754,5.256744064066162,13.303455340595674,0.6660385697242034,0.9459018824419487,8.61705614757522
2024-05-21,449.2617262879572,452.1871055951363,449.06338215120394,451.9986877441406,23167700,11.859999656677246,69.03445765117263,5.610655283760991,3.3806652870211362,2.229989996739855,0.17433906777597613,0.09734838894456195,5.104385448342319,13.404068115811954,0.6492266934042724,0.9478981683428389,7.229407445949976
2024-05-22,452.25651092198274,453.0101822957235,449.3013528761101,451.909423828125,25120000,12.289999961853027,68.8739706618126,5.886089135460168,3.8817500567089427,2.004339078751225,0.17191057114712197,0.0985228526582305,5.004702874861681,13.265428052893046,0.727714011869676,0.946373643557378,6.8462579304919835
2024-05-23,456.70904825057306,456.7387968431352,448.0816235138392,449.87652587890625,40899200,12.770000457763672,65.15886031390608,5.872638451976798,4.279927735762514,1.5927107162142837,0.16695054512123375,0.09535729208019232,5.265593621606991,12.638852823221077,1.2138276369622791,0.9444227022121169,6.881849206188662
2024-05-24,451.4929482496402,455.400091575861,449.7872916185841,454.1307678222656,29669500,11.930000305175781,68.9352418389972,6.134545240148327,4.650851236639677,1.48369400350865,0.1611186840359601,0.09702791818642631,5.29039407415484,13.574328741894085,0.8967893523587666,0.9459424668972076,6.252910075048423
2024-05-28,455.350483420067,455.90581066229674,452.8812594229002,455.8463134765625,26216800,12.920000076293945,70.33173999415402,6.406686163529855,5.002018222017712,1.4046679415121428,0.1519221677511107,0.09908140970509441,5.1285481573863905,13.872003597542395,0.7970118440019134,0.9438511577679644,6.222994321825159
2024-05-29,451.6813460915583,454.41830734534204,451.54249915348555,452.6333312988281,29739200,14.279999732971191,64.48490085303034,6.290585047573245,5.259731587128819,1.0308534604444262,0.15417172974298776,0.09194147134285646,5.069638597792859,12.940507669865974,0.9236484910488475,0.944089856466698,7.5013483069027
2024-05-30,451.70118826281276,451.8400352069915,446.45529771251273,447.78411865234375,30536800,14.470000267028809,56.80891953526757,5.741103277829836,5.356005925269022,0.38509735256081434,0.15304088091986642,0.07655632625201915,5.148809668401611,11.615711382072682,0.9815187396030154,0.9436282598748856,7.124229731509546
2024-05-31,448.0122249896627,448.70639920551855,439.36494720101433,446.9511413574219,55941300,12.920000076293945,55.584924901438434,5.178723608175801,5.320549461850378,-0.14182585367457712,0.15175829753348846,0.06328103461285776,5.448284120980369,11.289486508399898,1.743757188856921,0.925791921329915,5.577431766478558
2024-06-03,450.7789451331645,451.7805012690849,444.16455885925086,449.3509521484375,32997500,13.109999656677246,58.36796309094756,4.870533860485978,5.230546341577498,-0.3600124810915206,0.13564912984709845,0.05712805587823514,5.603116855898486,11.759398794594958,1.0540645091632297,0.9216375719482228,4.053007890225846
2024-06-04,449.09310676679996,451.78049717683933,447.36762786882804,450.5805969238281,23767400,13.15999984741211,59.75932891064544,4.671661318190559,5.118769336900111,-0.4471080187095522,0.13398793397185443,0.054046296024255334,5.518099173906544,11.930395619953906,0.7671352610320438,0.9227562074625241,3.2072655845880593
2024-06-05,454.16048336446056,459.7435040590487,450.620249701227,459.6641845703125,33817400,12.630000114440918,68.21115949695913,5.1872278700354855,5.132461043527186,0.05476682650829989,0.13889101754994437,0.055065615175649396,5.778442599714688,14.036185481465921,1.0865696636435622,0.9258064187921682,5.271156322566095
2024-06-06,460.348471370776,460.6658098786907,458.33540249723217,459.50555419921875,21966800,12.579999923706055,67.94278421066853,5.519393795638166,5.209847593949382,0.309546201688784,0.1392047251859092,0.05378825302826157,5.532154369839248,13.854834232276877,0.7091419681766133,0.9232123289816961,5.297005669938493
2024-06-07,459.1386433849938,461.85578247592053,457.9883139946212,459.0989685058594,25829700,12.220000267028809,67.21283982912104,5.684304493484717,5.30473897385645,0.379565519628267,0.13778711702328955,0.05116430823426094,5.4132482349435405,13.612423506659274,0.8321673297556917,0.9255768500899108,4.974830123131113
2024-06-10,457.9684927008283,461.310382527494,457.6809027868318,460.953369140625,20660800,12.739999771118164,68.85627703798143,5.896659028263343,5.423122984737828,0.4735360435255149,0.13266998139234118,0.04892894253035505,5.285836199637734,13.934789671465229,0.6726335350504683,0.9255388676962103,5.150879076753601
2024-06-11,459.6741724930278,464.2358154151436,458.17675592342266,464.1167907714844,22053300,12.850000381469727,71.48231930156237,6.248187992978842,5.588135986386031,0.660052006592811,0.13319377086379305,0.048230741081591276,5.341066434786533,14.564071657053413,0.7190691257868023,0.9232186563218475,5.628792647522429
2024-06-12,468.05365866456214,472.526055569347,467.35951472607724,470.1956481933594,34532600,12.039999961853027,75.71917924168417,6.937321101632278,5.85797300943528,1.079348092196998,0.11989496003819053,0.0541395040211331,5.560223460720541,15.90564214752457,1.1258690758168295,0.9239844960710091,6.328355061213409
2024-06-13,473.73586175507495,474.4002873344188,470.46339554706907,472.74420166015625,25859000,11.9399995803833,77.2455259105012,7.601485823978351,6.2066755723438956,1.3948102516344552,0.11538113072500718,0.0637433052329389,5.463396009316177,16.374716206662658,0.8650906531971371,0.9259016335446845,5.259452154726518
2024-06-14,472.5458577452709,475.2630269854355,472.07977628993007,475.193603515625,23372600,12.65999984741211,78.63558061370534,8.230610061307061,6.611462470136529,1.619147591170532,0.11251154085462192,0.0723827118931815,5.300528486901123,16.82596481051114,0.7971208618997639,0.9226605794418292,6.020175852557119
2024-06-17,475.46134579310905,482.7996245224885,474.15237745354773,481.0146484375,37054500,12.75,81.52422077400051,9.094074399861654,7.107984856081555,1.986089543780099,0.10471141057416648,0.08358862781272192,5.539579814189669,18.098435888877752,1.2610513645011718,0.9240099653525459,7.371155060799128
2024-06-18,480.96507725010366,481.84763900683316,479.3982373367575,481.16339111328125,24438600,12.300000190734863,81.59270831398396,9.67880713611504,7.622149312088252,2.0566578240267877,0.1027611655752151,0.09256905608097867,5.31885280389581,17.978100143030566,0.8317531443958868,0.9239396189794289,6.6606585283948805
2024-06-20,482.3633194469185,482.77979974185206,475.6200126050373,477.45458984375,33918700,13.279999732971191,74.2063166167635,9.7307724876203,8.043873947194662,1.6868985404256378,0.10725961189769409,0.0967280173161876,5.450348113390022,16.918237434631276,1.1336621146316033,0.9226590612644626,5.631853098214967
2024-06-21,477.1769098377103,478.5156569801472,474.67793736474135,476.1753234863281,37456800,13.199999809265137,71.79213491963783,9.558544350029592,8.346808027761648,1.211736322267944,0.10803602532437935,0.09873378588309542,5.335160363534008,16.457768623752347,1.2266268890349803,0.9225622806398945,5.369637891736501
2024-06-24,474.94573089678033,476.6838944372882,470.61523513950357,470.7542724609375,37751000,13.329999923706055,62.51115559684414,8.882229979806027,8.453892418170524,0.4283375616355034,0.11573814871125905,0.09657394061850084,5.38755314455191,14.989785733513461,1.242667018664035,0.9252079822023352,4.640772607826826
2024-06-25,472.8500244668389,476.435593050345,471.906437833723,476.13763427734375,29014700,12.84000015258789,67.0645502491169,8.680574022907535,8.499228739117926,0.181345283789609,0.11860793442233528,0.09745596966852182,5.4085365334701665,16.1499586603467,0.9561206441317757,0.9231831363996241,4.845931615822829
2024-06-26,475.313213326344,477.66720878943363,474.8960710597875,477.12091064453125,22737100,12.550000190734863,67.83306055507384,8.502095544396298,8.4998021001736,0.002293444222697616,0.1186184899763784,0.09850629150729456,5.220150904625592,16.234442446250263,0.7535755489556809,0.9248415173751452,4.667054781186164
2024-06-27,476.87259619260544,479.83245120840394,476.05813517124824,478.3525085449219,26222100,12.239999771118164,68.81461683091268,8.363619126854246,8.47256550550973,-0.1089463786554834,0.11811135459315865,0.09767584584693126,5.116876985520599,16.383502744263666,0.8741738809961918,0.9233925570022408,5.682121811995766
2024-06-28,479.14711316443487,483.90472338998865,475.22381776924044,475.8694152832031,34881600,12.4399995803833,64.53865197026201,7.961732794490729,8.37039896330593,-0.408666168815202,0.1135537161022707,0.09130673244475399,5.371450459465428,15.627255675222907,1.1544970944448167,0.9240616495218241,6.272061795176032
2024-07-01,476.79314189292444,479.22655253891475,473.0387100492218,478.6604309082031,24898300,12.220000267028809,67.01931100882723,7.7787777087986,8.252074712404465,-0.4732970036058646,0.11345130053595573,0.08292403468899869,5.429764175910252,16.15086086726725,0.868701159481221,0.919045188305872,7.094576256026097
2024-07-02,477.1606184714592,483.74577949274527,477.03149291242784,483.6861877441406,26723600,12.029999732971191,70.95888298080196,7.9477048655100475,8.19120074302558,-0.24349587751553337,0.11562293764687244,0.07633124628207565,5.521515776225051,17.211784001446752,0.9427035508538043,0.9190716515729132,7.6410732928325675
2024-07-03,482.93134386964243,487.847875565811,482.93134386964243,487.71875,18064900,12.09000015258789,73.67598381737378,8.311168944705798,8.215194383361625,0.09597456134417293,0.11613947655477129,0.07022601801643807,5.478302627649589,18.014629072970354,0.6437333820813068,0.9193846171923185,8.242288578274092
2024-07-05,488.56302999187216,493.2411645910741,488.2650409079535,492.80413818359375,28495900,12.479999542236328,76.64371110459959,8.906892064764463,8.353533919642194,0.5533581451222691,0.11828762408243963,0.07346602339426563,5.481453482179911,19.06272232122654,1.0251566466870266,0.920257139177217,7.20960099257244
2024-07-08,493.1715858120785,494.53231460220036,492.14855370401017,493.9761047363281,22109400,12.369999885559082,77.2794324695844,9.365613868848925,8.555949909483541,0.809663959365384,0.11793429302940853,0.07474768861479449,5.260189726180646,19.16075924730037,0.7951946067726092,0.9203394954006453,7.501661344916988
2024-07-09,495.49579476662996,496.6181566504467,492.88357841286194,494.4032287597656,25614500,12.510000228881836,77.51958696469019,9.652353222991621,8.775230572185157,0.8771226508064647,0.11598014998836437,0.07314945744980365,5.151217476995224,19.070931553140223,0.9216169539092577,0.9203858264056964,7.689901889521589
2024-07-10,496.33011791423746,500.1143459061642,495.0190689952908,499.5581359863281,28046900,12.850000381469727,80.23491206221871,10.17822590629936,9.055829639007998,1.1223962672913625,0.11646961503040923,0.07442926091570459,5.191210310524035,20.101212451384402,0.9959021465039882,0.9152609283843705,8.374983117636315
2024-07-11,499.66742022609924,499.87599137345603,487.4108872466256,488.6027526855469,49966600,12.920000076293945,62.85809687507332,9.600309529839478,9.164725617174295,0.4355839126651837,0.13734108054969374,0.06879876303487802,5.7107741545459225,17.27700314720194,1.690461151425487,0.9080048908077435,5.275819018174355
2024-07-12,489.17883208075864,496.24072780150505,488.7120097956045,491.47320556640625,37109400,12.460000038146973,64.99713220354218,9.26710280339563,9.185201054418563,0.08190174897706726,0.13473733436958005,0.06727425067826866,5.848431366075369,17.773432728459994,1.2500298954316749,0.9081756516507689,4.525256125785515
2024-07-15,493.2510085771414,497.6212720515336,490.74806429639557,492.79412841796875,31151400,13.119999885559082,65.96841934702599,9.00580815626779,9.14932247478841,-0.14351431852061936,0.12852791519275483,0.06675041546245353,5.921629679579844,17.88814481270687,1.0400638633948363,0.9052781907291731,4.241178778587296
2024-07-16,494.2542208338356,495.06868183839055,489.8144535573124,492.9828796386719,25950600,13.1899995803833,66.11312069847392,8.713516912947114,9.06216136242015,-0.34864444947303674,0.12791898505606225,0.06662591767580266,5.8739581511154375,17.732972373542477,0.8627099503230184,0.8977263666107199,3.743584928634669
2024-07-17,484.9773912116153,485.49386314562804,478.44191007373803,478.51141357421875,56268800,14.479999542236328,48.93377462650859,7.230795518731611,8.695888193682443,-1.4650926749508315,0.15888843992998197,0.06724352430403298,6.49303039495961,14.106821160220646,1.8127224776098871,0.90522300612411,-0.5204071999496462
2024-07-18,482.2460432411684,482.4248185092798,473.0486649513109,476.24688720703125,49347400,15.930000305175781,46.88089085514155,5.806071006579373,8.117924756261829,-2.311853749682456,0.16011741333482563,0.06865566411503576,6.698967763745989,13.401418956213806,1.5284228060131042,0.9017287696328242,-1.0217950902030482
2024-07-19,475.9091617750745,478.4319904360646,470.73440919691376,472.0256042480469,42042900,16.520000457763672,43.23933932586472,4.286927280882026,7.3517252611858686,-3.064797980303843,0.1533035103438918,0.07115799595825174,6.770297297703479,12.242387642695574,1.286002882295265,0.9010268575201879,-1.1370684691668353
2024-07-22,477.90555106885074,480.08074085111986,474.4788739293407,479.0577087402344,40300000,14.90999984741211,50.18167010364766,3.608826688548561,6.603145546658407,-2.994318858109846,0.15847952548613004,0.07025301650339835,6.8620715338013,13.740841533109965,1.2273542855602682,0.9061273322140464,0.6053201650187967
2024-07-23,478.15389735258054,481.1534601075388,476.892498146368,477.3692321777344,23282500,14.720000267028809,48.64325033513352,2.9017317785887826,5.862862793044482,-2.9611310144556997,0.15899962402078488,0.06686768757925753,6.6762779928991245,13.176056587267876,0.7250533532763879,0.9056942047973454,1.4051831504823475
2024-07-24,470.6152079828444,470.98270054613056,459.3817084027371,460.2458190917969,58818600,18.040000915527344,36.44184030340503,0.9487015969376671,4.8800305538231195,-3.9313289568854524,0.19182100384572254,0.07875070695612285,7.484224120191849,8.97956642821507,1.7504689133338045,0.9238790874838253,-3.337651561541999
2024-07-25,460.5835294952639,464.7749878140538,452.54825161831076,455.1703796386719,59256800,18.459999084472656,33.7403407480209,-0.9971400299264701,3.7045964370732016,-4.701736466999671,0.1932778942118974,0.09368275352742395,7.82297498273122,7.656819368764527,1.6726163576939004,0.9247327120943484,-4.600622298487589
2024-07-26,459.5207496514002,462.7785633719282,456.6602243726604,459.8385925292969,39992100,16.389999389648438,38.272887060508616,-2.1379033528051536,2.536096479097531,-4.673999831902685,0.19169993411868946,0.10227556457886153,7.807632750625872,8.63538873397181,1.1073202512673708,0.9197008577178951,-3.8703499375265404
2024-07-29,462.56008444051145,464.74521649893046,458.497751473368,460.7623291015625,28218500,16.600000381469727,39.159769530871294,-2.9336118324546305,1.4421548167870988,-4.375766649241729,0.19101176738351983,0.10880017988653792,7.696192198835628,8.72948849930166,0.7886017239213474,0.9187698891538717,-3.174628521282452
2024-07-30,462.6991274170474,463.4043166892039,451.0782508086242,454.4353942871094,41317200,17.690000534057617,35.40733400611943,-4.028311431823624,0.34806156706495406,-4.376372998888579,0.19372449359218324,0.11914752805325074,8.026897461817345,7.12559631823292,1.1287649676673797,0.9171016877900663,-5.061006729787443
2024-07-31,464.70545137397374,469.5921871864052,463.2553348988527,467.8838195800781,44552100,16.360000610351562,47.02692965763024,-3.767266519846544,-0.4750040503173455,-3.292262469529198,0.21017826570551842,0.1209064126323464,8.536175707351523,10.162818022921993,1.1882041294481378,0.9200848628619922,-3.2670703783713617
2024-08-01,468.5691599962209,472.33350369622815,452.89589261514305,456.5509948730469,56653900,18.59000015258789,40.427111920424394,-4.423855337293162,-1.2647743077125089,-3.159081029580653,0.2207736731795746,0.1264959882305349,9.314849662618206,7.373536741309927,1.437012639894584,0.9269879196123809,-6.3905181268821725
2024-08-02,447.8403535763616,450.5022197266683,441.46376285571034,445.7148132324219,66323200,23.389999389648438,35.32253277143384,-5.752287215886213,-2.1622768893472495,-3.5900103265389633,0.2293136285816237,0.13576256588187158,9.727162687955229,4.725546295652266,1.605261285299159,0.9314492894460864,-9.555383427731845
2024-08-05,421.837360360957,439.2984706561797,420.58590329425436,432.4252624511719,87483500,38.56999969482422,30.273894784447734,-7.787663397152755,-3.287354190908351,-4.500309206244404,0.2429031651168845,0.1521813194550013,10.82728749154182,1.5210892630604231,1.9621801982265499,0.9301243993117941,-12.460287389409352
2024-08-06,434.2727280075505,444.0461697793086,431.6207736907292,436.5571594238281,63164400,27.709999084472656,33.45838275180162,-8.963973029703482,-4.422677958667378,-4.541295071036104,0.24426994016724854,0.15968195686442146,10.941438105615934,2.3978654259714625,1.3594752222983173,0.9322035731274676,-11.700180332771525
2024-08-07,443.47004529341746,445.96307799021844,431.4320267462296,431.8293151855469,54929200,27.850000381469727,31.675720505574347,-10.160579569602419,-5.570258280854386,-4.590321288748033,0.24182656558774673,0.1631943920753094,11.197839044071142,1.1984391747951824,1.1489912816166772,0.932982101662444,-13.557745519859743
2024-08-08,438.07683203997925,445.953189199404,434.1932741860752,445.0394287109375,47890100,23.790000915527344,41.11608705075982,-9.928503505451033,-6.441907325773716,-3.486596179677317,0.26056611979397576,0.1615817362540531,11.406841541912996,4.178549985010265,1.0039299719952548,0.9397768274570588,-8.915898188286652
2024-08-09,443.7183956975271,449.0024203351312,442.5960337762922,447.36358642578125,33574000,20.3700008392334,42.61829809485966,-9.448129295539161,-7.043151719726806,-2.404977575812355,0.2610979595749925,0.15484696063227033,11.04966618597914,4.605056093911073,0.7064364537538089,0.9396833003416927,-8.97497943754434
2024-08-12,448.3369379119588,451.2967626201712,445.51612020964365,448.3269958496094,27795000,20.709999084472656,43.26442779723237,-8.887243572533123,-7.4119700902880705,-1.4752734822450524,0.2612097789471222,0.14370980814654988,10.673307344875454,4.715786470172579,0.5869119583496276,0.9380610341504367,-9.023470452278627
2024-08-13,452.7369761543098,459.71942610948145,452.59790852337574,459.45123291015625,40084500,18.1200008392334,50.23283063794516,-7.459120536031435,-7.421400179436744,-0.03772035659469086,0.2716396592794061,0.1270810680386241,10.724673267375213,7.172186285092634,0.8339690211544909,0.9415794947029303,-6.8017872655319
2024-08-14,460.3749122181609,461.9640658597395,455.29945956854374,459.6001892089844,34733700,16.190000534057617,50.32081906574208,-6.243333944722906,-7.185786932493977,0.9424529877710714,0.2694158727589941,0.12012814103926221,10.434668483362396,7.0569570786566365,0.73920394109302,0.9410774274070459,-3.9520947314459764
2024-08-15,465.5894605111915,471.6084701008011,465.21202586511583,471.211181640625,38280600,15.229999542236328,56.741089834882146,-4.293412473285116,-6.6073120406522055,2.3138995673670895,0.27911155783572233,0.11733035929531836,10.547069369680566,9.595506718288867,0.8243974756776407,0.9456894078765599,-1.0573729092358652
2024-08-16,469.42331359169515,473.1876874820908,468.4598732127125,471.8170166015625,38383600,14.800000190734863,57.052965701306434,-2.6684397284281545,-5.819537578207395,3.151097849779241,0.2771105430721614,0.11722437104060945,10.131408291087544,9.574764157515956,0.829885620358614,0.9456338810226883,-0.04418990084588126
2024-08-19,471.95611425601714,478.0545694827898,470.16827069807226,478.01483154296875,23737700,14.649999618530273,60.2131654887109,-0.8704907765513212,-4.8297282178761805,3.959237441324859,0.28009008548190945,0.11646410523876206,9.97104332634683,10.845008192682375,0.5225856361764688,0.9472271359651455,-0.21769343823065945
2024-08-20,477.1010453412389,479.6735236269398,475.3132018798396,477.01165771484375,29209300,15.880000114440918,59.4506299428356,0.4680535473370355,-3.7701718648335376,4.238225412170573,0.28005553777836606,0.11621772476266527,9.570277499257786,10.453093615066491,0.6388749756670509,0.9489254859053508,-0.07490521776181147
2024-08-21,477.7963064815791,481.0938582480417,476.07802709434475,479.23651123046875,25658800,16.270000457763672,60.641108041264175,1.6889178587827587,-2.6783539201102786,4.367271778893038,0.278498626344869,0.12404349476560067,9.2449599031463,10.814038702493969,0.582335173395797,0.9486609685524724,4.12620633385572
2024-08-22,481.56069633698496,482.2559738891847,470.60530088101154,471.6382751464844,37739600,17.549999237060547,54.73135242023601,2.020061459526005,-1.7386708441830219,3.758732303709027,0.275111540811962,0.12687061682682838,9.416796553505362,8.920597178879392,0.8779499395734197,0.9496012237993199,3.617962908940875
2024-08-23,475.9985182214683,479.4748450049665,472.0653112621221,476.7533874511719,36061500,15.859999656677246,57.718648881817394,2.664526954960536,-0.8580312843543104,3.5225582393148462,0.2765691962501433,0.13168707343806924,9.303923218146556,9.959644635050871,0.8427647704391169,0.9497984549548858,3.6784200362211417
2024-08-26,476.2071559175767,477.1308584014276,470.03913667367,472.12493896484375,27452600,16.149999618530273,54.23129723124144,2.769864122503293,-0.1324522029827897,2.9023163254860824,0.27751698485001314,0.13398555907958118,9.145908825975917,8.761746539500873,0.642147681148318,0.9482295753715314,2.4660457562659444
2024-08-27,470.48609669601757,474.60802120277503,468.5194779462626,473.53533935546875,27510000,15.430000305175781,55.121139588779975,2.93333841173893,0.4807059199615542,2.4526324917773756,0.2777550806910034,0.13603998102471884,8.92752557101424,8.954727377644845,0.6540521693978476,0.957493449674197,4.203005599579712
2024-08-28,473.06848507632054,473.79352811373775,464.72530693701805,468.1618957519531,37372400,17.110000610351562,51.04896515365546,2.59933742881708,0.9044322217326595,1.6949052070844204,0.2665672378913109,0.13609696843412888,8.937575257136059,7.591385445676583,0.896180220172328,0.9588283328578616,0.05943273954729378
2024-08-29,470.07889791906734,474.6974408784733,466.1953401581551,467.47662353515625,41081500,15.649999618530273,50.53621475405507,2.2533680781359067,1.174219393013309,1.0791486851225978,0.2662942755419194,0.13642628919539565,8.90646993307764,7.318372615741082,1.0038667496186766,0.9589577361753606,2.3930795869029797
2024-08-30,471.82698376107646,473.67438874272347,467.3276245028449,473.04864501953125,33466500,15.0,54.53502133101427,2.4011218040978406,1.4195998752302152,0.9815219288676253,0.267420850416376,0.13453397832856664,8.723633812134848,8.47250695092276,0.8519892541895868,0.9586841463835615,6.13258320693415
2024-09-03,469.9994073634833,470.1285026150824,456.3026709381786,458.6864318847656,44985200,20.719999313354492,44.53994726452225,1.343816446974472,1.4044431895790666,-0.06062674260459455,0.27778923185792753,0.12101228940049986,9.296658117078977,5.085157513656345,1.210727560999701,0.9620297975140606,6.072996125326768
2024-09-04,455.56768690303494,461.30859125060357,454.6340423974472,457.4945373535156,32505100,21.31999969482422,43.822144219567114,0.4050492507584522,1.2045644018149437,-0.7995151510564915,0.27773772215890674,0.1093703354305975,9.10936459822736,4.720258428678391,0.9124867411915685,0.9621155784492552,4.796022119376264
2024-09-05,455.86568539060124,462.2124498582173,454.8426531701362,457.92169189453125,34452400,19.899999618530273,44.16940817944428,-0.3009930535549188,0.9034529107409712,-1.20444596429589,0.2576505354139147,0.08951332563437128,8.98510974750263,4.726152052280273,0.9957713735239513,0.960889730388487,6.0422893470706285
2024-09-06,457.21643624021857,458.10043106486665,445.15856375258096,445.6551818847656,50624400,22.3799991607666,37.080754076671724,-1.8292549958495101,0.35691132942287496,-2.186166325272385,0.2673558431292426,0.08898921258805229,9.267735287844276,1.8459283292993278,1.457428757159119,0.963544883903683,0.13835924057596927
2024-09-09,449.9956142244652,452.379375168718,446.77753846528213,451.3861389160156,32981200,19.450000762939453,41.78177298670877,-2.548594646198808,-0.2241898657014616,-2.3244047804973462,0.26837625331241544,0.08616543052966921,9.086053716137714,3.078608884722813,0.9503085653167859,0.9635494998734235,0.89916850908065
2024-09-10,453.1541245672566,456.0643299932791,449.1712675740587,455.5577697753906,29680300,19.079999923706055,45.00292684531831,-2.750356359015882,-0.7294231643643456,-2.020933194651536,0.26977419446436385,0.08160390441644894,8.929411480643623,3.946020936042556,0.8528810810445792,0.9635749690754517,1.6128348265262105
2024-09-11,456.79926899804514,466.1952750579226,448.22763565559103,465.4503479003906,57843000,17.690000534057617,51.81188593059852,-2.0879371512911007,-1.0011259617496966,-1.086811189541404,0.2738986726808508,0.08046609228039328,9.574999189335617,6.106245025349173,1.6207982689965275,0.9634336742113527,1.3057131117564014
2024-09-12,465.4801899049605,470.8337481570052,463.6923766741707,470.019287109375,40067800,17.06999969482422,54.60712774843925,-1.18067980490639,-1.0370367303810353,-0.14364307452535474,0.26164526580637315,0.07940091442799731,9.40116863887125,7.043800616968876,1.1143975018547658,0.9633278470475437,2.2669916473104346
2024-09-13,469.28429769764654,473.3068925861367,469.0558424367427,472.12493896484375,29111800,16.559999465942383,55.877398894121214,-0.28843837633496605,-0.8873170595718215,0.5988786832368554,0.25130577464557174,0.07958425835682054,9.033303032480019,7.416100972816572,0.8201376850249048,0.9634501493934812,0.19391673199207204
2024-09-16,469.9895043603904,470.6549557314034,466.71183657533453,470.0391540527344,22585600,17.139999389648438,54.25768732043317,0.24751082259211898,-0.6603514831390335,0.9078623057311525,0.24063350665502023,0.07928616995132044,8.774717272267818,6.838745465290261,0.6507630379295307,0.9624250885345361,-0.37681187542446537
2024-09-17,473.0684941915781,474.36963123270954,467.784470154112,470.28741455078125,30084400,17.610000610351562,54.42701647872634,0.6843976612242955,-0.3914016542663677,1.075799315490663,0.22118182757382704,0.07670445952086229,8.618320401291369,6.791756028621148,0.8589733742923,0.9623750247397155,-1.616564274218102
2024-09-18,471.4892722143178,475.5913125717107,467.64542236585686,468.2513122558594,39909200,18.229999542236328,52.70382929218084,0.8564644011704559,-0.141828443179003,0.9982928443494589,0.22120982619113677,0.07414040959011652,8.570289673045831,6.2279179839799905,1.1223480971515662,0.9633976596379099,-1.8365055271293396
2024-09-19,479.34574052396084,482.9412812738034,477.24008448658077,480.0906677246094,52782500,16.329999923706055,60.52923138160958,1.9259642558870382,0.2717300966342052,1.654234159252833,0.22707964018353416,0.07469953368510905,9.007409626252844,8.796707715279522,1.4298446289230486,0.9664881392990177,0.17823276693746948
2024-09-20,479.22659061035904,480.41848633940214,475.0649279328208,479.17694091796875,34577700,16.149999618530273,59.708147981445975,2.6690532941707943,0.7511947361415231,1.917858558029271,0.21263250241857878,0.0778834754498917,8.746420253419164,8.469749762443957,0.9407168831960275,0.966462137382859,1.5983999112758607
2024-09-23,480.35756927588244,481.5411838648417,479.014809913627,480.44708251953125,24843000,15.890000343322754,60.510064202828474,3.322150836037167,1.2653859561206522,2.056764879916515,0.2124825850509089,0.07988899747708718,8.302131231833128,8.636940046174118,0.6863497811764504,0.9665262961120384,0.7747601098561097
2024-09-24,481.85937714927957,483.7193340050228,477.592428016842,482.7644958496094,25952600,15.390000343322754,61.99625381184055,3.980842556582161,1.8084772762129542,2.1723652803692066,0.21258915865932937,0.08469296809025192,8.146758000143675,9.034725918059621,0.7184940102428432,0.9664641625822277,2.2535468912303847
2024-09-25,482.1379081226381,485.17155394845867,481.95888164673994,483.2121276855469,26549900,15.40999984741211,62.29146283443327,4.487254363789475,2.3442326937282583,2.143021670061217,0.20186058278014238,0.08898680154530392,7.7943233073990354,9.015766239510075,0.7360083386870865,0.9659944009575183,2.043519781068337
2024-09-26,490.7215880503668,491.04983361052376,483.1922164784065,486.842529296875,32020200,15.369999885559082,64.6872753757811,5.1224836362796395,2.8998828822385345,2.222600754041105,0.2024903842247312,0.09557513779944013,7.798844294878907,9.711749366305773,0.8942887230254029,0.9656864234247684,3.9902080272717244
2024-09-27,487.86701615014687,488.00627920570344,482.9535314389067,484.13714599609375,22851100,16.959999084472656,61.548986812330405,5.345980453851666,3.389102396561161,1.9568780572905053,0.19110438349753342,0.0994945854690208,7.602694542873039,8.987358305238144,0.654877621874095,0.9656801066847716,3.563926327470046
2024-09-30,483.17232696807946,485.78821395881425,480.3276940460128,485.4500427246094,30281100,16.729999542236328,62.49979753788445,5.56489444648804,3.824260806546537,1.7406336399415032,0.19116936213096358,0.10348153225775199,7.449682069296495,9.170328843021228,0.8717892983689812,0.9656856068978115,2.6215903661590767
2024-10-01,485.0820920064155,485.38046949779823,474.8373630650033,478.68658447265625,42735400,19.260000228881836,54.96005717497152,5.133455526642933,4.0860997505658165,1.0473557760771168,0.1923558959610664,0.10181218952493643,7.675610468604324,7.552764379346309,1.2343446430709317,0.9662883308983375,4.360310486122065
2024-10-02,477.78145383001686,481.2825781959854,475.15564090930275,479.3629455566406,23744000,18.899999618530273,55.5377063063613,4.79088739355916,4.227057279164486,0.5638301143946745,0.19227348052668344,0.09894257446781922,7.564990955609921,7.606967994109058,0.6945964004086137,0.9661626475757801,4.780037009759264
2024-10-03,477.1647769048644,481.9489547067567,476.4188028564975,479.0048522949219,25337200,20.489999771118164,55.13453258988373,4.439330705523787,4.2695119644363455,0.16981874108744144,0.1918294344097572,0.09530333884457134,7.419645305227726,7.431822539546159,0.751218864259259,0.9657790048172243,4.604097332267565
2024-10-04,484.8334085865813,485.26109308641827,479.8005728037589,484.7041015625,30686600,19.209999084472656,60.09921934170406,4.567944857832572,4.329198543115591,0.23874631471698127,0.18866584379252235,0.08041208353120965,7.336544982818345,8.61047160552332,0.9375327477763592,0.9680343497554307,8.762137469733577
2024-10-07,482.78446340912143,483.958121938575,478.2887071345021,479.5121154785156,24975100,22.639999389648438,54.213645438836124,4.202479051855391,4.303854644863551,-0.1013755930081599,0.18921477903787282,0.06579211885743413,7.270748514616885,7.357447657012722,0.7724833112569467,0.968096165340431,6.231023537861247
2024-10-08,482.0583244159472,487.3596993525453,481.25267496493757,486.67340087890625,28272000,21.420000076293945,60.028192845971276,4.439524574247969,4.3309886307404355,0.10853594350753326,0.19139900378050417,0.0538868302057623,7.3119510402892285,8.853921264500169,0.8763655627266896,0.9684257482839375,6.830227287936919
2024-10-09,486.3750602662613,491.0796806722642,485.33070878142695,490.5027770996094,24995000,20.860000610351562,62.752164750021976,4.880128433338143,4.440816591259977,0.4393118420781663,0.19234158418840355,0.05216357357125288,7.20030967247123,9.603942252252889,0.8163469267044896,0.9706018871362461,5.382406375294013
2024-10-10,488.2151203073797,491.8156832689234,486.90219879044656,489.9457702636719,25750400,20.93000030517578,62.089363648464,5.1252832940509165,4.577709931818165,0.5475733622327512,0.1887758619116841,0.05194906172331711,7.036965015757345,9.3747290995101,0.8611528768413337,0.9718414720779285,4.239503292906344
2024-10-11,488.1056780098677,491.73610894443993,487.53876086190434,490.71160888671875,20644500,20.459999084472656,62.673127946410425,5.320040943524191,4.72617613415937,0.5938648093648204,0.18855467488256875,0.0523324253610217,6.834135234812934,9.443067177139824,0.7003150561206966,0.9719228643822505,3.936811718234412
2024-10-14,493.1087129085002,496.1522845063359,492.6014712113681,494.8294372558594,26060100,19.700000762939453,65.72889486690339,5.740489331464403,4.929038773620377,0.8114505578440259,0.18716311707467714,0.05272429343529221,6.7346024051560915,10.254128431510209,0.8788470488253981,0.9716631467017348,5.274088975222635
2024-10-15,495.1576612241944,495.8240780548679,486.05678401670787,488.21514892578125,34784500,20.639999389648438,57.57554218918683,5.4768462434744265,5.038600267591187,0.4382459758832393,0.16740825755157052,0.04783311651768792,6.951223236084947,8.682449566729552,1.1638436736566882,0.9715770094311473,3.8120804045170154
2024-10-16,488.54335051027755,489.0506225559772,484.95274347162825,488.2748107910156,22996800,19.579999923706055,57.62660110478008,5.212633417421387,5.073406897557228,0.13922651986415868,0.16692470886722657,0.03845407464453116,6.747412939532376,8.595760831333177,0.7918467005612736,0.9704429111882994,4.276229027248335
2024-10-17,493.77514948668596,493.82486894890553,488.5533310956286,488.6130065917969,27210700,19.110000610351562,57.935648827749596,4.973204419095566,5.053366401864896,-0.0801619827693294,0.16694238952899693,0.038050100861211036,6.661887597986485,8.562436568676501,0.980092672383907,0.9673210350313889,1.7751519536047589
2024-10-18,491.40790156825085,492.90980565670185,490.65197150724066,491.8157043457031,25335000,18.030000686645508,60.847843246331834,4.984428763521123,5.039578874196142,-0.05515011067501874,0.1428298008980333,0.038143583175963704,6.492952702766378,9.156002104010568,0.9279791482151373,0.9672509959629639,2.6375984210596615
2024-10-21,490.6022552281417,493.5662696437468,488.6726666363485,492.7606201171875,30336500,18.3700008392334,61.69054513791799,5.0117980548729975,5.034022710331513,-0.022224655458515485,0.13997760042804286,0.038757328506900335,6.378713438811517,9.2441213210946,1.100107756998992,0.9669343025637572,2.562933160730707
2024-10-22,490.0850569058557,494.7797213575166,489.32912684084965,493.2976989746094,26685800,18.200000762939453,62.188705836839205,5.018970621568428,5.031012292578896,-0.012041671010467603,0.13879003469591644,0.040039812912259984,6.312419230086907,9.241641930084313,0.9664357877265791,0.9668128824718923,2.1818512371053256
2024-10-23,490.9404314380169,491.596892235502,482.4462652056482,485.7384948730469,39346600,19.239999771118164,51.949474654018154,4.364380474876725,4.897685929038461,-0.5333054541617361,0.13616847218439582,0.03951175976472651,6.63663455429221,7.466860082648326,1.3926802048531755,0.9686297193120652,0.522827769162304
2024-10-24,489.46835151368117,490.35358858620776,486.8127010036224,489.67724609375,22024900,19.079999923706055,56.0133799948456,4.115990793794026,4.741346901989575,-0.6253561081955485,0.13534528640917268,0.0397979993731389,6.492238779925687,8.233112600499664,0.7936138745594342,0.9677548575594297,0.5822656457251218
2024-10-25,492.4821368426961,497.59452988954064,491.7759262195307,492.6611633300781,38762100,20.329999923706055,58.85261040278116,4.112510899618144,4.615579701515289,-0.503068801897145,0.13574442717711108,0.0405423335471337,6.594027709630327,8.7867242273737,1.3577766595915015,0.9643014822115996,1.76066170598137
2024-10-28,495.7842943698639,495.8439698659142,492.4423451759984,492.74072265625,20477800,19.799999237060547,58.92873187254017,4.069264878637966,4.506316736939825,-0.43705185830185833,0.13466722690456392,0.04134494869949716,6.365998922507858,8.69947267874165,0.7298368917298245,0.96094927888427,1.5018393840736666
2024-10-29,493.0589900594559,498.6587732328474,491.19903302397995,497.47515869140625,28014100,19.34000015258789,63.28191323122355,4.366685088610268,4.478390407273913,-0.11170531866364541,0.13659213304110027,0.040843750551484495,6.444123300104972,9.632806385681997,1.0253317978177647,0.9597507808935649,3.925026275689003
2024-10-30,496.7093062383675,497.66414449235685,493.2280941179006,493.7154541015625,29756000,20.350000381469727,58.022522835022855,4.2500243731468,4.432717200448491,-0.18269282730169056,0.13818479558836558,0.037547731121874914,6.300689519701494,8.698671000727447,1.0772344442057107,0.9601279688233659,2.9940796796998237
2024-10-31,489.73692610636607,489.7866455665972,481.1532467902301,481.2527160644531,41245200,23.15999984741211,44.7467047289003,3.116011668633746,4.169376094085542,-1.0533644254517958,0.14114116314087818,0.035596577397279,6.747940790532271,5.863950435207247,1.4513766546079885,0.962356121585591,0.4692778703100142
2024-11-01,482.89384405538004,488.1156621424876,482.5954665919066,484.8134765625,33655800,21.8799991607666,48.38075017708823,2.4760793425074894,3.830716743769931,-1.3546374012624418,0.14255089441087893,0.035545911047428956,6.756155453925287,6.558382890913911,1.1781585002964141,0.9583125080181866,0.02256531348661106
2024-11-04,484.2067725635964,486.75302813437827,481.6505609593022,483.401123046875,23291600,21.979999542236328,47.0586718930542,1.833824056204719,3.431338206256889,-1.5975141500521701,0.14270940086834616,0.03236093262393997,6.638034862578914,6.170618095439117,0.817757854272149,0.9583532894911932,0.8110342664602754
2024-11-05,484.9925270030404,490.2342574158692,484.90301375957563,489.5678405761719,24353600,20.489999771118164,53.08670752919334,1.801666195413361,3.1054038040881835,-1.3037376086748225,0.14671786355872724,0.03180798198541593,6.651970541608577,7.440188835759722,0.860966508580994,0.9581747178576442,0.594739653335985
2024-11-06,497.87301638729133,503.6916199489961,496.9181781185984,502.8660583496094,43082200,16.270000457763672,62.89757382473119,2.8167659707893904,3.047676237428425,-0.23091026663903458,0.16582877892380118,0.03915460664333461,7.1856711724096956,10.257616426314478,1.4758873627945328,0.9560658180391398,2.5205323654037715
2024-11-07,505.67090198917174,511.56909280939686,505.61122649755987,510.7832946777344,32853100,15.199999809265137,67.28422862169319,4.21154657344681,3.280450304632102,0.9310962688147084,0.17013311299788117,0.05290481081618887,7.294054264365252,11.884295162317901,1.1119363822561175,0.9559255338306786,4.253026697801365
2024-11-08,510.2859648423034,512.1558778054664,509.65934184360947,511.3800964355469,22924500,14.9399995803833,67.59524343981607,5.303936683577092,3.6851475804211002,1.6187891031559918,0.16876619221504793,0.06320888721543268,6.951374385614657,11.905764732623043,0.7729136817808724,0.951606220235698,4.211941836004018
2024-11-11,512.6035426608158,512.8124372573974,508.177448009592,511.081787109375,24167500,14.970000267028809,67.25109587319274,6.0755574027188,4.1632295448806405,1.91232785783816,0.16889542602483992,0.07095402481952184,6.785918304342566,11.728797523430675,0.8174302131745025,0.9516102812226336,3.2844347223247583
2024-11-12,511.01210691191994,511.8972832625985,507.0932240126998,510.15667724609375,25835300,14.710000038146973,66.12670677827649,6.537068490984325,4.637997334101378,1.8990711568829468,0.16263962401267273,0.07581865134764507,6.64435694331086,11.421648878250004,0.8872696401216371,0.9501718006597175,4.494233406847448
2024-11-13,509.64949375077566,512.2156007658452,507.21263305307264,509.5002746582031,24567400,14.020000457763672,65.29255974222119,6.77179214582236,5.064756296445575,1.7070358493767852,0.16293752666476044,0.07901068140775079,6.52711485541527,11.171082580568951,0.8414563702197043,0.9499985174117647,4.347032326488809
2024-11-14,509.1620975260134,510.0373482348618,505.04430625976136,505.9593811035156,28679500,14.3100004196167,60.834528260142584,6.5960565816226335,5.371016353480987,1.2250402281416468,0.16485493191947448,0.0797156819252272,6.417538221107067,10.28655903359069,0.9798349659930183,0.950027364330661,3.5501254116656167
2024-11-15,500.2402199212759,500.6281106168657,491.8355673896348,493.9044189453125,51461100,16.139999389648438,48.65468353837335,5.421553883870274,5.381123859558845,0.04043002431142906,0.17797926122274013,0.07938169836558205,6.967986470590909,7.569664809107063,1.683053686171815,0.951304774589051,0.4246945717986339
2024-11-18,495.4560681908618,499.4445524267209,494.0635893908615,497.3359069824219,27080800,15.579999923706055,51.62378355097541,4.71331231014284,5.247561549675644,-0.5342492395328042,0.1754924165849935,0.07902632777930364,6.865996971363588,8.231615151551196,0.8904278382658608,0.9514089864444006,0.9285009147334655
2024-11-19,494.7498603755775,501.24480608965695,494.4116587859232,500.7574157714844,24523000,16.350000381469727,54.45200315267422,4.37765009953921,5.0735792596483575,-0.6959291601091477,0.17155356916090952,0.07895959510677383,6.863650566532887,8.885645269173185,0.8092035978756714,0.9531760349967275,1.5122139860739514
2024-11-20,500.4590686244457,500.77735816706814,493.8944909882249,500.4690246582031,29565500,17.15999984741211,54.164564359584205,4.041773576787023,4.867218123076091,-0.8254445462890683,0.1703607441362992,0.0760803048843437,6.865023181697913,8.731905981094751,0.9915968077595791,0.9532531805275646,3.032604979971021
2024-11-21,503.52247221710746,504.2386084403243,494.88907411493005,502.2692565917969,34526700,16.8700008392334,55.735360139517674,3.8761706026463116,4.669008618990135,-0.7928380163438238,0.1704633970860681,0.07473869673808772,7.042488263390508,9.034845114196962,1.1342117936450475,0.9521624936412116,2.5714918547871557
2024-11-22,501.7123101251142,503.8109691728965,500.08109899945873,503.074951171875,23826600,15.239999771118164,56.45462209693962,3.766523730688732,4.488511641329855,-0.7219879106411229,0.17046485730818436,0.0742128903485716,6.805872685536739,9.121554884677737,0.8023946630951697,0.9518533195003979,2.1137829845174316
2024-11-25,507.1628348574178,508.7045326214257,501.5531263369306,503.87060546875,26375200,14.600000381469727,57.19434649128806,3.701165712459158,4.331042455555716,-0.629876743096558,0.16899550089478335,0.07360022176497998,6.830553656890909,9.210000019148815,0.8794889232753019,0.9505874293976766,2.2587706476747904
2024-11-26,505.3526414489566,507.40161140893434,504.50722848471355,506.5760498046875,26557100,14.100000381469727,59.70114516260477,3.823599682668032,4.229553900978179,-0.4059542183101472,0.16413792845128916,0.07436625575508077,6.594871677126155,9.70669679313256,0.8877108647986713,0.9428939600658669,1.8294161938097409
2024-11-27,505.44217436804354,505.5117755416059,499.2356498317086,502.5875549316406,24957400,14.100000381469727,54.62253053846248,3.5577794166607077,4.0951990041146855,-0.5374195874539778,0.1662516176592344,0.07345414443412963,6.648123698258494,8.75087301073304,0.8409831969485574,0.9425720157334481,1.7970069108375508
2024-11-29,503.21417752443887,507.60050843550283,502.59751052014724,507.00372314453125,15334000,13.510000228881836,58.80146554840024,3.6612581036758343,4.008410824026916,-0.34715272035108136,0.16776280726326556,0.06486210794483423,6.531325827230188,9.613992643809247,0.5402930386797175,0.9447139437954806,5.350828415195763
2024-12-02,508.26693218686097,513.4887504350102,507.8790111186217,512.52392578125,25147200,13.34000015258789,63.34554770319734,4.14096545507914,4.034921750237361,0.10604370484177927,0.16940727739182576,0.059182938490656575,6.528018788890812,10.709076264022233,0.8995450442337483,0.9313601902281026,5.7156928506251425
2024-12-03,511.1910897278422,514.3739240276802,510.6141862135398,514.0953979492188,18597900,13.300000190734863,64.54445320109761,4.594973661685117,4.146932132526913,0.4480415291582043,0.16946855974051644,0.0496502811373902,6.330284433551498,10.943465104117378,0.6709010352522548,0.9296489551780237,6.3496490676062
2024-12-04,517.5269512439784,520.7097859190565,516.8107846060128,520.451171875,26086200,13.449999809265137,68.96571642759298,5.405327029468083,4.398611111915146,1.0067159175529365,0.1723740369580913,0.0484147066614498,6.350577543286227,12.197322806259832,0.9381024698093062,0.9298643709607296,6.30828431509749
2024-12-05,520.5008591030347,521.226921022137,518.6209900907503,519.0089111328125,18169600,13.539999961853027,66.92624024762803,5.863567961779097,4.691602481887937,1.1719654798911598,0.16519969340913299,0.052521178481372756,6.083102785293407,11.768935291024901,0.6840505417935093,0.9318379583729378,3.210169490496817
2024-12-06,519.6753413729017,523.8925716110627,519.5460343479797,523.6538696289062,23762600,12.770000457763672,70.0029509185989,6.526305347616869,5.058543055033724,1.4677622925831457,0.1654759935185375,0.05942023924860174,5.997428334790325,12.66028306193788,0.9101914391229564,0.9273348860941681,2.519772100082518
2024-12-09,522.7288331270506,523.5245265819977,518.422059588154,519.5758666992188,20674400,14.1899995803833,64.34369340949749,6.6458594150917065,5.376006327045321,1.2698530880463856,0.16758157312708502,0.062493068246138296,5.942741313787609,11.678401479120057,0.7953298262149088,0.9289665561910814,1.602676819218929
2024-12-10,520.8092281333355,522.5597902510734,516.3731473444096,517.805419921875,24350000,14.180000305175781,62.00023906110267,6.522558620589052,5.605316785754067,0.9172418348349849,0.16820815159845864,0.06444580455325123,5.960162856135908,11.195722462588616,0.9363989020867083,0.9328292691071048,1.3155688545522626
2024-12-11,522.1818663890722,527.7617380486803,521.7740939285375,527.075439453125,32168600,13.579999923706055,68.47455877462555,7.091113019177158,5.902476032438686,1.188636986738472,0.17323516187019414,0.07174777703436991,6.245602518326578,13.072648240682605,1.2221861709524198,0.9306054464207256,3.3163855265722297
2024-12-12,524.8474256077255,526.1205837537462,523.1963631388469,523.6737670898438,23577500,13.920000076293945,64.15499147444996,7.184392738160454,6.15885937358304,1.0255333645774147,0.17273560823068557,0.07570447353033988,6.076564932323116,12.231412518342024,0.8974709609001088,0.9310229930649552,2.7818419609584755
2024-12-13,527.6124973833525,530.307911172932,524.4694263576389,527.68212890625,28780400,13.8100004196167,66.81176353955834,7.495357076129494,6.426158914092331,1.0691981620371633,0.15277330920958296,0.08081306354188736,6.116392014520626,12.977975555273694,1.095307559077473,0.9180843603367109,4.293377811348464
2024-12-16,530.2184846535105,536.2559086463527,530.1388970892364,535.2811279296875,31979900,14.6899995803833,71.1737814007336,8.259760886081722,6.7928793084902095,1.4668815775915123,0.15579553280790037,0.0841339897899289,6.291919709205062,14.489765644797714,1.263926254138502,0.9131372770714952,8.377472927399833
2024-12-17,533.4808196320281,534.5948026460842,531.2628096373928,532.923828125,28579100,15.869999885559082,68.18011034423844,8.576477722723553,7.1495989913368785,1.4268787313866742,0.1563753353165578,0.08511589277351267,6.129519607997177,13.87208567896638,1.1261836284864077,0.9138741810358957,7.155711188944158
2024-12-18,532.2774136203708,533.9981077949216,512.2455077654021,513.6976318359375,54703200,27.6200008392334,49.78675088448908,7.193166392500984,7.158312471569699,0.03485392093128503,0.19094925188018033,0.0812082319235882,7.2454539238202,9.66803647122827,2.0346385315306823,0.9319833800964961,2.5841286932350327
2024-12-19,518.3922480893227,518.9591956072048,511.07177122977293,511.409912109375,46441800,24.09000015258789,48.123141144574554,5.844905897557965,6.895631156767353,-1.050725259209388,0.1756514166958617,0.07696716529457187,7.2913089562210365,9.09014275939188,1.6747993221725244,0.9316056762513293,2.1861267954882857
2024-12-20,507.6999477619047,522.0027604194175,506.5561270613736,515.8757934570312,60530000,18.360000610351562,51.52813583153851,5.0782204788538365,6.53214902118465,-1.4539285423308135,0.17153295492698897,0.07279350715396536,7.8738321277798144,9.955139213480328,2.0850890640988347,0.9281599482757551,2.7090124841729457
2024-12-23,517.5943450139422,521.2804299717675,514.1872352921986,520.90185546875,29672800,16.780000686645508,55.099996332080345,4.82060898104487,6.189841013156694,-1.3692320321118236,0.17365901556184946,0.06864053057522795,7.818072310050463,10.924603902949134,1.0119552578596898,0.9294706368145306,3.543588138377518
2024-12-24,522.854514827797,528.0548371426894,522.2169092458087,527.9652099609375,17558200,14.270000457763672,59.60504735174359,5.127299374092104,5.977332685343776,-0.8500333112516723,0.17756340710167554,0.06585143819022778,7.77056583604253,12.31536297895687,0.6079415485297714,0.9315329707199955,4.781903177259639
2024-12-26,526.3313560192331,529.2403478108545,524.3289121388443,527.6065063476562,19090500,14.729999542236328,59.279758488585955,5.280538574718321,5.837973863218685,-0.557435288500364,0.1774300795753431,0.06338320640798858,7.56634225289736,12.133823753622094,0.6696526053241425,0.9295949740829322,4.151490492114096
2024-12-27,524.0300435156842,524.4683897338862,515.9106967940162,520.593017578125,33839600,15.949999809265137,53.169850950139775,4.780940114109853,5.626567113396919,-0.8456269992870658,0.1822294584583926,0.0553062497782553,7.861304202950409,10.543855332113793,1.168810288000815,0.9319392722573535,3.5825524268967124
2024-12-30,513.5695901830321,517.4050741628361,509.90341888184463,513.669189453125,34584000,17.399999618530273,47.91896595680094,3.782705001221643,5.257794690961864,-1.475089689740221,0.1854713881804236,0.0513045100844564,8.063325238188265,8.982495403851917,1.1560881072583942,0.9340744958300143,1.3146779805192077
